{"safety": {"tir": {"low": 0.6605633802816901, "high": 0.976056338028169}, "lub": 68.16479893168976, "hlb": 390.94591810599616}, "realism": {"carbs_high": 516, "carbs_low": 300, "low_distance": 0, "high_distance": 66.59999999999997}}