{"tir": {"lb": 0.11816838995568685, "ub": 0.5480059084194978}}