{"tir": {"lb": 0.1557614360162131, "ub": 0.4528083381586566}}