{"tir": {"lb": 0.15300261096605744, "ub": 0.42193211488250654}}