{"safety": {"tir": {"low": 0.8194748358862144, "high": 0.8938730853391685}, "lub": 100.0, "hlb": 334.95178705939804}, "realism": {"carbs_high": 250, "carbs_low": 166, "low_distance": 58.70000000000002, "high_distance": 0}}