{"tir": {"low": 0.2978959025470653, "high": 0.7619047619047619}, "lub": 108.0279481800174, "hlb": 427.1192116566474}