{"safety": {"tir": {"low": 0.6683725690890481, "high": 0.7482088024564995}, "lub": 124.24646662223674, "hlb": 451.7234632352265}, "realism": {"carbs_high": 250, "carbs_low": 166, "low_distance": 58.70000000000002, "high_distance": 0}}