{"tir": {"low": 0.401413982717989, "high": 0.5161036920659858}, "lub": 100.0, "hlb": 398.0862305934581}