{"safety": {"tir": {"low": 0.48040033361134277, "high": 0.8323603002502085}, "lub": 79.5792594747667, "hlb": 396.91145221554154}, "realism": {"carbs_high": 333, "carbs_low": 201, "low_distance": 23.700000000000017, "high_distance": 0}}