{"safety": {"tir": {"low": 0.3073089700996678, "high": 0.7890365448504983}, "lub": 100.0, "hlb": 270.0421739181129}, "realism": {"carbs_high": 166, "carbs_low": 99, "low_distance": 125.70000000000002, "high_distance": 0}}