{"safety": {"tir": {"low": 0.7159817351598173, "high": 0.919634703196347}, "lub": 113.89853979471154, "hlb": 269.76325622480545}, "realism": {"carbs_high": 232, "carbs_low": 132, "low_distance": 92.70000000000002, "high_distance": 0}}