{"safety": {"tir": {"low": 0.3104166666666667, "high": 0.8229166666666666}, "lub": 96.60623713941223, "hlb": 283.71098213773905}, "realism": {"carbs_high": 100, "carbs_low": 66, "low_distance": 158.70000000000002, "high_distance": 0}}