{"safety": {"tir": {"low": 0.7797619047619048, "high": 0.8523809523809524}, "lub": 105.6560113837563, "hlb": 382.51401728993415}, "realism": {"carbs_high": 183, "carbs_low": 101, "low_distance": 123.70000000000002, "high_distance": 0}}