{"tir": {"low": 0.7096273291925466, "high": 0.8734472049689441}, "lub": 91.4342692045717, "hlb": 300.0}