{"tir": {"low": 0.075, "high": 1.0}, "lub": 149.45464098576886, "hlb": 225.21196296934468}