{"tir": {"lb": 0.34492223238792313, "ub": 0.46294602012808783}}