{"safety": {"tir": {"low": 0.6104166666666667, "high": 0.7041666666666667}, "lub": 103.08676099410144, "hlb": 404.0931814067743}, "realism": {"carbs_high": 150, "carbs_low": 100, "low_distance": 124.70000000000002, "high_distance": 0}}