{"safety": {"tir": {"low": 0.8889802631578947, "high": 1.0}, "lub": 127.83053067238285, "hlb": 196.84375116696555}, "realism": {"carbs_high": 132, "carbs_low": 4, "low_distance": 220.70000000000002, "high_distance": 0}}