{"safety": {"tir": {"low": 0.7187085360459974, "high": 0.9314462627156126}, "lub": 77.74477413279126, "hlb": 251.6140516642659}, "realism": {"carbs_high": 532, "carbs_low": 330, "low_distance": 0, "high_distance": 82.59999999999997}}