{"tir": {"low": 0.22916666666666666, "high": 0.90625}, "lub": 176.93247560076944, "hlb": 250.0}