{"safety": {"tir": {"low": 0.5479166666666667, "high": 0.7854166666666667}, "lub": 111.27833363432623, "hlb": 299.61219019943496}, "realism": {"carbs_high": 100, "carbs_low": 66, "low_distance": 158.70000000000002, "high_distance": 0}}