{"tir": {"lb": 0.22252747252747251, "ub": 0.27289377289377287}}