{"safety": {"tir": {"low": 0.27123287671232876, "high": 0.8}, "lub": 81.30550122095987, "hlb": 440.2801395214483}, "realism": {"carbs_high": 565, "carbs_low": 333, "low_distance": 0, "high_distance": 115.59999999999997}}