{"safety": {"tir": {"low": 0.37158908507223115, "high": 0.8715890850722311}, "lub": 86.32227723046879, "hlb": 351.9556369842312}, "realism": {"carbs_high": 383, "carbs_low": 233, "low_distance": 0, "high_distance": 0}}