{"tir": {"low": 0.3196415235250187, "high": 0.513816280806572}, "lub": 172.60522954484486, "hlb": 390.4689234806591}