{"safety": {"tir": {"low": 0.646095717884131, "high": 1.0}, "lub": 143.0619338986327, "hlb": 242.27292205899636}, "realism": {"carbs_high": 99, "carbs_low": 34, "low_distance": 190.70000000000002, "high_distance": 0}}