{"tir": {"lb": 0.11833105335157319, "ub": 0.49179206566347466}}