{"tir": {"low": 0.37833333333333335, "high": 0.6966666666666667}, "lub": 154.14664817444827, "hlb": 363.25767948847545}