{"tir": {"lb": 0.3368083400160385, "ub": 0.644747393744988}}