{"tir": {"low": 0.38063806380638066, "high": 0.5071507150715071}, "lub": 100.0, "hlb": 396.1918498499353}