{"safety": {"tir": {"low": 0.7063440156965337, "high": 0.9306736429038587}, "lub": 95.46676577260082, "hlb": 255.58379387763625}, "realism": {"carbs_high": 232, "carbs_low": 101, "low_distance": 123.70000000000002, "high_distance": 0}}