{"safety": {"tir": {"low": 0.7129337539432177, "high": 0.943217665615142}, "lub": 111.79594506567464, "hlb": 263.0627076384206}, "realism": {"carbs_high": 132, "carbs_low": 66, "low_distance": 158.70000000000002, "high_distance": 0}}