{"safety": {"tir": {"low": 0.8084008843036109, "high": 0.9373618275607959}, "lub": 119.57269981170502, "hlb": 286.60797324973646}, "realism": {"carbs_high": 199, "carbs_low": 100, "low_distance": 124.70000000000002, "high_distance": 0}}