{"tir": {"lb": 0.60625, "ub": 0.6833333333333333}}