{"safety": {"tir": {"low": 0.2905982905982906, "high": 0.9235267656320288}, "lub": 108.54516136646389, "hlb": 424.0295811689433}, "realism": {"carbs_high": 599, "carbs_low": 366, "low_distance": 0, "high_distance": 149.59999999999997}}