{"safety": {"tir": {"low": 0.5390374331550802, "high": 0.7925133689839572}, "lub": 81.23401110131958, "hlb": 360.884000369308}, "realism": {"carbs_high": 300, "carbs_low": 200, "low_distance": 24.700000000000017, "high_distance": 0}}