{"safety": {"tir": {"low": 0.0, "high": 0.9270833333333334}, "lub": 162.32093760712146, "hlb": 250.0}, "realism": {"carbs_high": 33, "carbs_low": 1, "low_distance": 223.70000000000002, "high_distance": 0}}