{"safety": {"tir": {"low": 0.577124868835257, "high": 0.8835257082896117}, "lub": 99.88984824320063, "hlb": 379.9170554279427}, "realism": {"carbs_high": 183, "carbs_low": 101, "low_distance": 123.70000000000002, "high_distance": 0}}