{"safety": {"tir": {"low": 0.525, "high": 1.0}, "lub": 99.99999999862013, "hlb": 235.2785038488915}, "realism": {"carbs_high": 66, "carbs_low": 33, "low_distance": 191.70000000000002, "high_distance": 0}}