{"tir": {"low": 0.26688815060908083, "high": 0.5049833887043189}, "lub": 167.11092952904733, "hlb": 429.13898639429647}