{"safety": {"tir": {"low": 0.26889714993804215, "high": 0.5985130111524164}, "lub": 65.61642061605944, "hlb": 349.835426713283}, "realism": {"carbs_high": 350, "carbs_low": 232, "low_distance": 0, "high_distance": 0}}