{"safety": {"tir": {"low": 0.0, "high": 1.0}, "lub": 192.79033092328476, "hlb": 399.55970648290025}, "realism": {"carbs_high": 150, "carbs_low": 100, "low_distance": 124.70000000000002, "high_distance": 0}}