{"tir": {"low": 0.25, "high": 0.7406914893617021}, "lub": 63.08195372053044, "hlb": 340.64087227188844}