626752643824406827
1544099522227050818
280687336043566231
1702576395329942319
66847034502698883
875329728019455342
2265394557512737633
1911516906149464470
1328739103643696998
1254790923774394883
1379559483855808818
1884481194915168278
687993238096602161
739808759387371840
119997044357816393
38252784810127511
399531508941836031
482893758871061961
617968582689612584
1673001022277485918
914062310458130397
1150698508828399978
719137490107696264
82855780242422547
2297686133427583150
807008118045815136
2129341129077367776
1853627723025873610
377231142747390190
2015197952770326453
2130055083589751737
429451450407837234
482883942995037169
836453343220677506
1149154193301134924
1274608090259176304
537339888662526578
1756223028168542601
1257466006651262204
1231827997405788311
547000394321572015
517165923436267617
321906378334029537
470688079258963820
979768083487389422
2135652744721178099
392172372471833370
1151635195734558171
2196847706199204759
1181747278264798444
2066695236792932561
867368649323214593
2175961202062098244
586362071472035794
1616525805542304652
1460914974184727631
987174852927913068
1304024939490872558
2269196286038065652
1953052525947033540
1872876502236845605
1518423443229662342
183515341095585570
586807101002818453
497829149226154994
570071899907016637
484652183850074849
1009359737578797351
1652988120617915318
100924194895340939
910888407270952211
1384684166871150459
451181273460825073
2168939286367207857
1379507080305237050
1514491407197984557
2062004728333035583
2087417799242367567
446026317939681301
2069584474959150812
951729040808175467
629653180711567837
504193539162068103
495290371676458536
239074026250547802
76060267592094221
687286454107539966
1936575784690683258
2288146098625628773
2330259840136789
1988132036277118707
1792065741210236356
1718141655869662992
249556803752309178
280390989103285202
1464160480205722217
517589031749079334
2295198182626761490
745556934166831672
1773152661711425089
1647980218979591210
1499547887180818662
504808584850076372
1188292345004840505
1402821707822196787
1419825143224891058
1136596327772027915
1210968589288490830
224884880110714378
1714477268370024773
1979608461725760846
189199520133353666
2055020439902142894
1607729139066739119
25005087245106148
591244992581122450
2302870251472148553
1290192182962640010
201071868696282729
1260992730624539537
956313359648510159
1077833535722740353
1972996699223284848
1473610240256227262
659065439181053131
2170936722503613777
1516952600502943992
101513932679422157
1037254599815561203
2043919631919084532
1715437125711953933
671510832923927603
649176840084845909
1153427864970931566
398167813233593828
737897327702262061
1916077082858938789
958152907311712314
1703923554560166121
1362534308610672066
1865083076864675290
2297575597932658126
1020159562713852605
26136182761173226
44659317703792259
822437583121968030
1754807924901041897
1087138215170598258
991516610750521380
1703497389616682356
302617654444323515
435147781878242864
1410875209403420354
1031836190175885698
64823812078064121
709834720918502440
1779067470234873706
2240129150428957327
52101403328169230
1687280282712490653
1794735317190864246
34995949616823330
174103633014535919
1551386183232927229
1846984499143815943
2164036490757413974
1433692747288686366
1087669979103073505
1737824645995216971
1065909306033209973
339320429377145618
1989785718191280811
1401013860246188856
2176691363746783267
635729250821303885
969182940586861449
1220055392129197589
312617882455622033
1846639135494824763
1469349935125311861
1796220032081080390
1197318081017323243
54603386138817141
2052622368362058530
420604303685342931
245394668803557564
1968687099804929403
1513082294975798528
426784327599537394
1467541481664936690
1904001662014746139
1395264504070771263
608611830455391950
1834659267497482258
153339062672318923
386859211484586534
801862527613199159
1884620411958326807
1092389193137167876
2226016619586408024
969921021405514859
384632727059673044
1252324353761341919
1695734553026527354
1857790507956441284
1908937400052825299
1999256633209653515
712981298762856133
610571583965522590
917081858510645788
2055290398912362684
1276880158381459907
1197495247818007039
91176837453392982
1488852151032272435
624059043659149080
1018394212487383837
2253630461447252030
310348865292248658
1237396190938402979
1311463313208456472
167007331252300749
897132469050298922
2023716727712076225
1509478272206969629
330873907194802485
1971628554789809745
642736675034855204
1528130938528726346
1717575242308593261
1402987411414434349
187910852053289181
749566816202831530
773452011418137370
776113271559646609
1547296218471281894
2153921232164784597
1818334386889669981
1865949135510166456
2045442634302755099
717501985105759840
905107181359803021
815563011994493122
576970367358737989
1951623525957340481
116035687261729668
109255959144568502
247799119735220847
1279493231171734486
343983273986962802
1993327964769602513
1961163927673904249
942614237101246526
1450710071553557786
2173614481835332693
251918656432495374
1600678186613828414
1207657041533717156
1125670062366465315
738664991969500631
1288091929435127815
384204890722659915
1932246753542345209
96482278085356585
714965750857353479
1321958235814330947
955995210319141239
1894893891784129673
705366753508069139
2013402494077121197
1806410038914296633
472292122588606747
602446640242987583
1125944781471150514
1323911305185735234
2168122927647628664
1044109891992835155
760225981243331567
1228185871447195780
1181897422773720843
1236672261915682177
176320278920274932
585819587757139165
1187500265516678658
84156001032642753
253712424945990451
774805587721215964
2170042104858709685
2079962394773378554
1552547035835160623
1855410297947461638
83246235741034931
1499587154877023514
1444127095627974090
974405103003014611
190952291562052968
5235633306932446
1083913516434241368
1796180652831234288
1720598407091700340
812521683915954883
943610519919378986
280744129687333821
423465175069862175
866523935588637546
100363116182556133
1595813965019969517
622003592248801572
1269812005133101567
1263488348155868405
1764987542601092065
457009123837053474
334262431267852457
777792277812416724
870427073731701537
561730287837656839
997218578282235966
84302809895642485
2161684966207890080
103710696379849033
1705387628170175177
1458683613948091444
1726649779376156938
853443203652328593
1690994896780260189
641662017695582883
505168847591961180
627010173887562915
560758763975364243
2264682920352120042
1592810485247748773
840315746227856797
746509351370616405
819475274615399495
1097699195335541716
267131077624591644
752671337967736328
680278647602481907
2086457565228350460
1565146285585070483
2182948884726794823
993681277501220058
1673246126904345325
504401378644462709
798698120752698745
241724153921487632
243130408362940875
1392318382385902881
859103572572651307
406344134080635608
2243030304705859953
1477120641788500083
79500832501628002
1955885865194821892
1276654898066240299
1638100535025229912
868751969937981222
1416059019596126008
780749311791198455
1912785243048706447
1370238580589117324
1551842296407366660
1505859250780221102
26498518022135494
547657292751452691
2027562968490269147
521025349080641387
1727785071884831949
1451426292042819042
1671101399380547795
1389319502141794272
1715458734926461900
260600356167879357
1640734073692200660
193218268815942078
1209423570290536911
285885358727376008
2012547507656191248
1756631318476981640
402996795432408687
1461387869985150311
2163995300045400696
543925694886696747
2187677703521302880
1321001528185357646
1123687134816509070
2209574687153309931
1304777272880454499
1119346237636734589
133688132464641461
1194593790277740797
514664412334934961
1501997402039134730
1149519408705009435
1627874525681427594
87938471461027027
356772930701716063
1148206585774702595
1178740534090740200
1763236587803878109
912751813422820182
1588281453922199849
1844760302773777341
2133419419381444585
1327083446836406017
2263175976935849366
2226942469280976635
1715605739637391389
2075190672519389626
1115092645944031916
2033693600120659432
1493757567099744157
236991298255635734
1719697477044002231
184759374943565851
2150260753551593425
1525692046402509402
1073055557322848180
891070236856499846
752525609686191652
844841507361481659
1119741379362891333
197671014225125265
2264883313414837025
1695700732001481822
141371662821189389
1388233910553939136
883648574861667274
71388947602295337
434401511355937011
1591613834483100557
1830118471812044409
2243065481189664817
1863970974578685800
1446383732796207171
215198616277136489
1647495299344292606
2255289905309272980
1348628925889199338
844096605728615529
1562157261074995404
225871088178954183
797356916713757520
192894268311089166
1352101882446972
2195596353776521583
869224350435496421
348145449674446673
1647899646279803850
570785525513060417
477421523364786318
1822637149303593223
2250297876695704760
1718240099287156367
1409394797967442709
1937923189912486003
124301978342006728
1915876815470536110
1474397036771828789
470592046682718389
1274991680775171129
1592887755568650635
1570266388154265906
1731530102377311613
1674405019823094619
614490735976355644
2172256089157506791
1788142825460319012
1999036251961862645
2068295529829709085
2246663029787903270
1530703933946740937
1393092681452394040
1499960562291686277
795447131280674253
1292238591106796931
498137408688487986
1998848087858596019
1771608712499042792
2048766637167902834
2016032958103357312
11620548922667891
1248842483174850337
1895638972095365897
275163182433718264
658012770733212091
660749994868688211
2234556407037684831
2001925775024457464
333858323181294867
534943736797741386
1865008875041820079
1934954298481273786
608861528171136805
1578894087365265599
503457147466898848
1322945964609546595
1862193458276333992
1081643041058672969
868050068202046673
671170023358792575
1779514473933514102
453897718931225391
545982383591161875
225918689659259021
52508961022355819
1822752051170020678
142020458664251109
1687559493585649644
1475985069908783022
2153754395130928010
917918623873434431
2242894963287440297
1754847873709326358
2033970237356526153
1666253401371561865
1679895749959241884
1504359367707007091
416871322900484327
1243355719392587824
1274101983077739010
1487255810152246767
2036794925415327186
663380974516276268
1682653456555759861
1991704797856434631
912824596955376067
863573123192198751
1938517547349402478
514405840339923425
513068473413868626
1324811890249324580
760328826838463199
1191795029474019478
455764117540606699
720098647431897183
438355341727784138
258511009665795028
1002200487752970581
1213336158914744587
2048250653595976982
2048219612214467987
47407904508661003
2195776927575968338
1775873896946410193
1005322424622153535
1634481797253902686
1152865489759652028
1240834039654698677
1731798045017271983
1711147032792009421
609434138975930911
546257150499850398
1900594487953074266
1772844235120019817
1947208827520240828
404773233162634466
1621814107933118085
1608057014327804174
1527050556739221563
2213583184297784824
101030989967047506
1938384105537724707
2027336803678011682
1802232756537363864
156873483999487709
81102362958267370
1118411709447510066
456043346478231221
712611234577939412
964843682132643830
1513024762581368438
2154786844839002053
1539732139169680380
1995926364395958660
2068344265225677918
233893361434171949
887683956443057595
2102695350669912472
945191290152272419
725902919597452390
1959163820553821140
1070478805799168924
1378435524266372728
1612572707574031745
2027851266838161887
1433861447210003922
863842457283820460
432190485251503359
219167763563143958
1710564566024269941
506791111058203027
1381181556825016667
1546442762695116310
1362646297789041797
578905088962546048
1289160095723103843
1334395209468628814
309653457656590101
2062647801875679178
1640521007233166694
1684055954967267190
1891198600381293913
2281299324303466687
710811140330094472
975256376970021598
1543183081341559080
591332698973585326
880966818575806412
545321851400884918
1600717540922901071
379830338231171777
1805213111624035199
781014934776472965
1157953741913958223
2178993381431844705
1302905016322491021
320565497104578589
868581843789501441
519911012408481779
1658688960476816217
605194121036484610
942190261052329018
2291312543552339596
1772591309029383614
742846387729979851
941939934179701055
2206490794797740927
122285443441664564
1782667379600358937
927099459020522919
1823229639631493498
521002803328436467
2083145479479577805
352586525837276155
859481199421268979
1635226364558567703
943499587451890308
1077155710875771706
2195693207913710969
1031379306621357152
466009755844772422
840852064475124844
1964111139540711065
1373153946952301621
2084516102319439863
421458350581478220
1249595974115106030
438727679174541226
33873393898386650
395211474374484901
570649037675457590
1204775602194694887
2247253352689295679
1222497881998352535
1245607916918521596
657377108023423937
1253134432165380935
1056803210997986166
2273825289284209476
1818334401739381959
1812319359575710911
860367836588291554
1939307202223403743
77138665195297881
936130502953688517
202743460797657428
746264617412028263
1038421081531782803
1284630301629018608
1721485895970103046
1927031342055318337
550547743451286350
9623711922854889
1015644994650547753
423158766681080944
1231101561082634850
521632895045736584
1175421478189957538
1331922912192354353
972124612365345747
700394478027485619
1832545474669799371
360477992657366034
107580908570381152
509449485862112362
462202409164793044
1262011177844689057
372802389644717902
911586334619017078
2083469272013496033
789383856771149176
495038291695941430
407428794769091363
1497318702786172261
1842743299430451440
775712261518828337
1118849010899637153
813163228881932549
1789585214958006440
1739867940058484019
461370345989046215
1083222250441853893
853603054881520889
1130833951707513099
1139755500056367600
689439405470451756
1442470508541170903
1371719907328411172
1902528351704867587
2006107250856901929
2083698449600509858
1182481669418119562
687445495239136112
1386784694965294698
1565356926768361089
1837117154685849747
1843461138304399816
1212934480740403388
229571418738610705
180443822670369603
1563037402754928955
249938048477879776
468771090283614021
720860384916317467
1389124808668386027
35459362130440413
1238539084165746094
1633422566161601986
538805234749760622
300031958545217056
2007169693557629471
355377283215448846
104557360373678613
1486263918000136015
1904020093176774101
1549357837815560304
750729681990248249
306072329168952737
714777161561765546
705484085278076183
1759250414190271617
2045846451327247334
512220935713644279
1635538988198749803
308975507708235474
2187799204287807857
725563358667266022
1993780024633885443
918395979665140973
1846075264457687030
520183917971452037
1518048557736287511
2301227345926662345
2266082328906319841
2081885082399501302
778092144486739766
536141785375739139
1890937639506469644
1141069674760951595
1035952739176448378
1291700065134184673
208643242609263684
561904713208265821
617247323967976743
2020921305608136173
626675011720970691
1105795510283388792
624179914663871529
1568917750534280647
1363912615800010616
579590780009036944
221514757235921838
1747023685316692225
992422900483668044
684113949437671134
1156886092487154090
2289164391001440904
1278407435008831540
398448792834071755
1767513603625257475
580676332555805928
550411349993300957
723842038313799932
879979222318465029
1815858120363834405
1016558247213459970
2272554085718814187
1125424734487464510
1389589018700804526
1012795616772948965
757353705351945639
380768705528609036
1418400626779394720
1844344943960454841
1536575448289519307
1393739622269713434
1736802740782866033
1816578260619249126
1324523134096035813
1239338784752717357
1153987380896532117
1093918262331816393
771035107070647329
1555596274933868153
1151665431288358325
1438312877827683715
1307365168799127719
602703073141724005
754504342266531997
388454574728368921
139262993945946965
2103162315980973413
1989419057716016105
199031069010168410
143401302821496291
344678864210753996
776050991145592493
1238467379070340263
1726576226154394797
436111075193448413
140715644558210852
1028921968018200911
232492388681992219
1080768936503934808
670396498093555266
1522220157346419820
897225392829770322
1336968135906938921
320406676342206596
1705665096204672569
2243981259083155351
620423753589478404
1293030888845959162
799133180273843881
470346048019804744
2011566552018410024
1413860906558532221
1149848890300900792
1210529901085384499
2231220700881185397
1714767542398977740
1653048138203373480
1961008648094512927
1084715939823852105
1120655123400213972
1766394444892986547
1263687800216845593
392450474765036613
1830360723172699265
1617688877130451887
1845548408293919047
1007761392731594030
1611701385054721695
2149848750171173614
1214383500586372904
1677657513461601412
668315778950989117
857112880187071529
1155205428012022763
1335591008556004570
934738753023539892
1573780564285854028
557128305979542080
1322587629698778303
308737360594454938
2274144040774609109
651283799269481952
298797162212975845
190349218338126299
1557652088833654014
703602823329534417
51590318322719849
874339928399928437
1498427077612782770
1330098403567143408
302073245506796053
606367946989261252
1057699343233016505
2153233885222689922
128114889662431895
976765418337937422
2235199475404580645
1612330510457380995
1628170134753980321
1827133692856137218
401108030458724659
2152396441598524542
2032406435200287515
1654900467207192989
646519594503074794
285233146909046205
882285259550072923
1407591254753092113
924617409667959296
1180103736208488337
1989982558427553239
1726123760975889542
1287548264379336473
1096437161045313968
1236972001904422548
601282555100158494
1398085980318169201
1935645329240924738
514766015375677205
1835355073579556034
280851524315956499
326531125867962882
1630017583777920378
2096548926265488923
896707019847339040
1900716505475693049
1074708234697054353
1228886519894230570
774025507389712986
1484639167062166994
1019440550334353396
1938895243055403486
44010618528620707
2268618042904684302
1640628628798097122
259362526623806817
133006894136915657
1434057291284065172
1931838984693161882
330454249365173579
1331162800876016069
45750956332752197
998373818198246727
1063247460464886220
172432708380408166
1235182834632867
368109207818505999
724884514058725643
530531806015045726
1942208309548681038
1555581897692074480
1681422728270563410
2071986809855180537
1565560000258069602
319526683198119748
1722592665350183954
2203453398544681157
2211879175626891599
977200658778133571
1253517348684887639
412990747647089853
2074249709648678344
1043788059091235135
3998701402323200
114492415076547801
250249787882805720
2233388762384726418
1836005531718463260
1188543395746910326
1608029052528261648
156556082328456364
2124660757074957038
601457317666188017
819413447159045909
1936124612873107678
1296220187344319984
116275982970773881
1134527736639622087
1986246635591318163
2038038807264207983
1815859780855675642
1766976826103596758
1006920328966559764
2110130451400661135
191189789671383715
1896246482063710754
1511386955586939907
1286566242665651824
304632108358382255
735319999380666712
2231405626127346612
1054203322688686177
326208247983863945
1348780165128691571
1538364525615853456
825451682720050642
1670611049918080100
2194304669604646142
687248823948949241
1868546477193030432
1951805526771553742
2088948022508921795
1105370690231275231
2067193892853770640
172734807286750497
1413063979889149339
1040988344306771514
1656603310092672821
470150920282475124
861692423246929179
1216266327005298140
250254906559672732
436776023645175779
136995370968506795
154413941119023776
2131759029576127302
2123350222881659991
1878022807281818043
1743080989589100639
117544629642817369
2073649102515935622
1474205268289325650
1495348578474542742
1842581208580981166
1953851828006202467
265826229594217973
2177363673614339370
1588234421645146635
1426258274366096437
1784749742109122087
725753460075538416
86461809049575936
1034391767610448253
418475508062950019
1687920200295611492
351035612956562780
523693039493964806
1796272750154754037
1642624628332347000
1274000471515754506
1005119077219108672
576074562575654528
610421143777835175
1313412309859849160
155139162041333685
1417711332334537053
1445820567925082886
2175113119196313446
298383407747579569
2246145452364160155
1060986482117424216
1115648131123590174
1562087044053117558
2257239707905177967
1758151453239902590
2201675224599492615
1233559390971881180
295136090227001496
1565856538796729459
882865175281898367
1560899384708116868
1909548050194420191
676797920996294778
1056528746224744526
1221471762125271865
1095010141404585513
586614928392800074
601757165360038071
1312257887763036294
1709979046736637813
1692468788197115798
1052396352038916297
343951169036674197
2049984393118017537
664058000846477238
506783402006883017
534991064536759721
2224029864927970359
1048790602207694893
947875638652321674
434326819437948385
207227741799485581
690754670375633861
1386434929849369350
1011965923071909766
936052248311756920
235712913415213925
329383049598164216
1990742932441038420
585305416327011120
1029479213853721601
1231913059775373173
908581748955224923
1921903141315383820
1290177602404931940
1663999375516324933
834194991266966360
1678315835556159227
1073219625104734902
1608905169801995843
1307424991516615915
2171761615492553835
1445125709043111964
2029737698999657069
1515964220745673689
665093458113497097
1493141565220057903
1169376545201104490
682886467519732247
877424958982894830
2205602660486119732
622399192882947926
1014235710648041848
1823479302333709668
1103770276650736625
247788743315102177
1963424548267115710
1922919056859049495
393613939420054385
336374641735892695
785994311527562325
101496099465375365
1093068220195759108
507922762704217680
1230488325287996028
360131058872666572
54031287903813844
1034078661197527543
1238132933481160385
491535299695766423
818780457621020890
818762025452577159
2122904952246319516
1362145513321886378
336877223686859951
1684660719587193863
121473980625056221
2097987049109938958
119805465609633641
455534094444318458
676586743725024855
1669107898541239273
268473632184288722
1767273233152478814
14102462358048540
768012568118210224
1191295970274526287
1876174666566694975
942521817628771277
397966325823142574
582380776571282055
687281923289967297
2183510892665829692
1685941153441549638
2164390524212388243
1032124939537088212
1311875307848664425
2046888699512541663
624515897623003514
688864846941394329
1914505240568954745
1056404198395415053
708639710119495314
2179546430573955346
460331818338748575
1935449475601650354
1553521373828511078
513700144041541241
928867724560502381
2125706428361337031
23916541105708837
1196684195233262293
1265080806735298468
1946440558221081115
2096545617857341088
2038787798625160301
740382171375270014
1351382925347274336
660202922546233476
1881795165765259609
1190845607769822632
1698160106923355557
1535192547385125969
1093212145997589694
1526716602228204327
1905629214485256317
796857369882600038
1111513409477418503
2076152187686367877
923277043608785358
1019391409483115038
1404723786388071694
2086947780773120150
421572704267219340
235816898945208150
1240033973591659984
1066324389772676915
1512016586930158739
1126415647365755417
1095061813069551668
1427836857465637710
1938420680035440303
1522338230515153706
1376161029988211368
1874499459131672309
417608617008284788
1744635080869564641
681421259693077580
1591278694676242777
1567338007692874770
1356297070971046394
1501393478408038796
814538055728144149
2120752773591914060
1405082661120274100
1145795763443551441
733012097824417275
2243551921297428887
1725987695377381880
1741154066718357762
751246298120948066
1668607785570060092
1404134098196542062
1569722005477512361
150499204071962281
963076206298575112
938386281570164560
729759884920425421
1670214071533385783
763898713123906543
1753042037718602707
1394006038230163853
1934923340732004136
1921033244185081409
6796703760217384
1139906729965886843
2192071641445471342
1038674487722451507
935037329624655699
2016674533963722846
2197338722181433949
1757998466332614182
1997218340006229458
1563449031850884337
1170878806874969594
772936510950348477
1949599533303712395
1967670237290893539
1014686210965293847
684391140916370264
1741619608656808075
1818235453862830334
1684363597541657325
1937996176449490239
283149748526743233
489390573426304150
1687254050948654556
796354818883018886
1378651398078246854
62872578531876120
1441423980192789451
1807732986389169442
685429296133725754
1715754855079309743
482641521805520725
1884832153545486516
939091212390957909
1446437931181321780
674092522630343457
688174336470298847
1926159595230669326
683253642982173587
763644938198233772
1099052989686522976
1798285147722941378
1063797448064179171
2067596358848550059
1669078718627918794
1594491238654932585
1360800396525500171
1372553039803043187
1310778041718961736
964743019403497716
1027306142869345730
48526576284434669
1139923412592515112
1771439444682320547
1375286246867623070
1871768606210161130
1069768923632072819
1019068829578147224
1276400410621832361
86793028123300676
1350960183174427567
1096918031252611585
1191842603076232391
864418627446811882
64673911574680498
382473856708446230
2191675350416505896
1578485629058617926
1660095914409976084
511492232940520466
1092529263138646922
2275085098845286335
802371619299157075
1978714195125865368
2021115690333753335
1879286306880653150
2108002891290627050
1113218537994030489
1193557258345310750
840351421405364039
1024346705422155305
1338249227167824099
368906777665040475
2017148511671055617
1949314124860764353
67962031344833258
1518889830200941525
2164529715589977353
1584638374100460028
641354156716938336
798499908063946389
1579849898420702239
413341875724126371
753810519806534545
1516953485516142943
679670126818441197
2276990070388442317
790023523554013931
381261738883943095
466523867817767566
1970479450146587511
56329145660106577
532522804230040362
1347768631585223877
1337515277437233840
371412814618166775
888852453725645771
1359922079185614789
357936398671664068
1266379589631598763
2020823206018173789
1339961637253771181
937640748489545116
1263383168758762376
1657610441701576850
5147235690189217
489075587363135093
1870473067153874371
1606804508366539214
1021726791488149117
425517635458196978
2280628722332244179
1582201380190624750
1235189266943963235
665743954573525603
116300487137181822
1055730018583032529
617067511191072822
1300037733841443734
834034275467721089
593874948205955915
2195815089301829347
296623337671453698
1782710813206273282
794647560687351262
228039974573164303
1095768377355535595
1340347696553968422
609487337838550565
777574999615366329
1662832147508474650
103004466981286424
82030924178821315
2172378894282917259
1605755266952658609
837352210781448068
1951094183804907548
1755483134550751906
265849416098481168
9250974627455239
415486831980830763
181823231920701102
1537531632094810434
2062919370096452276
1127194433975520274
1364923515061973267
1672998369958149443
484337817700453441
2021315715803102795
885925243198931710
1071567210672459950
1494677158105030656
2073642949199006260
1177499754371741993
1729236585445398700
1982920588363885275
123494151160976142
1613997387771139298
860956932904086061
290794365279522775
1489750845942393697
924834309261890981
2218674023494858588
1906758744302503112
1462930066320998883
846188374742177748
673859888387410389
467117573739501230
1803753499979728455
1447717884241921534
2139725842887100128
310484600358313477
1882299256073440171
997539584535054941
493663407568104883
886100662127158138
598287469160506451
1027388305649212490
1592644636998670671
1904307759413462410
1702711809718028222
1934072774491783275
1282464367879593215
2145320544455353740
1398746247928917001
767846465603294456
1951143008644985839
1887758762436602926
2048915948973271152
1586432123192513765
1350528177547959003
603226684305280802
1513624637598366715
537189518049777534
1561847597920295819
1848800936129971453
972549165889244162
2029773064871043959
1756726252672776491
855543166653136490
619554524108309403
1143765696911504118
266765032959529872
268802647208595187
1471043771508208304
774504579574051383
1710833241824496016
1564394205143435548
2076661961712634313
1894312593484887724
941190016007800090
1048287077817879803
2088526459236652655
67413248031987897
558319554759331053
1839623296958812141
2272437370268873716
534900681385448912
1401876468211959264
87614528220095536
386284971350474573
932884634290816468
666087787895237321
1569297453937510189
716875466909351670
847919451980275111
1095986875737094794
505691867231492705
798559398167505688
352274794273659293
387358432286110166
334457899269707556
905548752921320052
1605690493094845696
2176104481015494546
790570134559707454
1689102916849849521
1022553702097398231
982975972619251985
723976569021023744
706743348455392398
610802934627299011
2189589382891413343
1495507109527269220
1678130480588968381
1380023118290570553
1056189054211724759
351124881884243077
100197304683468086
1903101702517576238
1196835632134973046
1150571051073808083
1961353370638572438
1011488396225856584
1237752492975952735
1039648153187954850
429260139034977911
1770140263920742899
1259561837450616872
1848486630329420204
2208173058235355865
2201587776909486578
1035215106316587482
566480964682450348
1639656072751164445
2301173531719077461
1462616613333502324
557927086522584404
932743020810332168
2098219761506808145
750373210650986056
1387985530393855239
2026337817392582772
358431022686596224
228522404620776637
911179151098173895
1180861468633044885
1178722243065293546
80115254910479435
408385137736298345
294330191718729177
919285116538055720
1335612838133788438
2238718181181852174
1632018384541027292
1766956767887163060
788667802096843049
1832335863118900866
1095396427887886027
300211327677253032
1150233583574011486
93626383680104484
1724001461167669757
2222377117189185812
126535538078682345
284599852631415750
2079137956879425416
1351584000128081249
42238128949891742
1038996895654200901
322562653165277391
283279803421536515
1674679833958135581
1919262211890350855
241102261026570735
162864631982977528
1963911092047789388
2048794017459192658
1653905760759302381
1149619829105551023
18040889930573032
1282803734181548699
1565052622311419758
945158701979004387
1406140223568907049
1469653227113246584
134990220447068004
1188482788497431504
699610065189623742
150270130396376596
1511149123273748533
1352348948217122629
2177251287584864042
1442752826804389161
2087529055764225975
640160822646662152
1617713920231339727
1908994421780686953
1491673016633532217
1110609192961709826
634878313782831033
810930833983574259
2037780049838584527
1221777057801719912
939698940247913645
1291701667358238678
2299992547498787161
798759192550258481
604903577772570088
1373297032278256469
2280228312865124149
87082973017888368
1060291105825862396
2290352213445067685
1644795006919290454
1698942445447893731
174254903104113562
2271621466998964898
897090021632674581
708276838272608043
36280460897791017
1702426753654542167
1276797172643308728
2099463732183141155
1333324241382644506
1865538350777932874
333607258337373651
542062321052614405
1023839916598897706
1287494010925508273
2064087857335045822
2151405287631613453
1070964823326710982
666162506935614223
245785674824060797
1376593458138468522
1128449313804428729
1356627755001691575
1757478124368148040
370099681575766688
2073437128585851252
963952469910138453
1783964100607176013
233611368493741653
1912217935963056954
590020742412067505
1462188494306740256
436120246898795921
1038633888702392469
1851757179733757059
1430824722124958416
2128512843852184638
546237159331158765
1230896094673796504
452677788360942881
409651614104025000
164513985997836314
1187800378880367288
754752592025150568
1129429871914391552
515077799063871722
1956913444437557871
318494399291380690
462371710583835051
1591419770784695103
815844700696654325
2285772988658557820
60993346193218784
1902742514712235922
1839470313730596127
582085462386621655
1293573654700055649
1179685280705870969
1803749037415142504
334842532863639937
74987823401567994
1445882733953734341
964090521293858693
567753659977701038
1705961194827141695
1685327430347309340
506408370574431994
1557024161395521776
433482276831419357
1178463530797834243
1157932946768167637
1316489909547139846
1548041491058896955
176391181952907842
415915024795345024
903974097022863488
1000268425058521877
1789342490430392036
95301151318229714
1803995144828960891
234242454875222316
1260374518477278252
92418206807483975
2009894764091385333
87149909715112023
90008792021782745
821740158741622118
1278647396511144873
656898202213269248
496290052265778581
662791092066317819
606464445657064139
1412646051142301797
2264047427713872840
1269080615217740710
575679827813187708
965503746850152749
1205728599536309704
177408851713741288
122142399908405591
30248938810159990
2297118928655510046
187803215952632369
511420092096236453
624077314248097445
1545097701916889744
2131863108067621749
1405522201825268913
335393349139829581
1766046247948490573
814889111360795015
994156137024008394
2289449422231211415
1425814586207954343
299056404868332063
2300807694802805004
845052477306488226
1229274508277293495
605530492150429690
802073220057464245
1469898281238602617
851888258443570969
1902421910821427398
1189711119994143876
1060365744604897669
708093431918952019
798719870961672620
1073217817243071234
1248812108588563284
2107672174304768980
1606959489387313720
194564446474446353
956281142399922154
61839737595255427
555288111601706942
2048406417178252774
1152316954058113034
426785369568385999
848196953954593599
1589953297620428425
2260871017048473883
579406616814749122
2012834678999882058
1130736842085449208
345660065399111745
1612642707692461105
1611697917129273295
1229777245068937834
317403478355689748
1425261905639028628
1155480639797375632
2243817945407468502
451075432746591481
991972136707939109
1976001543618653691
27633741587465470
182545427881221625
1691284777188887529
1695281963122823467
584472715066656768
603078340523301542
472379603551462430
1091364681543173932
1221731795827535258
261139284181009695
1143948401799393292
476057986248327114
1433999533532600683
1415262218383024968
1483724564920571885
625881146672207248
1545888717608542943
877666620058554469
599081640292671170
357000825917660215
751083800975271039
236777572276785325
1286851103485193322
622712217924150266
460147537091489076
1122059018122954547
1642373363097153933
2256753568692682204
757826119579773
553207863203603771
1884689572508404746
1086892108268097373
1584618299786701304
1339287229326290473
146899251437049444
1976039226523791251
1278301462292556690
1985976467988989872
611838199270975786
986245333963137875
294573169252271948
1166732694407704721
609736282354455129
2017400723958635848
1022508512337162234
2186033890126700821
915400064444210781
1625340296193824679
1165832947826780609
1317535546080835115
1785669177888913647
1113774245903395243
1794906094453884768
50687171300125272
2031312529932906170
1578587644026317800
800337994415936745
1159107417492887435
1393333582515814869
377612493470741611
971286800640415461
341925485191711452
1713276363930519396
1471222243508991435
120888018502635220
1917685221965884553
112008660865567056
1800958690277855743
1353848982630452602
1335114248825242596
1473773078998143972
1056661076474203153
418912074425871782
865883371644115346
2231610612015785413
1273496884904594701
743166961558626573
2124180678562568928
1734009485003265815
909154011517187504
1854389011923125515
822531483745168936
377077966950673202
561990086263552572
593352144274195426
1272801954687013121
233753566838495352
1480811775656676966
1158450601628540175
1901064016018388701
1076645418813033304
1919055458672079191
1083146210049406168
2176013940496284079
1175506703449950998
1447171825803258631
2279227464670997050
598861290379321613
1874036776319968875
82847938241787759
2155269763845653987
1168560948399968887
342179932830173144
237390365408936309
1855634933953692287
968989762215311332
75886909679645650
1977640987049888114
908346628396955625
1526860595235198574
188937263041910248
452427671431785954
579891196092511487
2021872565737481245
736450495497714995
284092765082165347
1496111771815001721
176969646191446281
115164936681355937
940361578286177721
1717069702716735102
494423624571146458
1245472239634495033
887976376171220814
777217255524945952
223298070903354043
215003867087229968
1965056772801859955
802156657733724472
202976494777326342
1649121184016564918
1279215280062324902
2209967235071233833
1454333144690481870
736433318601124470
1404698262183251347
2233626205673567407
1001983262741063592
446292234491209068
1707304920697029811
1334838347273178894
1169405139929893120
1095252981203078580
1098885033068647069
255447996653236829
1221868267266412378
2255220114296243393
764592403733277324
1752209301563538508
1403148269692320577
1177017695754506844
600576278000537713
1873504431556657855
2092503729256190771
1508116016863585493
194658098998585415
1106104879902214762
31763843850506977
773900172533002901
2301886169446803875
465344679252952829
675353019661662018
814704024277782617
1627276535135905280
256875896477689582
772918839703292211
861995433701011590
163077783429594316
1878701241430318469
1032093816946838507
1028096296499072832
936666153882718126
1523513568577444083
491182945659714353
855331008555742486
1536617476858947002
983368776848759066
1396716087297879649
1343812623369854044
1407356542033992246
1351784772721822129
1894201836834780667
1357595938342596110
1547159876038539008
816988424465491457
497884578668218471
586944853628590045
1065467449447970961
715773078819457479
1654766502177329030
1038243410232312654
1340333918794089018
702696872986668117
582725169472013308
882755693541353555
1971789512054783602
2078610935199997652
1787219793792310938
2175977152123215785
1688227208751917342
1952203761173637034
509636020958007416
454753385495832249
1273117810321023553
73172582904572658
993817211651419236
521621572590675415
1981011412965988155
330230078453620538
162410791521952845
636597296961954507
508518222024937318
219955492886604557
1444810335195512338
546093452699870715
1754404734593637937
1297346878069557666
1642396669833991865
203086379252709989
846254409499421813
552402082105535666
443530160279454493
1226380921148908671
954720192247895167
235637446918601349
2077420164868645539
1359949655134829069
1721295381401848894
248792716357743822
1078911640092287209
578089317403309934
2101080512261280398
1927536210364434993
1399918614069330933
30636894134053860
397221921059294379
2076129245672447658
1828999606762303674
1844210875059487246
411890223297785350
793759401191394336
1516068866847822361
2128886988242700685
1711264651319677339
2008873775203614909
440844603568409334
1895339447984004949
1137465421036863278
863560242517121205
904389115843538774
611872850539325636
908124591923894233
1615141203120476450
327047854042364274
1263363048115630234
1653261478598135758
1059073064795457610
368579255580518283
655613317760058272
607249093778203601
1084623741851134601
570320797114857377
832427548218648809
1440852544514011545
1455770084220161786
2178811654832438224
1850862074214991616
1898541659799183132
91293722061897433
1612473818453558466
1720621329069755331
1243249516697503503
2030928869608355939
149600624006369896
1412049920744517380
1474986350651153520
1644974683980220526
1062166275222678057
467644516223003244
2142961456418290358
802304029567422269
1652697746444974921
1383979498083232879
511116469430774418
338864253020212362
697143389332777732
24791629111285840
928461552568307837
37631696412608109
1887309498412786955
403241115244791060
1599105870394472683
1315038517232473771
610976996763318080
1597603254027064924
1014693764178598776
2256116076881178156
600637511269245261
2145164157664335919
614632213075331737
1121235330671003241
1645324732237824287
2083172814740328583
2229299420316443134
1475756714401816006
99780048463007336
1761634409290560444
429042093403884481
727673554042459024
2032532846429266365
1511651884509989416
1618345647172875726
1878256990767419560
1501778013666381098
14618900900606000
120305767331963768
1802768227191871641
1129626133284218257
211142310750751136
1372393092794939560
1855526642649889968
2079216605172367355
339606178022784608
423865078188869593
289314843863146627
210943654133432356
839907446786979158
1145950832248915141
1243071685711046380
1044775668664405007
1524574818553557449
1759641828998679404
954529081875960151
251657844102864959
1467430239497047147
1588271126802601699
265581895313073047
1728340396212454122
1932680770993327412
12555375201050094
1496373249916843295
1347884591368372768
1785357675938416372
940600746026000909
1718947088584057495
1338861419975860107
858158835070124060
27730030360002206
819139567229083057
2083281734721324053
351314164127966919
500113331590252808
1588664956919264860
2158527558814945732
37638883293033413
1429752605917562259
403224137493223844
388569810584139483
1616058174093967733
159112189189212342
1066134273589940112
886173169753084821
948211968333433181
1169154754814619528
325460359429282271
926545483153149793
1287656103404742219
2182922516929064389
2038350026570422607
1358816446344798457
652072584547352624
1673258676357316012
915059629726119094
1194860332122189232
1195173079966983637
541341373187072233
766473964779575104
444650775198175074
143387216746397793
1724171397876118488
1823673555769597052
483848560522206889
1890819514525175781
1716533890276906491
1463452701078710712
1166567883166222753
2277591306363311549
1949903271106840188
245187967375691131
1243866432943048403
711559634080973949
1114075325680167094
1150313618660137440
958694502838397116
2132430190510293866
1009450248663982784
1316200281876649287
2121757587418792812
264467837299717895
9571412350073192
357895115232758027
383887601097608466
421151702327004691
1390462249671447105
1529307945738587363
1185660639090204709
2004206698977488305
996190483657902521
70124953969427680
474950632166993892
2081942390313369926
635410346733473919
1358368608196050714
2112526891110520287
1520998491207851897
370140732071250169
1668810102440254655
1163789735053510651
1909204458421599700
2251070534525496853
2051075345686516971
737053394914458596
1922148531055470677
1283360403711406489
107370722008056226
1238588808683633852
1150026793337344530
585682266341315379
1578831994987683029
1723214108751995697
856967843327687766
1361995814872542528
1318330831108360933
350565672628076189
13942487426445448
882430246865078553
1483275771618034988
806681155047466868
1325232829980319186
888910797087286909
2188141128270218432
338779149470054091
1638298051574768871
489444114811371492
1921384673192462777
813878528864440602
882747567406949437
1106891405174940605
741682721125623946
913320196054934157
1092183853185529586
228201478184939381
1250451368286238457
1452749002069588538
73099801412354325
107689740105677329
470523333265400943
2157367490878254308
1636317441576820568
841235667182007502
1610091757487825226
1351734786365992830
402085470754299070
373238183020708405
371076018438049252
210452555703865191
1287032308507938518
1269622488421885219
1565697704387827555
2131173642259034379
1752523943979999194
2043077790005539847
1764338540248144366
2004139738920544886
1268068560528022469
1188624780717922460
1888617382121732911
427309929960457682
1101205679950698197
991654269658960058
1848758082739740883
1067907526735206313
44428146660746300
942325385836713890
371076043127394261
1011953854883758819
1874708783385836676
1139990859086528950
1902629730425457108
73209920963504412
1196568005304003667
1050696737941296143
900842002141070414
1044970274818455526
750582527764385156
2288630212244268526
1145870948912453110
807854355845118485
1019748007525422623
2278045996141253539
621461884915793445
960831867226611024
411757849365362323
2155158688633447174
1649924425390980156
2060611035136292179
1037946507744024020
709781566699159612
2272221553779248475
438808229001186052
1844567885512985797
2293184803938363092
2116139549672928638
2242121845234255956
1274265360059242631
2296936689535639874
1324952413165581356
285074481772630965
1062577847123575250
1899841064857988367
2061679800506182705
215620932756854452
1483703290734047310
2002640954640711348
527381634161708397
2203144661108709087
1099611538918722311
2126948909772804969
1364814403879255334
879367349129335120
970163741537440177
1907273997286512863
348718603304091937
87758826011407363
281362116022345084
2071684685919030651
2116972435385310936
2026897826353426346
1172160647826033556
357772741978690243
1069004665672230904
291328353608250108
661017777478917264
1915197781436211938
1083805882448900052
1584761069252771988
248268130923612101
1802747184106591529
35951465836346140
2068940429462680912
1430581818046168995
2021656600420014339
1806292123667006387
1012212804413003888
1051404400896857388
446490971800837977
947674582896379764
1399731251687317084
1001720457508807157
1867221267371202040
548972511980970046
177895893772084592
493341834914644480
582848339412673686
837653809068374002
2169262379076294242
272083897302844347
119145027359799906
1255242909166182666
374484742106568881
1630562858089958977
1930057415101713150
1400263614460097259
1231809045275389953
336553051237261775
25987201163124852
1382536593651980758
1415068433272643511
1488823777841618548
1379400011353413573
17682592214776629
29013953353244976
738164412949958358
495238891427217204
84297566850096906
2223354464412774070
2268613894736450463
44997706403411896
774860059835175825
314928420556832005
329153783428956534
852228877105091838
1474411610495928290
648851679532586039
1866965811194912717
50539517152704943
1578876017216289079
923754215942521886
949483800019818043
395709319060918667
951320218468888070
1034776883121023436
1748200472419414647
2005309618278935015
1817566348155565368
748946774571674043
635568160443064701
801788357167637567
507291446444966673
598641776882004031
316382272931618772
1692029318894204324
2044850684921095866
1623737145256860021
1845406432272495539
40860703142400382
781180190224241186
460259804910166180
121675421010629069
1910940657724302634
1939171618358174075
506217011267774417
2133299636733832589
1787523930917828153
714870327034892781
2225105883963558171
126085917682069101
2065672855030538743
582287259297846878
1246101050759836214
1194229244221802277
241091189742319626
1445018225144797475
1224179826967133266
30729897731383983
1150920701736488705
675002865663433429
948674467556960226
1893759052404179109
2245519692405663156
355582288289940540
607828026487526702
1145503449725217275
1431139047680315751
1198965866980087809
107670307765182586
51823599249198077
468917165497136743
314495672608384834
1807052671789420079
629125136710782193
1078863835124918052
1008530673759234532
1499619288178071570
552998252568435601
695428690420977953
1052411464821602239
652145424409212600
749744349741818025
896546780284521478
1232931391507103369
2002415770925251678
611263834459385862
2101982306899363680
446775477672100489
478847449754461298
749998268737478357
1689199690616986956
622218266178574666
1488634520596594520
1493724327576948606
614612537747428236
1677980248875691292
1544402002201195467
100108503865547186
2201836824040123940
1420806840833544376
864029526080800242
1934264762274004037
956888896773965098
1236218491110999760
1503079944875990478
1913183826109001949
926471307449482085
1461701419825239643
1938764836836324487
408205229525752149
1688214087300172492
936597874107171725
2031754372410960080
1550590309250318431
443301065773544283
559678057233010161
1320524245197201740
1822809207356842384
1042113171434737624
569032226490631069
1363004917009724898
856217883945533773
599095816483858239
440768366498068283
1296026137724460002
1653100544189541259
1724257823131258876
1167226964798241238
196253186590795905
489759042378749634
539317093979508023
1659828355894660685
1498897636960437219
1214016198405988232
2033079312553590401
277301974457732894
2264159419224944824
1693801930282267109
319190157575641691
190097245924364966
311336899403678890
782942777350397673
1681058653375165943
1922367895956319958
588153869669869958
1851857195948100231
540057677004456858
2258579116916810838
1486904900709850030
515840564229822289
1044133756950280963
2263584662387460392
1405554161494812770
953073819297479252
221856377800038419
1479857260234569111
254629713357272136
1209688960874724990
607499908449384485
528905580461994866
1344640156363089133
967656415382238579
2273426499995580526
1083642976643032374
1820505332190118638
170235243905325301
2006381336482380843
1820962936823120684
1258903302562046900
1705750905727760801
1182839887165893657
1955429021124074969
735549585858994264
1347054985318207056
2217331826904781449
271528416179678737
1523326463470826135
535203693907409261
480178732030738440
2056730332415025527
1831176485909487366
1878143984216195788
1854969955564519549
2157451950593697873
2257276488046826814
1633742472598712165
1452520467448916298
2144935372883412006
564944398222359869
1965119118966432915
256151476529899988
319776321089576985
1025651059735819403
973662645151116637
2216798111957397992
26221493813300607
1513856606825803180
473253036011248311
652196383764017718
2123359102927675124
2087804684734532865
2298711990381728495
1419617180431357196
303315633747977469
1909586625818092063
2259573790796074566
1518235802546512596
1728507506980176688
1250286921691531980
531687091676314467
2145665974368898758
917800470350490108
751451702104501613
534513555821758136
1973472216421193986
1865566087019567070
1374230298703775710
37390780734796513
1342160378018014961
1518079839454609649
1940789700083540639
155560118070276975
1687233570747432705
2049353317877379289
108819944790175845
1859571839140586593
514661267757926722
2176517447300004203
709054845840260821
2265179829524422474
1157215838584157678
1923710960557427171
1099164570019968858
1858848723438919018
54715703836305309
145120879524777901
1544744490202616776
1050504656746663323
1700387418343643612
1758464087057114568
708276399963226678
1654068909168182735
704128881090104276
2004291663539789084
1771553701916572079
1206523282205249727
50980747821146485
1491276619476208494
2205782544674657842
1269801716872597872
248190100081409975
673771846088275707
767829657211879357
384306881740395822
1602245625902290904
947198238041597406
311831643417530815
2034185832859599254
1570445035719313578
1394824542471442807
1274731974668795203
1891105591842982101
2044092558612130427
2305472527985581219
819348531350272018
1415343716974883774
654679604501860545
870028675751036747
2292910892857927626
1718641544626328460
2229209568594366587
961730741143666248
1253335069032530071
2298656955199710757
373221346697458459
915119979672571713
1048934797295014591
864293028784022760
1799391807786906022
638613872995046956
1145825702986449091
647210467335686286
1663866783813815881
1515970315112565310
17814737439020848
2183214757822466656
1790882755179462455
459531676170337196
1892759153706936891
674647947839490314
1618371881798041403
1709901358844001333
1204087951822608500
362158395188560788
1008860488428098185
48771854924373010
563634601146013907
1698395024468409136
1809106161452511783
433750038203073444
1974664879212059578
1201035031964097907
1571612420119121454
573517926249527173
1521638251806000436
2072168225616486094
1986711895544133752
1000549842005628002
387168864583868192
2001970262816730547
2080811340879439914
1868653628703993018
68876290386250858
209354608307128846
1954706317318581062
897888273549521302
389090992229081434
1004881557513022213
408074651943231547
104130892886897500
818422601746690052
1473238692717578602
1278735782267504477
1595566998913949956
672795043940352843
1100558541819942118
1465422821468968844
773504120125099545
179032519831831551
1845910149874228098
1784555380114962285
723273240393712816
179329489579204093
194103207301433378
704963366082707774
87010313104016559
1452002748968364757
1582672908000520462
2213024687617712197
2231976395253957207
942205012010097109
1608039911087222571
1744495657337555291
1596428272318809025
1581921676515568233
1467301889741494049
694516296503353675
950089431850005552
1785176983629132829
1517321839446453418
2227530114947653750
1850669187042884619
128785836851918180
935966166858459690
1405678328790694966
1222375415888489602
357567834851709708
943827910018921635
2156062004621812794
795139938429050521
546867318515901810
1682088015422186061
2138348470542414842
111604140615408522
823039856012313297
765677342099548520
772837566821075101
329914928016072755
1513120998050795467
2177425643744844986
495155436936882296
563798648041584772
332138206425658960
1249236487995794194
2170668463354557229
1107221601823581072
633353568421371827
788698552588947943
355328364907635609
1115075849272726427
438301998869202541
433279975214992652
552730300590367425
966687543258180479
901537256540516444
1827385262489281630
1037802323681564113
1043102774761074441
1936613632493616287
2221432041922390290
791274559190718257
1640523829834097204
1283684783338103483
2095834244294530744
1905630775986033340
334849623695080102
2062002067518688956
1979698737952940258
64356774990676590
203108537445245643
529531889776332511
1121862744102418637
895908754074739842
1730458364479387920
2245843393849815658
745615307050385866
560576939863079709
1248024409773129188
365518415513080618
1920950385857728803
943732556985328520
160959812436437404
1218201565415478473
1266618454291207653
2137680124732945823
2083475419524322821
513324201763339963
1349827454044807857
762184401218248705
1662360611336353250
2191516864785633339
318171383231697988
993362486709199355
2148363114430904275
1909751168581439169
512781405599657290
771127251524274403
1532591303917975168
346983515013499617
1646851960577548876
2219220967674925330
570618876054206972
188168545599970250
1518100704302945752
72661169072526995
119595550351722999
1640865359537693753
397312526166339458
936268200006642492
1711221811396414554
2747822945329298
368606187022268201
607720823544733972
817211130203913707
1728059870236178954
1134557781301509517
388090426541255067
853047216048057046
288137380392502205
1461049350517737631
1273110345670488091
1278581083543970452
1898580592999434780
1582859987234804354
1657895271896771625
1543100422949909597
26382959551719194
798856150931652107
308112943682275054
1195328643038234752
1855100139109023667
62899881226686461
917383720801510960
132463526107145503
859623381093235327
1706321415978391932
1692296734353361925
1726337561460746932
1004290693661811683
558540197685968637
1413673196662785728
192494202984561480
1130943033760682387
2297874595785570752
1097997968960634549
630034725504080126
1213178819433288630
1883606519097758770
569745482308024380
274095394429425216
2189964261701949774
181094357855696319
1480943741128301653
1322548040254981392
657115481194237835
1493924461096996300
1237971012215921865
1095674422393097963
79130442462981956
1646998510149776010
1328244800058227375
67782803271982933
1711527560521283303
21458792557149264
337650949150619731
1294785329144554846
1502173919585588906
1447076046361577247
862137770511846998
402323158456763761
1501941291179304975
423377233031199417
1051537991095694351
736659103641943151
654771772916657211
400191973688760671
2065987691005469989
459978583861695232
1612154859191369611
1026763785835223668
1735197753332459849
741345663925871975
1388531077678236467
38264954305464172
243727766195566211
638746492683896940
297649522720795348
876650430968101646
1582000657780348095
188929153162544504
1553337239879442120
879277815139169971
1167243716995755396
1777893778401501560
1505582321876723203
850613099202011212
1429460408960006103
601341692879474707
2187848400392263446
975256786512397075
1993518285745080229
2081381700579766962
92629082420192266
1686536040355129245
1161951483211717337
1863357991481355123
2000385611371777914
2273484618217819835
139729491018706529
952060265504347335
1833979175103498714
2161098285572285723
139774631943289675
377098941824802961
1728641981979766149
1683131890033559661
2219100962636138410
1056029599226721199
1053341151906969173
2161139071753186239
70096324619673287
2257669606986467928
1260736640410996169
639257912840857106
1595367033762769777
1738120311591292928
12128845670598841
1117319358414348135
1694171318640387409
1763039045202391077
1668037186978844738
1666573009041934661
1032330491271515969
1628672973001848795
968456242032462083
2176532996790512584
168449321028946072
2223995959301621950
1385464157208302004
11383839451427415
576697981926040161
1771006888546932574
757130198749137863
758770942412790180
2136331218635650956
157529225284852750
154204459894894024
296582082708106837
1296637993974102522
334168020962890664
427144973733512049
1571040083237763920
1947923546805499057
2116532221558701465
827341714500572790
1574645120500608441
461696921297833952
1603732155109706765
403529242775964957
1003099531109094632
844987989043467125
662543644830762659
1395217513099524855
1693668168343322446
862752598621308037
857006937872267378
967474401315773295
756244130300709865
235858831435137218
1045707864955356956
599147951713820374
589754910908730698
1830245549600434380
2090053856679220342
611533796273975214
736384482302308837
1237405975690205690
2012096966817008868
755614670590966521
976563505524954358
361436982548275352
2104695619579439171
2174138047668416731
441115578110809238
1994411294615390584
1664762751993854312
652636797870254735
845977364836566524
1406080976260730473
819993256896247051
299525766710376785
1499221166447318870
122380273608652427
1882586720701040140
90297072047457721
976594279567968731
1591465638875360041
534473527956696362
1226932078433260013
438829996573372911
210228437970729251
16860072403777476
2001794573129601172
1751183993081913654
915314428861012739
1764936725838262748
1114671711425659074
2269779773419468761
1371119190352045583
88818770644111420
1517819045346900430
1185833003672933512
664012726820771867
792010963161549506
999827948737887556
1877302116940173624
815885000110486189
1032697388130362899
758608606876786085
2183181047242076729
1133920932038493075
105845305703807402
378370944326332266
755094648290818701
898988828371716647
294208921015334101
612596973582218636
1393478973713730267
390060347067878597
44886242751490921
840182822633466906
754159146435107731
1971853541966008168
1556995336371895497
513700087330907213
348589272128605869
1077702374881795386
1666761240043787196
40751279348272637
524220723043282222
1213821051305109149
608020830143047655
1900453732544031474
604632645594264412
225996371871642961
2173441366167590279
637870724305730258
1728933836729230006
373766046173316546
1631445231940903488
1862588374755368417
1612251774979845062
899987775951080949
1296647214363740711
770138509416280433
2102060090973818420
727261991750774632
1445018336847714098
277219336830607058
1422459047400155444
708306824033305587
1138890055827761756
433847247039879811
401850152453559470
1949605841751805192
182536355632320422
1981173997222440438
525475538199250847
1454279120779894512
1610246716993421604
1387290058168305748
1080655363486576316
851494857595971483
1114750939848952985
1945242937184707993
1216199635563612519
1102951507861071982
1852006239679038179
1696090380645720544
180810178700015536
487740574025697231
585210415063733857
2300466749411757127
128187477476862385
64164049130948185
219298506431185605
1661924437712614977
860631206283295738
933818524413375115
979596178153761572
1974031069972477496
1147992127008448122
1288385850742260264
975237463111864400
1360327351056419555
1217433483256947225
1122061690714110042
1163213180719902026
922186169230822865
1603176796187727614
2269758172095596508
1044639433167076219
2061316465947052709
633146375669692045
696502444164180774
1083420930382474725
1129945192170050889
529769041655658260
637357624931515593
947196835846673164
1274052377571531668
670571757993187326
2000450123085195320
9089226383297027
1587745291545545822
864025499346622442
1009402979257997345
661911375489703760
185775329249319384
1381567008910934784
605806160620913474
285513570449978802
2141159767009313504
484538154586870764
1353694003975715643
1152063451657273862
1149756893074919219
2075969970389788178
177261243723140731
262828139885912133
1421398954779013453
1263198046639930744
390282978854481939
1344290992754525950
89909428481805543
2067859339213683524
185031328161582207
328301323513054885
1911893231266069547
588275047399953102
369075752914654918
364186542984832609
1332541438045125098
2049091248473275670
726271039344052353
758536623702252778
2287833328516985551
1412954075009639032
938446965768063465
1170090532291188696
1301967904144115092
514267704262267215
1220639342906103684
2131214534473274250
219182442134116414
479382472730154531
847052909082397555
901309607827436115
1908460787346341670
1387221388633194555
2221198714334487260
2104528483101338575
1307593611669325858
1971474181647784556
42060282220286397
670844359774460199
2190890261585158931
342276979734860127
1940212766464555025
1041064937027570699
542268215839755781
885890577903775866
1140618688039473985
2166241566557840817
1126199773091733428
1779091137970052293
2173256863013962915
931545120585855194
1967780166067909242
1079597201040717850
1487434417139395790
752389884912204014
1506551766427172609
945843274409638772
615408838207950067
2208245142447440183
75818758402271459
1655899670887432767
630929957805582317
1666355991506802050
435446162472647545
12969174864608052
1039212180058053632
877608346790873591
778465111560318798
1933396540029288985
277559913229664970
2051113540106939756
974400514034835248
1935591387552812114
1092297920393984657
994102432021126205
375789055838055615
307436891691126729
712250176356729018
1395814103711724144
1496721098752621798
1618514888262196868
1333088815283064357
1918654985110678417
697732448362355772
654494595097282841
1261086404976085918
1741994772967208956
184716711052588420
620877234316603155
1237920162533463779
1136726004264830190
1878677722608330596
1091146968749188415
297683660746037787
435065442180300024
1696855565097595610
1687251648207461702
381889749555552635
1799201577523128644
1126787855901339101
643633735362245232
198949735071989004
1174618837384133695
1477105852709271918
727242045084601215
600599046912467239
145016091072064640
369116937737207747
1656660600391451921
1673129861167252339
453671387158335608
1161895327742702731
2182147820313765444
2147493933921125138
475491690233950133
853148212808481861
708260376592014559
609988653936685028
616020916240845536
1247929036289686431
2225933498889672340
1062518185631198431
2292180480826610010
162229699944293775
1875817803310533163
762627575154370088
354437947662844591
2123692084380656315
400636696837379489
1912013559833530192
1435781433784378550
1418462624068290261
1199824090000351581
2018685066253794079
1059570895047500351
1139936594415078161
1466625622031254534
2252459263963633237
1262134892223045955
1464778857583709326
2120667095242914094
785244413141662813
792802411862182707
2122084016560967213
66878048405079422
1105901070515984702
1134961746799317699
1201356985065101699
1098779483512061737
894201389943497987
908973980083427376
629932963816815442
1899589071441445133
783762656942798653
2035003563927714132
1163477554022377384
2087335170886514216
123291776232989117
2065706300580135417
790314212460284674
2252716807757862455
1530437109224447520
1290687891737397279
403940526683970196
886964010601807213
690484735896975770
2008174636780259532
968039840394648467
28639929437232372
104717589287909640
1235261714827140340
2026380928031943467
1188248514822049438
346216106366389196
1793234353247261780
2181464092037228640
1121553567181823704
636649381605745428
2303733922604426031
1791288084789561705
2279405194994123372
1572850651384416497
801685995067854172
1022022758413973546
925871457814315177
2138707906657112776
1092320905027264048
727230839476763293
411207730247978742
1829337046045944639
1116479616060533802
939490256141064476
1163317806013026416
98806268999168126
707028863901646201
344557907271675967
1246285949210011944
976518910919902755
1209015053620820274
4308762015823491
306392919328089560
1072311020899907848
1277341243330072263
1495276432707538843
1596966413607650301
987024831240230042
2040207556804400611
2101448236973350627
656016025579514844
530978709904053118
1768971650116808705
743758489838314171
1539971124405646923
600402233140866963
49436556771933321
32744555297474094
768601949440381368
1965774928093207045
1589214417757841327
1468317336847632359
103580151323233668
1554322183892416203
157058861728332782
2103668865735592849
2208471846783676702
958218558042077440
2073697780672015876
808587255310856041
978466657543443901
301360343823686729
263069756431433074
833172953417325410
1659474378289297256
1477026026654747165
1387188594993917321
250534495449021308
244131052566063357
103651446794150749
1016247305027967633
639040241360243452
1433907734161612867
1402404046081637208
66405138015341825
977615844104054417
2017931452618667036
1474231291225587753
2229336315182869515
326802257510402809
1713443421529575650
1136745205357942905
2069480276253200521
1755679100540178423
1832866188952236450
1091675622148161849
1293557451447681517
355199609481009807
1641996891567413322
68203286011442355
645663362358409321
1558081757348471808
1847361454406441153
285275287852812068
2151529638810308888
1159461014804629838
314953665481135074
2042135917466059810
2244121251118823115
241184717283551663
707507149139093659
626350369500368398
1609336092987987085
1160992572334658245
499473072112971828
1855807222915101215
479429463743983109
2200219006319821228
1072108238395633652
689322805337040260
19060221743076126
412182719015329489
1300051543496434322
1206464964711748257
2236981047420992876
2066243254405832064
1796972694063437429
2011168098598162020
1510870551000908722
1156518560269611018
1564693658648694765
396058175104008000
113667122562146900
1219935681789158450
329590345298992023
358677610717430140
1742380313572331623
270830774228575296
1998046832535830422
1095046093184917798
1203831339139420775
2129274945018670031
2268262179138891465
330100407344390577
2086822950076853580
213152527456693690
2114899148330386119
429407335978798518
1140257257949741724
1102333094304937804
614749698616049349
1803515776789797738
2269659309878352249
1852464203096038653
1007173593824011079
973761646075782825
1078188029720343359
433764395126254136
1055395195921641758
512512802937059235
1020323215246627186
2090864301071360392
709998401689130094
152711006792262578
1333171127535594153
1314305940549905885
2267712992622487844
629229864747294445
345914530962362148
2117355551014532630
1305168656397169678
832189191629399036
1240511712673335870
602016681708558200
1072781605411554704
1475392285729944156
1820820041721722713
1295357665344054525
1157164381664329597
821191003822600373
149342566849261997
358351823641828029
669860275996406608
755534991341489553
1338792089386458534
1016980356201666557
279480699293002538
1024076859786045793
1340470344374933411
1745482566911472541
1997185577308499650
1699694606465130329
1492993118960081972
1473946239748315909
2048554623648875841
657934843886229974
347188824005742281
1276385915200395883
1165400609691896270
578564953778739073
779500511136682497
2292160888760115688
1825443577462743030
258240225185827313
2158019237057017930
2208438499240098326
636062895531922663
1063938201056744428
1197240390841712527
407926336812521066
1515767726110966159
842673605343156598
1791673246876547940
1300564755134896527
736563569548954787
1927458257371259258
495672511329937554
2155439041307431189
1226861426245937036
496809612426715554
373576026779030375
990878894298467300
565513648939559305
759838181835638901
278964087853161417
1399967098973737972
644481234436804915
1185888387128093997
1213625540777390519
2126946162749254172
62828701684522914
176132892017636220
1121943236265577954
768704815129238461
1977205681279896052
255929096925667640
44030027874649928
747523120655891236
524371403760528160
2086715514090206261
583437051373217758
1269990059890311896
1667430900605371742
913044570195420815
1154441017746819979
613775517795210473
584640173011555997
169696398606950500
654536869158824435
1954918055747698540
220435282647245120
1375187268313950396
1427736519434185377
1575347340448555853
309849681790710716
1608791182143136998
983481499328491488
834054962721503975
996981890314297496
1398438598955222702
491307934832539313
1342928298777063410
645583134812219195
2248139666046624479
3244328991202561
2108348090562592319
958542093490451306
1623528457299854067
1466612248830623012
941411219561481867
623714041959800847
277327951408137448
1262108661349992385
1602919041312782719
545960362806500554
93091478736043485
1481570468785081352
897069326369021270
1670015342312647802
1168945535168417060
1123345456863162533
1513871456898318849
1593990621383862172
1801452296835779484
1563697324973215047
2283127180130429949
822164521954571210
1403548374962199249
1945235437281708277
1818697548944661333
126818579576463685
1174068503666466405
154284232718598784
1883562701463486264
343825722727647021
33476354506199530
909427083389661917
1537142595508175583
512846599792304757
644945277363395202
1995860637290548918
1825371171341948893
714420020912146575
1181352000684504252
378620107265485040
1006986523693670950
890176146138156040
1878928809220371357
1590052104189267596
1922344849532506111
213558437632456225
2301147991375649898
2056522159552999242
1314812507493182988
1920457049788206645
700786447106044495
537928724232538148
478694696264019332
582645315906952297
1083187501956145060
1723913058363648730
777524149041265635
1316365132441660146
932087929672015691
1837713257282014836
765136748827049840
880952085179100806
820314708063655153
187031771310783518
335050672407723778
249928465085556548
2297583357883668310
1127307579017329944
841143068817313264
1697240151548737937
1489596352236445996
1714850679368754791
662310953123420661
1820633082614758082
1276606598788639942
52532186398669598
126368816605603141
2235683868060872255
2183824415887526876
536387205052415081
1043429606257113890
1927672933299421918
2009899756938141858
1418259584727141806
486096432752460573
1940047062583905485
361803164792277451
596748689146976230
1413494317822655700
8572155699472305
2080183514148497336
287387203658178589
657690838077298491
303386634514437122
1572950597614824539
2146298015048065542
1859323382119456172
1364891855496306885
624420844264047121
1960616830373287939
1830915417001118516
646433476647098586
25253623285518119
1957316047434988292
1080714477205812930
2032248887189069745
542693052440760369
460742011788490
485966105931732740
561865695345972682
1940779710508873198
2255589506298106624
1100605327239104669
986127764095968578
1126237849746064753
676273211357733245
1900929235529583765
875004744394020100
2175894669581644415
1101390798494388996
1005775298883771603
45122863839936045
1503628668560347575
1887556895979528277
2256096744809450249
72446866508095793
1805921259404211424
498007022014477647
1020815531556707857
1229513664604395862
617233576147785498
427808245514485790
702286751449433639
1754245572131444241
346258907311193785
572819315682375806
1802757747146065699
1467285718994950666
1883710278812665870
1781245738756569656
1107257837401632445
224416091767845529
2002976709738655059
1491534169764944966
1067409568509523801
388134287678175290
1123456785984650493
519604713970871220
830806691045628563
1213030757940602563
223145254922178882
1624820290517893603
1884052950352672332
548259854527341242
1656586379584091811
108671991766813288
422889071326620279
1516736604268292484
1078140061143613878
997308856060885538
1925374876367070619
1006718333541088260
1829755014951059700
1881561665653244370
1501589304136898510
19922880235864572
1111174410007048322
1808283568604404828
952404183140517494
1742480777843009210
524301032428853556
1420478777655226385
1944597421535250779
530040197241469477
634897593115478206
2241976163695950025
11951046380118434
1511204389566257262
962870600294575677
468620715790781376
2031440109908370479
1381609511300097811
1375186878165317394
542286538169674719
2152787493117441523
328316792036914352
1110280839529744786
1379023061702180909
2239044684082612608
1352827320641571940
1063788862498971841
181438908497860054
278982639877303035
1393394798535908598
1743728770711053923
54214504809712185
137921324328592231
215263744869479392
52102014780006385
636054398063483125
2105270718173514497
1525295072059147526
624951653457999060
583317274780242267
720124522011755083
2272850429331469412
278198244051501487
109453266942628056
2178642810815384148
1136682025989911807
913682348170312235
1901059908208252136
1593231566490669660
1373030427542432760
1979565230353036467
1285110825312554471
475741199653820999
2154223204717979909
671193802603240857
713296191173435502
2100557164049916377
286217417696132764
343721888708096107
36143596530086254
1699183749599904757
494387193355183869
674638997476401636
1444575425794864406
1093393260732582802
1493341621352897074
1965478170802708584
2066264855619792865
1089168604527324664
320241508844092507
776800636539200091
24203788534143643
463221436029987049
1993771232697508024
1348758570517856054
61873774738522522
1168341647228602839
163260237306562913
1216130151845172293
346941414227739274
776874163028494104
644241577080339165
1540901321903237666
1520386539457981690
1658708569730057011
1603305649603042491
1123846049777687
1622555637218353760
2025104965399397764
2027377052082247902
1555865862588700025
649018906426845425
1042230945373869988
345836044154525502
1836630896784741486
906796274189051552
646318209253108657
707286835039161084
707886821487975488
1344861100640508976
1514120260423292780
70318700101422472
265324819598296009
1716585301215031294
944297139785174205
1637756357977019002
703147920740420980
1530782768607918312
1163412223851771527
531459694930540943
264417107729264405
1227453144193978387
1268815095143638679
1849986544791928635
1573466067351906238
2035200015882829696
1693036472174632293
873770324364223723
944482417306941382
883111516817024380
389969624176987485
1146252925149073764
1545378676577983038
1148685809746317825
1689637238350955241
929697719023515385
119422861559736803
1763548401455853587
2117168493253788769
2157966776127204123
818198128442998913
355372676157506044
1697046735086858
1450891400188815155
1889270542094357352
1909310062522431326
618566401806248254
1859252305277751648
1150592977995830067
510073495857582397
843826295614986115
1121718451679014984
2207666625503348847
1779602856647620447
674148636343170410
1492805977055538181
1232786498729425812
2160083559423947688
723734339623626645
1165616952018016798
1155270150316804684
1858923930286060783
2058120336022277690
145369303030269314
1089643144222974399
2146108262035423634
602518018510535634
2259071127302034627
611831595601641798
1504955340514425962
13406696846314646
1383772085553512738
124972352157512695
1236266908893288780
934712460532764176
54420379299638835
402544959334982427
1133311971025008468
1015924368009398606
280097297127604763
1870617666429114133
1747634481313868406
1781285685377540519
555444497034052745
1972314050051654716
158500713201458289
1226887042515075139
1429415613269315895
2219863056725836340
2131030821109969971
909466810054468299
1846533307357855741
57904198292700423
1524729044941944922
2009564892112333456
2256622199899414920
756857623365616895
1264449585680597410
671662781241793652
2048897974140935415
2193671452128146623
540266253730749522
112048722513267752
1789085595033766544
654418514791734402
276184743652405878
98426066033306090
1594361491962491515
412880765078088090
1312796420503040519
844256795639712117
776508123224109631
843832954809378353
1623196329494883426
1628550056129853013
1885342110508751695
1871088614989239458
1601036049006593799
2061988888263318738
1082613750275844372
708825118246246586
836316519772520848
1389380477726360913
667243183800166235
901869091103915385
515925196302913011
1480559494608919463
662046580618829981
2272386561921512372
698160318077548200
1280185707704680255
2020904798031470220
276148102384437135
1365910668520797119
393291192059037687
536664164581774892
742136719171716736
1132496928362659154
1962362476043897293
1932385537071080007
370461350270064398
1016575867990729428
1206898977180952720
412153231563210593
1924506763551080812
1593213425701234838
1712632209461321306
1404451747256861603
1262684930310893416
2122704212176341315
1545624482282441570
829236101840398730
1451462786302602797
1992349887048390363
1290014775716012234
1441065435503802177
412351205808513369
1148111774650587692
350243395933948255
1086316368556017744
1384636323109209576
1235362456414366836
1959279772998169716
1629605783141664810
755681808945157244
1473436346565514179
1594105844949382831
272495731076623940
1820010970530969030
2175942328379101723
14615993534389727
1846409343400957964
158970628106042683
118501994231617431
2155231595534652355
2001241175303359766
1610369108218726080
1824608465937760462
212911290173450026
891404688104704276
207604315907132398
2010138572608335512
740861009678440884
329643009062737304
510376432115255307
2286138160171742050
434751683432709559
1703667275994811245
214934096281763092
1942269258972319078
928622704994809805
1223778463831135119
1496248514513581730
66826358755397085
423122665640701090
1733263423640611114
1490192503312025814
848543708555869362
1096073365128268187
2249286809180007572
592290244692656650
539723764511319100
1151069503817722897
1724075104857201034
1761955192130176457
2154900702783645209
536917556104685361
860251177943640222
1979055661366655551
1091314966377562447
278486287420790007
1025542106715403232
1954253371553263701
1526905725011508806
898403310974636584
2247605826901370118
1386657682971353201
386469013444074634
1979699524315519087
767322558039460944
815717258428615282
2083351589277205957
336895312830646463
1786817389847086385
574179967056137953
1271610897957616747
78078762397743049
1019654132829653689
1117457516324932276
625423506034722588
2176530785123848891
1224902433683221822
900080170204912080
1815873830968662434
148378156984384460
755487467087761259
1799096099008723148
390488238530879275
990235446860200894
315165477983383956
2042041462364435033
1513133078163028708
2099531994366217557
838917360926426506
1175000445954087167
781552414888973951
1875973581750478547
2199980462154862422
2229632776003630135
1441349622657035000
1078562316444009314
894896144317791681
1465810525999821198
102753614560824522
1688410045015106757
1040235892122268337
539943073899384698
1879774524723855263
943589080821244452
136523727374147642
426997166666162787
197843320625080973
184783646197224149
340558060666165164
1877403843179327221
1122845169816833916
118141486460953156
1358336464857828736
696997650587880019
1459492348724103225
587730823771713720
1751160559476038969
1185145437031917944
1291817772051143142
431147429790627360
911196513534322374
1125915037216463040
14102867870521086
1094889688092861177
398613172694891227
1932664976941638371
112986501929118444
42692651930672287
1225478895120517769
2192595354222442865
1473956106658107797
1850280098972971131
16211238972146344
1109288067615765714
2119153949047402549
727407907487217192
783384180369369626
1207975147640977073
2211812341158117673
2079473660884716439
1505868389952077889
830946948953451123
1282785845972409527
1063981588156664133
1138428273029754417
1296656857633705568
2013505541664647804
450491816618641528
524475600270718718
1376563236491466552
496564911380678328
1428214416353723187
1885108021208182864
985411867975850774
526548910225438299
1058961662286991094
680619947415846534
1751580415331523918
71155626829937717
1978707997798601117
1515246681003069833
961784398139777090
956699346008912266
896149641534456594
1028030974687994073
1533001886787021142
1778893050916093632
256573810212865880
848103204749573752
1064189685351365759
1728645851850744677
2177728452115440135
1697379733272013356
707622905178270763
2274816694323932842
1274441630266145560
2112748641197101203
1320900635131392603
989473260691071151
2115696054898108191
44114381922750723
904957952070396633
637647005951988199
1938185158944596337
21630206914694021
1851369185966325366
1404485097591883033
945107727233031441
659987756375884579
1161020594826982737
136723984501032940
1297702719483243869
738876961513794037
564199612042239013
1376167040277738549
101443394475908831
1124301468071943923
1536917394847120642
554884362064760633
1829653203504571309
658029776467047143
1840719158690282139
1327222972751432013
876840780101442766
1163914007928522863
712860504817631094
2232501043467441358
1954179167467884948
1086933706318307942
526584255170881379
602438622817976185
1483808433167852248
1033489951113447449
890977793723788792
1165927483628423878
2260834508077386098
2265418638287120197
1373844179846424612
982760298280168403
2259679575866038739
539919584033174773
1627572073467510934
1973667679346947473
162857871349198842
875420304971579669
1548311880254173738
2007012035165893835
1320878438668728160
359308420746784522
1193490305803088789
1747308176071328582
954543608921949574
1814895241628711746
2305734162683145130
33423425146966868
1498867556649846274
734830165355986715
491135836004212553
1524715822717995463
1510151885913873642
320474692684909028
1214990961913477032
404136885193859191
456992011751498227
911007071720037970
1259629010594579893
2242936627167700074
182022699503396628
1066325613751633596
1997551194648857087
1956743953092620158
397371920234942492
692607061030174619
1791408493133022993
238526519130057949
1692840059656201292
2232972941487924408
836521883314895508
1374319056838343517
64089894670947741
1760401637983062904
798365012952823709
25525561994530325
395591722409049493
905590837126716383
1099382682801259883
296293522800681969
2263650513031061338
1731897363548159246
2284746640165914856
1880098376890173183
303072896396416901
215227967283620153
1658271603156263673
590439469000157006
622299808540259535
2088207580978414342
780688555548575849
94326697160564425
667938272296278277
1027024022386633882
65727864063459086
1334175832075925334
1393781491358598773
2039180336086918207
541239932935099565
1763109885272050873
2235920312343763602
792978786212472433
281749796700553675
1332241687630481335
1567084371316739805
1041825327281197956
1714633998774962143
1681677282305432454
1794891288499092417
162790903427433859
318756338203763975
1704922005061859442
1288342066149165157
496549946731460382
1038290060514393794
1484377978876359996
1145291298640049401
1161379663512133062
445993080901684808
1854701621401686503
818304829708222286
1674054457439751890
1292748085872099265
1178920773987951432
120876768530808636
1595928980410452068
267756446152836430
447867169748515488
1845155010987472826
2303473899745403518
1472858951802910294
2103448217739281628
296541003726873633
737083165808090721
1351269287578317095
2164929023624390240
1412405077145779605
554845977848915609
305369851297987926
196518746807619961
1936865774129736031
1702722642767349218
921816793292285855
1625212592250462797
2212679264843946408
258724184942889410
1032063044322860520
573914259966382951
921441344757598806
399158728474372589
2235236716065735862
2266921761742266536
2120460473247138110
623346675183958306
856930393933798128
2176834700233370054
1552873148479340773
116787714611885299
1181351723154165134
210971529221792354
1638014872622362037
654840289366829034
1261703855680409059
1538780407918848272
488405328122890679
2288933073450526933
1243905312474787015
1581512412700489524
763300712101198414
1276173871768454225
381565446550957990
1547063596911619403
2155668538271760292
327299823726450952
1268264107863789936
1170529005424267276
1743501739207773313
1175823819799069050
89581100308158225
219311394672015898
751191952948103667
1807601947831624123
237384909529523749
1429383579864273829
586058961153368347
1205880525399175026
414550205181084352
1876107976765958988
2201973861089309670
639470606901217393
1727840838328752498
1254204164255356588
753489760211918131
899548962299933285
964142109549105434
228661522740140610
305800818564870086
2203610920350806797
2165606456508020706
1378371476177616121
103530181876398658
2193971013976685531
1721605751059448197
1095848406091653261
246223128897243956
2296446247255888665
1780519771406255592
1576062495115507522
1965986064410672285
290610372838182562
1058788163565062906
1742032398380293200
960246709164058360
578203468306808985
1843056309112861284
983469325283235
431653750754617337
1176049189282324301
1464673416540126366
1199408496547817428
1264075967335277065
991404682563264670
1587442561961608891
1140581413314299405
1559991358222144560
41513571474203456
1919749359980581739
1961295745154263406
1720644521182263354
2056670188659360006
2247958593794037165
1586307754419504050
1363638584914403021
436386022150076031
2190944885851602782
1149062203873565770
216555770013342678
983396310526872228
791509238266332083
1736227943800966686
935497380279345226
2206738511499747630
1685327085534301125
1369556590166120366
467369061416400100
1862021115034854463
1902442004014772033
844545157108207659
2202899338119015699
1129760951170585119
1303949721968992363
2151197344339200581
590711790830027957
1369472152982554374
1870711063273056163
1892619987681318534
225428138330814747
899688938398444059
1171531681731712937
85043268162717474
301835852913801488
674912008997914563
1201328988538188593
863415041016259894
493904197269118035
699194926424037382
1078753816478961312
1427909436097945933
1682076694768076911
6511733774415273
2007765634010152040
1289937730086337703
219639914036973365
1862014459564228841
1797239535363266117
1434067179620412425
80810175855150068
1105308506931744007
1981924736600732885
1527510617075514960
975971579200308440
589307212547020483
751215445905673204
822617875929564237
1243441734772051840
2241014140696893591
1379007760224682482
1483998026350341197
1171373722850433603
1339004525244153753
591544764912607460
201571015699588675
1425782176132627597
601947223792610347
1280741379233387342
2049837638123849162
1697397528803698609
1253843958720674404
693589036735128900
474739872514155911
2116981554204217600
13519233931725523
1164062850781777114
815452591218974831
1511378492077152938
757370844044645551
915939307437539558
1306502276620821757
1974545472261215525
1780310451632944577
130883118648966520
2222266172972533399
1318330247929517654
589794522050225107
1121025915609025019
1212489199984063620
2296191913160085772
521524513973405091
732409217199019554
1725445339756591361
1098590502394225301
273619549487584687
1778748013251784439
1392632226258340
1984513701625439573
1940655014349896532
2028469069385777708
913530764419032378
1513711811591070777
318599419763313928
1719198824174594190
94966674183768423
1452201665482517803
1852771867253313228
441541280166066247
386472581051801863
1718529233097377839
1451925009830714812
650368271220566770
1437557431804253322
747453494506582805
1615841312330509691
143666294733394898
1870675895473513398
1532689179794827992
412791851424071589
895809854613954430
1209521586145700043
892835299463895074
1140508208066714250
1539550887985807946
757566309828803255
954636441349816601
794248914791305451
1473096128883201563
637951080964216672
1800863559507668690
1423631289133924893
1834062208032406167
2080025003648415168
1280431134449382805
1543974294064785345
1095740376993501670
774193292734997306
832912028243972186
2029090710203659570
1907381887639071734
2129919775049243205
914972300560305911
534006989678433478
1281008311706331398
2187316013592786872
1625839368997759760
1334879720861842437
1479936462757325682
771455608031688340
1324614757543214075
1207213382484192890
1316506081498618073
2283513710324855651
1455695433932599639
1190267765326661761
344436546117413270
1965881536945244165
2130390157196073740
938319244328403903
14730187867319384
212113383258887824
2163926294613979007
331620046626038119
312515740519863910
1761080921917372953
1725455372497866659
610845389858461942
290122611632093885
2158472177722509913
998377873019155468
1931390326916299310
136021191598161199
72083908424172404
1862370909727358111
66776397401873208
400730249175464586
1187207121367486570
1557410169729926340
756785719230072091
214013689646442034
1487822081834599762
1452316853034967551
1198900860796321133
559722129876479597
133944453061332224
1655577049503017514
1278386600529437616
1603941781576392453
484207638601368147
1297255780404529684
1764298464120512050
542474096623875340
2221439471415025020
696869917174021422
2233417982278665464
1152572578548520409
1702730913539541766
862660373035520625
32904188223082464
66279025976703337
1272090370922581045
1417392367830877447
632884753164085674
1404722497858996512
812096315108172191
1056724395784334325
999440470385989344
1937679861790634076
834738493827890041
1805532514757822963
1348584545733602164
283441950897378349
68976714284274612
358854016314444493
1903926388287300318
102796256288353985
1065190008028640215
277782833727454769
2223695915239622320
106628799367547438
1153206425228093920
133841688014321805
718161117109610914
1249404212905006357
337727812687742702
69242329239177756
1176810742526507852
848196747465448681
899410035431166708
1690253235361668474
697712325714237747
2172296934454706025
441529120111594412
2176851343161232954
1672729186598675092
1265243120269385294
2037809960860999396
2055169682485294099
2216745337260417694
569941259022206937
883482351947418401
2052183333470412874
146476563977065777
2087471762276526779
231150354570006969
2158784408471949476
1755797237237218574
830152766871169457
410398286757137467
1471572790481604478
2133616333230581624
460126809532705860
2169275993676871442
1364420324698949167
1898646228532435229
460126407306520827
516655010919395471
1212275471509245213
623574070324002391
490839127061100047
895977434041667351
2122919356179161201
1628086524680015549
141108619443574868
2048794726842045323
87770029459474348
2150372185646468887
2255214142412766285
1532179584681802093
2301176183698725462
1752502290732474463
1345687539146809015
1894158338600750026
993141142212230541
55164200234330954
1062305884262348857
1160830485438207555
1359626848390079785
679400606250412194
1646528507266956022
547788657514664632
326157423232977146
670482487199166727
1998834093137129157
695410383126338688
1718538330283243630
396489758606150286
1902223950462620034
1516282621762779038
93532685623723791
722441182207949834
1588405754792803238
653031382177841956
799657854998525919
674407104815166346
1414344221364676766
2090866233065122101
851448075744087697
1238289157376938250
1081064134619715506
1707246769027309452
1830637027439722600
1277785304921805400
2049322700252563418
1525116400795171609
1620701941382632607
522292957365535826
1937978095495236753
1499975053919465124
2184548342856328103
884368833936364957
1695611029370410
331438105367832900
1700215607079194766
2243491827285585958
2098820767308635399
82977511023087693
1904236940714780864
423506520069033769
2067478164426003819
1237580191895218192
674906572590741029
39361025677284759
510472899988909659
1902116561309229686
1058188050877730741
1821345229333984977
1899600222331211090
774769715222824975
2243495274764888929
1720389607932857462
1970240267074335280
134271513788073751
359655628007038242
113033760457661428
1245414705108331302
1387814633260182082
1776290840353986808
1147233303184117943
1235170089603990494
581870175000073937
772774735168879677
1783539595862025752
1344834827205273543
739960584073878841
1092223305987517377
1309196833283544939
1928839568200002151
1115592492447067177
495448191889530343
845939866115184223
1580109053386197044
201769058491472963
660772558494946258
1259959874973023446
1750173027898962735
834175409219313374
813520070779775609
654443743593519163
317053487688207596
1226647321385241589
1660427041221014258
474569164198556305
153226145526321099
1590121048609023368
1936396868820215672
1562006539483342453
1299759014773522580
356250802430457992
1600871721482677883
851158163088678612
2134928845949747055
2146251014841253174
543774912481353137
132800411122568157
1657601961094206860
2115813082978723812
630778307124755240
809312271191791186
395005153360118458
359893272842022036
912144540280765992
1977066577356400917
1904160148077475948
596068825396395746
2152327359656812825
1477306071473674881
980948344012691814
804565248256345816
1948481421784381001
443453779064478308
1439891080128545642
205571871661111376
2079996643498944396
200269763955668825
1399286147271980905
2196638278525590255
2184080505056396857
510226589480541349
1585099293342549318
592646598003906647
2025440462342836918
329884182054052703
217668039206796456
2236599034110587164
1994579896007183829
2032219913582067384
1928761901728030523
501558880625388773
1351056500313029552
1097598833840403474
1802351927727128467
2175282909543076589
247302089454947311
274495080740875572
1984731966374389660
2241652095482358079
733994452597423825
1018618158738326775
803777304856679382
1669587140965857497
1911277924464559270
1974138738162532681
682632871005263698
1187349482662956463
1255481314058979302
78789726098832257
1547570327174293233
1675796015117552568
2136498255232777110
1292770099202960881
1954668674893068349
1656724638988640066
1959820375371466549
1675459518752425513
823971857506353556
1517184888126531841
1704979637786271099
1826148483723939192
986031261786143381
1768376596442269747
839516298626144581
529396979133634924
172214487807337969
445418147398053835
1062953531581732595
200122495577634733
1284145955949824461
1823663977978206164
1419673080449973422
555962375523210400
204514264040411105
2178593881823803506
1859111617881755934
1797855579472127073
857110629677817842
2003028843077215345
1102354496388743677
731251592266276862
690950332882781721
1731032998999826462
1637931060804709558
1082526863301575683
2098583471593668459
593729772090259546
1935619964668839864
1161188658884731774
1462950562122482515
605125200200606168
1974255201722388555
2218116499755572073
1854638831709585857
1712067181287959547
565671694405942684
817392626824339924
1035759668225109556
1507666134451529030
1181579747235337446
481272548455574960
1243640171399202434
1070636787880962528
920438674211318788
1461321825964526264
277616165961027993
1548646434506785607
261699544039881604
189949149109391283
1139304170055558204
1600415273447170037
364967264040593132
1270293567666268905
187264226005964873
519292664155464265
714302272280177709
247225943412144937
1681836150724750212
2135345727979885122
412419375936719815
1042101133817711822
987267281103171903
1823895860691890031
1925511794465652347
1803737409363507385
355404957575161678
835956494835796545
412374051861509872
1233400576787793223
2067575693542834015
1843753743598379954
1879654789251705604
790255849568690437
125612325689684779
2178036741773342541
1437710184978705669
1432288699661872801
535200478563825612
1891862888493509732
1508390861990439880
2044303998983132642
2055223351425079352
303568822895569095
463483096201263762
700174906865209230
1012197466591074171
839810051955554523
928763758338364152
1553150032832374119
1863254296724728698
733611564152987074
1823176769755630575
842432193837893059
2091395984845958488
1207335173204707665
1494512866044557837
1136283258517570457
2010068481691213360
1316357147266900270
701345424715292509
1163453993511456626
1432683467883390464
2127694277033541620
2058699795709819589
1913226021175578929
2163650435507281497
692522723088136950
477164587190152612
1683318347698403752
176784425123701671
1682754541260747088
1569606376313293766
47114887121256698
2057937366103132733
2274331326221931591
1740882691408123257
1645472072306066887
839250468513888434
1356102279274971060
495031503374548988
2272537750479470258
28520230537785373
1861968142140760283
667334187920809100
2019756775513501636
1477722564070620026
606249342268606091
1565117117582505873
2118024301705494124
60196416600356119
1190043729926794729
1096716157415284706
1938726123079293616
839453751131492712
179160308631744780
1290481582517430474
572245937581169462
1204835174704209079
1052748472044940822
1909949098476395358
46945829440302890
942222460738449945
683755293362233130
2276610456842047284
922070477203251451
1524831669404564450
937135684343156120
1838443928799419422
1657770807592885815
1698244731703024638
149327395198022623
1330573079483085353
1396175610752483372
645437099408499713
1269015962430425642
1409376174595666704
1010593137116586356
2107863085320888484
2290563452415576784
1255173595642038242
447114570205160595
2299883257786156066
2063364869602674738
820939667240877513
580563797125645238
2299166766508371752
1051092580872909619
1049487298349650641
396355653395656677
1880570696726915503
867026322596272048
2008199926848266729
538788096306856164
1381535186606622310
1760537436758064468
1770824115575967017
347180086648467489
1440423987469581645
982144234683769570
38705425484970081
1456194703783230984
357922276453528623
1787697014206596245
1504808031267734574
1878227640387729890
1184334383529597754
1204347574012911340
1962856499122866555
1189018161453878089
534352605668080227
185501463275804832
1131785216859771290
189579377982207547
685346890668059569
2149966879035083219
1672189982994505402
1551017205219789993
2055948492200943179
896001648459000873
2236368830437921879
1039517566059054395
1630166963457288016
2259653843714073145
709976010835065766
1379367585830300684
1438048319388297667
1146635065520550978
1182208465979033414
602803942904549370
1775170821905213461
992340213233691919
158246071858072002
436207248379995367
2030730022311874744
2091662895751090394
1989318752108776852
451910011244944948
546992621344030709
529535043145108185
1912472069861313498
2062969678224743504
1316770723192211016
2034344714261598035
1604964253305518938
880536235581495124
2286980264263945556
1660233278003577700
750087155805289552
1970688788330820901
74280856233319069
1485754054155966414
1480290154776175387
99869720448632619
1898362890337554772
131777877604101343
816057730313965477
2243710355600255730
1012956729780778823
131251696787111876
1315221458129791230
1310865571058399259
1292705643957416208
1369759225608937482
442357751304029142
2173870949027966515
365841904816463206
1506646312977973799
2013993439214038100
540619179610276987
1195673063857356302
320136005426780206
1264595423460522912
2084514426113809764
2149631405756238447
2022761031689772586
2089605236927005465
807461285298948097
217755488549854419
596295056655658535
720879918253890687
1438231425724310084
1407511678771188102
1622638773461379194
1512881033300925198
1940141663971285736
1325286229452134903
195947896945171979
648023900671134533
346839971666046717
1924909562880887443
451515155352235263
573529593273691270
187138423763235112
834812335601539408
1347609755062675432
787541841403137268
375929923552133786
2185069004962361832
1441054900545808177
811951099656062443
1123831299091454756
654229113101795776
129360057571314474
1551211373786461697
463595485493148946
189099519882545846
645829411887308873
102793262542167060
1457239609252297643
2104806197406249102
1514597322702360581
619189233620998195
1726288347325781091
732683404790381978
2255637254397095642
316199061164407771
2031475647655677329
1933746780488926917
863778798359513106
563570687943039390
2300910769207088015
2226662547965790281
991598892094014124
2252944891822904936
688460960890469902
1298936337121015028
399335240988215663
692360352813247713
526704790471245774
724003212534925758
1245740122335335597
2032561010161871949
1656388832836552455
933613939241685284
1254132663291200092
1543793337889387678
1340202572340492068
1547396797279391252
1945090204210477277
427778297251852681
1412514758968630126
2085728471293705286
1666471444563803771
683865101257878196
1089525969216733279
1372840733605948756
2045793745912966752
2171252584748707416
1941878375986294283
7001622421345296
942974034324959437
1063410699050754617
1905082303663872259
1769153276053867596
140401621354680370
2072324694022816319
1365114485171073576
1540791591406802547
1406297111251212975
682535311067059159
2074279525782388342
195859031542345621
1394745597979815217
1758194547839949098
1609107404865702035
1928222371021243691
116425617399189510
288231285215030411
903697925110767350
338689968110985245
1412809396241371711
2125221459017282649
2256616257897843938
813602523273875880
1075999223789446683
853336678572480351
1328391164694188910
1987645942955511626
967776756467145810
585912225584884066
383209157984621833
5975804435390289
65754159007366085
2166525808824549203
142787237694089870
48575736732864661
1749030534394917641
2293708038196131275
1305579372661314080
931379108344377152
2122074248905187400
1126743945577821908
450480761287414780
1066713638000413890
1646203827028532238
150250553127823045
1433697294716208592
473775635413623143
986738357704882818
19159603032507955
1793889259091741596
697622568618611710
632232526714852633
1396021060733586148
1753588572634594504
1870641637487953943
2040131970692178137
2139753548092872540
1391992833378548447
1282163350963613168
667217875310461773
94315963781937984
947971303833280352
874285670249244106
1955374583667770686
2279113466766136437
905638202337856975
1312675616198169825
1368815339899945130
1778311397159301634
2277632100215637686
172527805869673530
1503264261161885640
1309688092730379826
1684159356087033401
41865140776314575
1056804701386457915
669575330214353892
1297682957916768872
1917212781502680450
257683176680806977
171730161867168269
921952951187133618
184183610240659390
1997963590890323053
292615496119595002
48337153340469465
797968095982026984
1028068818305403378
1891983598243093827
589011859771322559
2272863604767898566
493056837623771902
1981255673990215951
324694974986363715
758818363131585474
1644807177027119590
1722629992140629458
1916746005800730229
135655347751228884
1351133757060784486
720306569294330080
399573021218098899
1269020722589566521
219110177682733234
1476915036642836948
1802071309525248418
133719110257377553
381811266085454808
373227445720000801
259466686186014590
1171799953897494023
1052553875518452052
1822989505966949095
126099943304190213
732188333367126471
1724846344075578530
793190257637538628
1785266470395051409
1858580750844678634
342878122651834188
233443293552341355
1700586391220864722
2129086101358700312
1547797668133402323
1634571451362680101
2025631002020077844
1900681719975683258
1213698010576579283
1750714305454685382
1622685848150265366
735313335486288932
1716468649066905281
558531911301007124
1692669969306344626
1764663765700579546
1376476838856722103
967057641945355857
1085834259439097610
843259638406730547
699140762799578650
2095434342281895987
2138176165693403300
638391009661167756
947693279244000749
39883212256536681
548949589917594122
1013025941614414173
2208141580012761484
2051360253296832865
2037245132869405955
2231896337123930721
55934359626841391
2299771128162372428
2148612711061044649
12864418729932480
1911175271364252434
2098166614965220329
2139679833701763333
822107238612609075
606103316888279715
116982199357280252
389329243980054977
1086017570495022772
1819930255481450252
1912408734438903191
2060232805945073632
1618645300118605201
64658602996301435
2290824475766466189
805590769748193702
129974411716511589
1544444901992199508
332439980161406585
809073526253798742
325417409945441275
1252323915453195722
2061914452578832241
194332068221076571
528889976867945348
1620391945969734719
138922796692115003
1574377755840468901
666801537001906333
1879115230801978329
243109413116911848
256693555177082672
526779130752320179
791678482213266235
792539840443632637
2115114002521045466
89804783629479648
1400734838239829724
1464940309671837278
305992341360014290
2296653825592337534
2228986021775442387
1391720767362167699
872464869927867340
1066956385719320588
1629399772053454918
417055989869965349
2156356469456691534
1930563622284377803
471775555596453862
1841275324814786694
2074623795477752947
152392812176442919
2250849418970002258
509340538504590498
1019846616415069504
447329470290258469
137587551014722220
1352090268440373474
133548343128184151
2038143268522510663
1099460746394840303
2301197941606231837
472333430730083451
76664499487005787
1963503957015381298
115290547211091771
454773801213655961
2265214145236690486
2091925665961389148
1006565081285631201
1282808051474210713
1249468381779670287
2241271760539902647
1900367570581330719
1057601874679315404
1610352896784779284
2072199239813463857
1762224139981327674
768393227034738791
172807204145579317
42593869081875785
2103489185125629842
1157486712335690478
993293421001149917
142199491414172106
2215536717356451715
1086153306953197053
1653349235542933286
213396509927000083
1810753861078751536
956941629429517515
2258114490868895126
1841840935806391486
264942753004675025
2163849133968805322
625001156916028176
849995880385761471
471576638672565882
141159951012663516
1332326022867632007
249645002510816979
1806806267688862215
2100084828789989747
149954700048467508
1918311882682878260
997824444940195961
1891909433248132030
1300470540612732151
1650259184179923551
1364660660145480094
1314733429466188449
1796145951455596424
857217065266217421
1498931754797888668
1615925255631312784
1306314077845251211
119180692965535812
662063237007138653
1094276909651415845
1847927766479020613
1492568291295116316
40214626635820124
2136030097766936933
1946523817672233659
1427426347265868109
1990851108230075101
436706793608009835
1092280250256734213
1470755043279336019
999050285463912173
101004922749023858
1980812132296850186
1850049367549004991
1029356330110297386
460365863711487204
317053924091509180
1748540134912968318
2139013155903848959
265718664412718097
385417746625107741
1978328025913933052
1228244450951510399
2156004169411926104
299717343252874703
701134432397225276
1652347694997684380
1931033989570923191
1018835004221292419
2153721569041819955
753565341697927463
919666772267574195
2198517356766007755
87366060782453778
1401529283973463924
1229345089374779341
30018771459068462
688825768427028007
1721196255861528204
1687833485244542723
1578793612466163164
741402949330232379
880389278191628376
1778806449143388887
495681943284204688
1665023017178412708
2217971987253071151
1017098136823663972
772120018205527760
1659456117653541455
416873061882949038
72895814975230009
1287252696907096671
1993325014820304517
219751422840776198
810541772842283700
1332541739317575884
1258387185232264276
229379993464859501
546312352173302233
274900725440863290
1352501401291527479
2097675342748560016
1881193548603215843
2303645601607848883
1945088881031247826
380303971916414330
1273846182649247430
443713530652835294
158613109960676918
2080363392846418689
2066663496268980365
1160038625254878234
1801082105115900350
1787690235240391393
1076987902158441371
886849692787415604
1549805711758902429
648747493168307474
1770275931438381150
279401247640742631
756077659845405083
834101176627413869
335098396440998757
1327378467670452410
225973255484662708
324129908310766824
260075782842839202
293724708917780528
1082774531102684381
572972899097669817
2038584731484026403
1939997190945958834
967904871397029666
1237858761056713615
984705247470273849
1628739046370024731
1314046034823041738
97519628165401818
432148226974681839
517282399099731074
614863502955478449
134274559320613595
855562925391708137
874466840825886878
2024490003181048888
890122357638962766
1130845385614681843
166750316754718923
252296984329656432
1280634447120759598
165288685284751564
1182288178888092775
1522108574559000170
2139618452719584476
2233386641215238380
755205330655121883
755336870309800037
313663539289205610
421030956140657285
1893784021905193536
1523663797304682624
144688591583141865
879839979469358521
2142469702025068750
549512232288221272
1117469433903508342
1580767532443118912
1849563261853856850
690831179939395210
687378586341911933
479054432104036886
1008391117548013552
78506172640645275
619833747597326645
100240229614377050
735313410184455235
840390786106010316
510670783417553371
2189581459914778070
1905883968394604443
72130405018271742
947421556305656588
2257691069611197728
2285135115643676349
666285896427275371
1151628616776965643
796972859846524449
1711085074599929133
1483544967467067228
1561745416187100801
1442684119120947212
1189254531264110711
270854697301859912
2031982521899679650
827916158535507395
1492793689815636608
1444793168442724460
1956241436915639235
1885421607244939472
1730327088643744905
1928841995695109375
2162435332782439549
1872828174046917994
1881389376768475150
393603855327158057
1122411024949952291
1367621414866197632
241443594928633148
1439749277341089080
2187720627228145582
438872794615959799
1160757559701962162
479032873926688009
1450072990905702384
842335928650765823
271387617767907552
1664991976242301725
1473067789483406517
2184993826943086756
1056679233202145037
2142502611597054864
2179129060462597774
2147395330567391292
947605610782386207
1147785113039830024
2189632249915275126
149150216570748437
839936500096890576
2008654861410674587
988609187762222012
1891661806377883394
181161459454337965
1784953532806651584
600474683122989263
658168749650952356
1118777916464252065
186762999329825525
2059170948539994744
435095030929260389
1860042650648576417
2125017873682249633
1070910348767133571
165804444218239685
1126283715072726033
147288723240333328
192474601446329574
1740703259532164925
2126170970912543399
1318512104544312200
1786529623580624683
845369343726380319
1924184950682577035
1730566405080586261
114229984455695591
2218420335654856414
1501563467646558710
755476912455980716
1990921930705812004
2210690326963290046
1799314035202388784
913701709213319448
222362892635530901
92411808550399128
841149195409272116
1901982515140708796
592952573124350342
150702226852293477
509044847356194916
915549102099896277
51423551626624790
91094884350798522
1692548765278505012
225893924408055509
23819416894107669
1589100661799207509
329687468123067811
1747108950183981052
735938194030535135
42691220007020707
1559013582196837021
2296622442950742153
1793438522376179886
306391953995866580
2224146245835696007
445422961632846330
440318783843950591
1094471332844024660
1259576736170659651
396738558677800767
941471391193082409
418434527154455412
1135319933743971630
1981234649875209053
1094294283499022724
490232165676793181
135463059383113179
473898571491105977
378768577838160069
23545873152357307
317006777677462896
339359693452576244
1505314499843606772
1572671957632174645
1799657650285418808
2244045250863778138
655084929609817162
807253839719449967
775496132935210872
792402520886981546
2059829557135797439
1409637098643170856
371108474969927153
797413361627195708
1623942501911818112
1405921670864059826
561055884557735256
1495751975638006250
487193040032299102
1203584702935109435
1254545051373135140
1004949139659016025
1865894629930858818
1883790508595451998
2158522660193204261
2138448816855324221
2111724177271844218
1215986316785972794
2280277249199849741
536382154879980529
1672633325416552659
2263770384193226873
1868313095836300760
717778968714638419
1682343620980061545
416611691596670122
252180095960669705
736094224754384172
1879107810312577324
1284351080798878182
111626812197749216
622773347876065692
492060923083720223
408270371958628659
575243396441447843
1617273074265810101
232584409052270114
1644036227653884139
1950689973607410518
336508655205610704
1040878235162593065
2151431208691200516
1373834200785387843
1058602316219958481
1544108040639804696
182901931694441692
422074434386181561
924267996142786628
2045308223503535020
993428960716779897
329432656039211342
1258004765471890781
253577725230533538
516565068531345099
1226794007205442228
1647463352220502158
1532153474243647096
1252981618013325192
1127167170031165949
674638577735395690
333680280650853735
2038312174375826663
1022543616707840709
1122844686072436988
837104057139006057
2161522442750504414
917009342285612670
495364654978474431
96747140184274813
404901766007143172
30184083508705200
2220956340212252006
2198849152431405460
886794108402792478
1677171453656531911
1239722691535271714
1039961490695122744
890508855393929073
1795804556883986068
1154843430533363161
2305014091593385252
6547266771135496
1713284891983291120
2051662155697622622
158790306695148467
1429483358449707179
1301969286166416049
373196438618439830
1181260214714831014
2290948317587654282
1707241262848452846
186446597669551264
2136607997785232171
614274557323241209
1324207770936672806
515579323343800590
2187199112928548734
670080597525302668
978270046520501169
191534542823335615
1769513023385368282
551525469736355707
715117393073901686
753075024666724306
703553785151927689
877212214687052463
986086723275824684
2148218657820663638
2010635585327740807
1228428099903660189
71257409305236947
1294849836065137897
1355378258480476922
1574357926734923428
1316739385324153587
1190291952468783138
1485484159392753808
915094308726495538
1301536899908662555
383560692034884519
183552933923551703
2193668022474255410
2245950841077212058
1929662721691689048
1911501032990906947
1940191858936653439
1695146910692460702
685259174745827903
587289504909290764
991545875312166803
85598308809681762
182279407847907840
363948497918983375
746143108435228507
1484662301592053166
923313136254480564
929353253195932292
1238974910491769031
468462025340642925
1673484372854956919
819037433031428675
297359200496668539
902174177570316589
643647131574152571
1042414788709354736
830094763420032047
1541813415380405497
1539604935585167752
894152382281288822
1535241026848794431
784022339228592664
748763009806297025
648847535012859518
1390664633509243788
277033986846467064
1505220644066520538
935952490999235141
1795307646671079013
1785195960292296204
2245383541989041490
1209688967712499098
1085773402799432700
1402087412976968049
320713510599884647
808018330991000
2090270335762128122
554735604187434237
329448627165494813
1953199078514148490
51651138817145061
2228176963439045015
2015880472603787353
507608312602007629
179168210376701783
1631674284946008402
744668737949462693
722033390125915929
341144083705760566
808053167766259303
1702429430760514866
1195682356859498168
728890884394167192
380767823375316023
1063662399631694947
336960112152431184
2180331703138017257
1384362270245128640
1109847597882474875
1670478477737770144
594637043763829345
1865159748360083899
812235266775265047
2067256149398859402
1348895725233069085
957403065338943565
1526098102724875865
1570866639748514465
765789780520775662
596459402982494337
1763926002304235623
66423547796734605
1469156857233051634
1520437199171636647
1482173861513674003
272257754630277492
2112727662781716469
1748158621326626305
429179306987890125
629096561355868108
1110485210343934334
199314793139754529
196413224473197711
1263320202544350454
1480204526528120701
1449732618986401342
1632637757559352847
1307905305389022463
1737891150269486166
1874651061590747556
1062035458980561606
754438854787476796
649221009465468334
412940418173913417
606496227475387224
1962054998747695477
986060088627778691
1426121327841091837
1145045262241332590
1601875538086763770
1671301771014456639
1499354675055202882
63290932390551585
948430091885338601
2293186568608179422
1345270316602268299
252352609537323495
108324532819048513
451251657081930828
520640218852264665
1255801721566594046
1861396894707807949
2197300178357491268
1743764987150760267
1306061441502455236
584766017626784736
1180832447567196183
621095104498194252
471848448019622666
1829934608769087778
2059747670907723859
385405418414130922
998934115147820368
335902548548360980
1108245364944426186
392288725974026217
1652415979138732484
64577629076528614
2011705706429235186
434578189033933321
387030809775883710
1285725303895998848
87491788023455244
1492878595607481740
552666221331386588
443654607915666603
2070727508544133478
1938958301759625560
730088025821624968
1436777586754694700
2080180051336244709
2142702987017196052
595316070179405973
1657343699477018718
1112171296257065001
1826854119214067703
1694095620510657484
255045816996026141
1486823671644485020
276159591015237879
1617474733191291179
397889404065117654
1746374416642649051
1203164365127252210
1351909751865289279
44785312966089971
1401079789542064343
1092323427171410027
1126474758911567948
1718928536792816685
1816993234581034876
1577744568726136296
1731876313338769180
1879339793318936801
1128968656769925984
1805485741195526923
1011544144739681721
1867164174987598686
799055268460421546
888192893238330386
905688771354524955
264132868952081669
1939725713591817064
785388557798459618
1394438412958103022
1296622217188076767
2180799292420955423
1941514253572702384
1620931015911279658
557473331745793502
242148713113451253
63902061401601332
1246155534506629169
182617001218659201
857349383066334498
94777164540902055
1620415439277107548
1877448637592967468
665165006609851122
1810369347395559702
1890864430816078005
824531213954028497
294552812664658641
967608827471732540
213704841823265678
972307995755610135
1913668621541008393
1711841481232682911
2159490974155832522
1641330819180357387
1402222876093390876
528276349607733547
499901522576712980
1759909402838747273
636112869788992214
1691780945615145287
1738954770595969485
966896338159949719
1302745854470136282
1798704323342956744
33463169945551811
231840916124821505
1066190601363730821
1931109894570200595
318325225161374406
1741298809888642901
3761962120189423
1780423017474967346
32897197886316658
1030626168140318219
669417244067004433
2280601542924826990
1653116216879326475
1662465032494299147
183274393028231172
2304354330303218290
1859618507382282410
771479069364308614
1404483812865051322
2056034858885095291
1867237123082892873
912994891007970788
1001702349147612490
2230392807039953050
1231974738670767419
2238893238826172450
267050666542200816
2269073682968783165
774498799834289749
1440876291678439074
1463719525780204792
1765210214059311237
138957017491593288
1227759788450031553
1241013135228175084
1845455095998844995
1705115237814885034
1192374976711872004
1871596319430015103
1566754558841261449
1338681354053675490
435666951211990841
898078491211216353
670608325329387416
920452463663022182
2026712922021829484
367220469337107930
1308867475747136948
1451545130283030011
2034840036244102856
337013421596519000
1597420578996109140
543434630420119163
1390878868802000606
144036418575035525
1162068389649369732
1797741609994824620
2194051497672084213
498271737152771278
2048355329182695357
2182826036063299590
667243776621944557
1750347798519953134
669197179833894364
1718653332060354014
1332845877704787115
528470386375281965
750231036099328803
1224010507353160451
478784060905632219
799853869073100417
791469735584769770
1195296205831259847
634984607425829977
652468933629664331
1753902258676561030
51315306306429441
15099335863163565
1410474730454724657
1005629872384686638
98029040729841590
1311734651066024683
1622248381966731141
103446492191992896
1999156307132857601
2298637080689763548
594430423239741714
194033275925423098
1383671929584844301
671783121093182320
1581774902168255027
896265176909999005
353772849134009572
1801193791233882691
248398676329632912
1862068658887615286
1331823810352863791
1095178736278563618
472994240803698439
889874661555671337
1107856892253688899
2202170887882994339
1023598606336882695
1649799383305013779
2092660454455116599
2220756035403532884
2238086677822656626
2301002617555956699
319223498675320445
1608991782678668003
361988320186953448
1612939007796764504
2104303541342943039
1818732559381334912
457430803106763574
1579385144241705084
1517063956258883599
2194136066727919113
719232155905867426
317526209743373521
2198067864641578501
1644735986472985495
1842142938864888422
63802924414685147
1352026360927049218
1597287964568259554
1404193636265189796
847167913953095813
578008064749189030
437560547750827900
2305280507352534832
746501880212992745
1962386635193364754
508040493553566072
513110150816991077
812197460358852579
1342096799987416640
2240111787285234155
1901174130654178124
1794035355766579886
981183925745515461
1496635084571832936
944394885954041609
417764080897535870
1764843649398004180
80373261111602533
2188844231935022795
1041295347433003030
1228763979465088214
382535909949156678
180670175466628211
1737620497928789538
1692927461625139820
1024396192962870509
125545906659845584
1887637536266854755
1482133221896448297
1650464067533031571
2098754784651871913
1532771702464612901
1421757485195121154
1394172405827914839
2222496926267319627
1743047565868832282
1404256512404283448
1800333371908180097
801546774471116685
2192441626018939869
1438711387475300178
1079512726951247306
1136822645156271395
1887523860886157420
1659835555964400152
1965157516868310865
1751739158324559900
2151823117737426415
1341719697390517392
277216769194657778
188111843970321693
855961375585504978
1220962206094921975
2192639049374102394
233616288481310495
861015808963951851
1694104224684135750
1222551103243626188
417217162144731832
358498632333893785
1127107039950686461
1457983297936309335
78853551508181476
278323598099543284
600781583848861891
852597894979222214
746805782825774736
1603809429376495579
1873693989702244358
697901938117070154
2187830342688340237
2121062098038082614
276400870360553628
755718186832973616
793177971323570939
157894294408672722
494264561999798286
1620816200560280277
2291525939442382623
2283800160840597909
937052529003555280
1940052584626196772
1454853329097291652
1954845490702789889
2244698271297007815
349953296584527060
1331821862286867092
1334069989447698024
1921263704779312751
1654350800854360416
299718856002938953
586911678477997823
2050436834922061682
1499936786737029973
1029200375900424743
2080020394598129630
1113894414632704485
265050795160310416
1700542096939150726
581277096694955721
1331662367708605748
1678878467156370727
1219523064988735500
1047567690438506845
2249135569868131116
1668584919795368146
684397547653339309
175555994111170274
854230846752112473
1204175064733503652
249130979817898734
1009307043747918540
1696787448636551032
1807316149144426217
952942047965073760
805543512511952233
2027903897922875074
2286894597178727069
756933187916996493
1099789805137336280
1211766072933630798
1843842308097591618
814284361386936545
2154070226669134666
790798514744509206
1243647692787044472
1187362015534957770
589055242701962799
1779204213639115701
1864865446246932943
1503609209549070364
356309722143514961
1204770950319968364
1210738759333642437
1118702926673590175
700323820590026542
867879818406206389
1700488743657261718
2188781066097016735
763724628595898640
1363632448007700355
1613656936793110906
1734445795134564519
376517475066620355
1017039055030148816
1677278979516419172
2136428307172051799
1379160050014572493
2106306384036031829
1941738320848384392
341608068082673266
1661187851111864104
18792732154326013
927901770801527527
157245894735869869
442219370519424332
587755735821799946
1445713798669022077
2263277475036879602
990963022627522615
2132581154835950443
796205798024930134
2150600927566097794
532225222233466950
448456129696681735
522453222475796220
1624432784416147453
1915103608581122684
263560184058520327
2053694658101394127
1970686232616347921
487810192794737940
700690541857597948
211703656588080398
855135020280644078
2057200905084649282
975403953713606454
541246614199320598
1466291146249434226
590347894734180189
1126481719103734590
1283291587827812975
607269976808022498
671072018284036558
1199831517843563655
2058781320970337512
813739188542573014
247949526510378176
1125074172309803995
119607592972862575
698053115374665967
636640224654956330
1696500088548359536
398084963205463831
852601587715919468
766759472243486357
2199186073483918367
2269878967443790744
313548165508064028
1708142145050020318
866716891424605461
547216990606059371
1035671731616080136
324945023276446212
1634997213215338369
1135714908219884323
2303827247517827199
2049187230990767366
1335252366033513930
193352551507206955
1231582732374226451
1152066561909082773
564806338248351453
1830085667213930085
1679353265077600194
892594634403902756
1024079166719115331
2213769568052369258
239607821403112244
1115772767108572695
2281643909536206575
1925900976732172017
650023143746397157
2130209804151835660
1825266435381384102
2252118145693130987
633336006364001877
2190659632992604554
384121603301939777
2027121523492386373
987128917630621816
1416180660702186809
711943672718847317
1147925416583562604
772151404705431276
344099667443398786
1382198141541392845
1533439651429769877
687729350626186511
620758808524181051
1115904699567025759
602661225553088605
1402808840627904697
623365004757357716
1114947969486919242
1126821054270366197
1916822411565974217
1300383360207633562
2284974002828864589
1510851158313426824
1031429102771083263
251562213002148486
1020562333650408485
2002426459708904072
745682114170159583
544250237835682071
1579931628203546679
1802034059829929697
1129456713749958315
1979298368912161363
632142463243252623
2255956689914439168
638202613820486997
1255002588277326404
296566109955444253
201251707973354066
53212938659330626
1714409728080486872
1692578471172826413
2053958072004976101
1002184857438783832
679170056075684094
1487693606361985573
1815844211287215286
1658889093387964555
1362176948153200304
2050619965443798388
734234712970282930
1880859076498414565
529934786061644639
1738319086664178730
761840845982622870
1279317389604091138
1042619429774432662
1769459111423675125
1894459703531632176
1682469548905995356
283960317416543151
519867400171106391
2066678371481832569
1699933832133407574
2034702075194369951
2224157989369558432
413107454134179684
1421162480107946919
730562174814646634
1062092464404366446
44740919087078543
2092882834215911398
1974643414326443743
233367274277299971
2062251886633601368
2227365308700062860
1045620178497488935
172750971088167358
2246286161330289479
1057247020644805378
159702235102016922
886654153833832211
1091264034562367837
1770669367234252535
2010909974414817467
508186549410354422
2094567066180459175
2099623404609506570
575720942334404324
1948240468584152763
1712047142378040314
2042734565447906980
1511087237565685078
2122604004414211653
2098593528576002078
1800362328028541454
1463568043188432861
573150576701260400
335742774587591773
970035158163610
501701413795296060
728984445154160075
417567082379145531
559735422297612366
1783699100004404755
1944318018217667051
1161928473617862259
1683427992343082473
734759626509348294
1451668067727469266
313913830436457512
2254291847357613786
1222790825262007601
2210751784272453980
203100999165241325
102485899152418269
2178827151089272949
2055103726396309290
1968710117628038265
947946650667013864
1275668389749599019
1589846283547674708
1031902397717534377
396324531986602348
1809668995100220738
2097062438682933672
552352391583323646
2206003992321140207
2115644110636322193
747554175016714863
1160970486475798184
193055963315221320
280183320685166197
186343527185926567
840989531420757977
2144441503315137220
1724904656912020048
862950695801290947
2142420121051084181
480397356147060283
612744945071536171
1600382697157113493
918167109231868156
1847416881206310734
413453761421477973
1183833542371179091
1041163949266749093
1197139531792180091
1499615455247861590
202267104531358237
1307013309413037760
1184097724203958237
295083932685755357
1800823189243498072
1960994436789540573
811344643352700360
360625756372832446
2103087086247364275
1726042809395005000
601498493512443444
1752174228449564725
1097314693905094810
1790973060955667041
1423418065181061282
883446275869764596
115767848852834290
1247582524548520617
1988950869077437726
1604621376910012427
2050017501612793127
519214035758985680
247723112879001859
79239129855103330
1994188787068643901
1600053591589617478
1102290571292723273
44568303976282511
395724245601500013
1596043039993059659
619065530849480944
2241282105901329685
169078087930049201
1889793722840011882
2056522927439773407
2086085243063562820
314559625521815686
2166758847642758323
1507112670356722840
797481540764091010
1439110765777053279
1439244559621564397
85530848345413043
614425672614264610
2003481784700679615
691444198771992266
379696677159622417
1828190206454370363
1237136993133726418
10586902828820529
1004101562736326672
1893670557363131119
2232921972342579800
1671456542141788239
743830952149469446
2081852111796075888
628949219372750760
83194902700493537
1287758136326801971
868441648783167471
1553958671905813677
1525545124146688900
1951426587875436885
124946711145537066
888457361955680918
2280874384477461258
820877030387456570
349309295116133169
800703554456919769
1263582352768151618
527701909014943126
1098916283027447261
290764631294790164
795884220254422653
1098326475259108697
343416652335225945
248746865666570165
1977476458523558764
536872805613208678
2179991218544527599
853527389945677505
792210861836895950
8097338688813745
798544142146681204
536325012488073904
147674696520458161
884772726759455741
1200871100424842765
636640922721645965
826413328232809207
1205869649248244910
112688837646789815
291096051929046669
1076237776301962425
1847467276869611797
257044422051444213
1827562300909668196
290694937975869393
1650122971165061167
562269372235001931
2516301167590416
674175128615187037
960409341886140256
779275277279166428
943186376036215860
961136238754168401
1784400564505832736
579967800367761109
1172370990188764905
2106885987410882043
144375061660283699
65813010263239311
2000255604676926939
1446472018367109990
2185299394415158379
1073349101655890923
2039114165479854676
1514644400624049251
1426729398753529209
1711963668394249463
313474769749507987
1123480137131240410
2247586510183009332
2269054998349963538
1457865481136361178
1180050376806597020
595086339866143141
528756575031543366
983144859068506864
114819237317046542
605204695116194337
2279369862491157095
1008761373905859899
1684113886786122535
540759875983099194
753083065945576967
721572614939349814
1978687502949612699
1133417344200173636
1701734554068444494
1473422179725573774
1827557968397337362
740103531395865788
1044620019961406636
1004317067858479806
898699534822182460
163692238325953261
2286714149952220184
1534626800712575096
63692201187486141
983827193756035365
1248407024461516877
1736670735971407724
2051461788747364816
777617095977097679
273390083965886200
184988854499516779
194925076678880533
793113529894684853
1736861288853873089
810959680798373768
1063777280547240074
1612319975916318198
1028644965774282176
1866681474857665754
1974414709185137617
1000157250330760560
1001967148583491089
61833011332368767
389926169130256181
2041596084963945627
531330073332213814
1841328692707153761
1887943840703028759
2195329467278305679
2244097943319682784
752425231566737696
1997810625124609169
2246744035726914223
803834395059470721
1498645397678872879
1982591754837140525
1411229795705153370
339447733601281419
1236989902466845784
2186048143872753028
487061292779375946
51096976202641134
1460188191394601699
2035005103356282109
398038678029524725
565437437653196784
981974005451323858
1451010737461978583
124001578096908836
1503309562758471686
482991790667975879
2045555398632381262
443323072479059990
2202164352078417225
477088289717082043
772575786748816827
1934396202586176562
881672706167018253
968963698496945563
1467110985231090126
1198466492993454345
1437864468180560392
763298083566401600
770991827771520216
650841184172804905
2047331642632689135
834485662274774074
1608916604555647113
2098467015078131665
623176228139283593
2291469295679913234
1531154135391644768
1596769133965809321
623197690951857067
528611252775993308
1297468400729456435
175992500028687994
1651072055923396501
1541736776533318969
679068929750143372
303022344862470546
1168881176299201952
1131753565752589786
594767946978119691
2123415998762889923
1038794671778702497
1099063002996370843
1200506050271938362
1790411550419678427
1941777829735616500
2146105054283115517
1285156800415105116
775292104378328323
876551911025062732
817780208842336138
2004619468071834008
1910836751557537414
948079912748358739
1268976898556023143
1072127948455534814
1761283845199249768
2145441424087895739
835955453280746476
1099613943598294981
1726676504755256296
109720308962040659
862913398816495536
27650747000280639
940719542319451836
1356714536343113268
999770919639864485
1895345812793594641
2006429482228756533
424907894673071789
1296987406441164410
1869116712758983740
117054258834845703
1239155906615984245
560447211003359007
1162686688041858115
1261001133473885723
1797849189764346517
231174263154791588
1756896830052541710
2150035825437972145
664615414969764856
1250482569653292923
832857830916865122
33840363757303014
991942749918396365
401676876705528373
146687958383251332
397077264661661890
18972804681498393
561757817246122195
929564100722577445
21334006262828538
298083758425007268
147391489249223078
1328826720264205078
2063478629799270858
1161918024614805098
1936837841510465188
811469469562303729
114164301656856492
656385872138114077
1098962565683413207
1742111221678787851
1795363787477138962
1901098066331301172
2047010069600740855
1549783598557622735
997829266769528576
1697771716494977344
1509612962067622620
102404007849548912
53253721786164755
1398667067285731020
295354948751695440
2180094226772955655
562845812689551954
1005659182640394098
66695264601684804
1788049971349952662
361572587827472874
2112451682057578035
1148789835585572507
1811793861046421756
985619798115429518
1081137250154094124
1971190894484631907
1883392706959570373
1251714196006170431
1392198572700152493
820990585587388073
985724614423464701
122864966605005095
1908891398829995803
1259731224344868688
2118926467042835510
246262052005763883
1790096026718592018
359384661041511047
1190212741868924773
681676719632015087
1446566658991751167
584120123529893619
2212152085799794650
203044115230298276
105686529928080841
1055671684265597653
812917689691198265
1372525127609833413
961751433313684439
293291453228827316
1779331737598437703
1675693921022020603
699381491344932753
1767189777539889098
1183387413964739288
1162308846497011184
2098135078734172729
633727279120173332
1100601733464652769
1472509809212272185
1297105338260019615
903212438921296524
2209506844544838102
321190313495618799
564779418745661040
868943738132340515
594326229083475844
1144603930923207186
368259452591276174
814100912184192058
815373334450665430
896078166623438079
2254733826716761195
52589826277239461
403071486580191041
134567726447094879
449927261933427897
1314515813270607655
1843227649996508640
1092741175867273299
529579217810737696
187301673983540273
1220155250955469229
2065159409190360665
1405197076262841309
453492179433976923
941097377261789890
7354288086120359
1956345722752101630
885391102611665360
1750876530921691135
1043838049946001957
627246831879973495
2157234105872027145
108039119603764867
2199104494882550695
1486360305383120850
717384920232359462
2219153654253998904
317967285397269441
1551768609471629789
1071306117827002890
1452352569131187797
882866857998211472
354120238348265554
1073166555335737954
1445622856137340401
1042589041272421016
646745321505587339
1742169235224893062
1734723663207565299
1041822791511113260
1489387240525145943
1795381409161189778
1910791185193445076
2047562051415339935
2226695246985122242
1325177708077374629
2083747810309902802
2190735698238118394
356828774912392964
1402796039315920408
338872505200279087
1299943748789440800
216452122241909168
888090915379640049
492976462750415026
1537873456000083466
522041627530431231
841594791984438760
2284006355664776370
1307263350343627111
1795675293243240775
1814812418422379352
333821952361723418
1987808740391414021
639422249774923204
2001707395746305415
160133195857957266
369354163946105224
1315803134592189321
2236416047384364959
1547649716654248266
2077126489522304845
2063094283758642999
643047188421850408
1172113536177898526
1832905739869176416
2157431551841678902
56993880458421417
60476367275129738
249043163347052240
693588697565463753
409387954037976639
1052374972192720304
374909209387196426
1621312759266932323
740175719107397985
1846873691561973310
670078852832549577
343198926268924410
1135622289178483459
1522392829577314129
476090412764623245
1088345695922514306
740750242945353151
2167084324233087947
1217234861099038291
1687806540749608084
329873379891783084
624102731848477301
1640816912680406640
1119820403362847097
2166829728229141351
519093494033756909
181452676619466049
1892112589602124159
824617929894453617
1723420835816316597
379670736960368087
1429123707407598586
1035873998981659350
117747675845343470
1288476610807174969
1978796279637829671
529855592621601088
624745304633822835
1569427848969786655
1150250351538174889
1446494469092271920
418906668549964022
761836340290464172
1225082405876546554
1428859586693177745
1194125221036178600
2259683054719395637
1896919680598085853
60713138550262700
695658793621476984
1580333428589256219
316410401429184694
1170148860732359797
452924638274864780
537854056602102605
1417416529091165084
1578881344220854100
1926239394640273192
481109659461472593
1626647918876647088
2188387573208048186
2225823731158998727
675680199184214344
2047512411173037957
1874053662265647999
1197973427862051992
1773445434594650513
1275395269943878147
1308134136894762650
1203048017446234083
804349110614084730
415060280072562325
1998215723408491194
1644719680146699036
1147693577823780706
237811589074078923
901149694520955234
1949578968252878113
1528852484293057063
1531209713789480538
1557772140277054560
1998720523075508753
1252650835909270489
32086499023225823
1277560464487129090
795556702412872083
1332556570419078214
1196108879510030533
266385738540502097
881902107309776800
1246731881004185887
216604064957255093
2278788831466235712
717560904478387124
1769207135007371244
23484309831377791
1290979538472026091
697321602156115459
883461122594926255
1434065030146735979
1233247649671844453
1230487579732973089
337833866741759970
2280364399738182550
1559811522367742432
2062043713210689004
1252027221847537593
815708735846123737
692011130612297992
1553699311463751317
1530508411479715789
1481532022881291754
451796306233884040
1664730108808264597
686481422912256180
171778373689492948
2107048140431690498
1838330636846940657
1902656807864929705
1111028183147228436
794409754288511620
690545144401669839
1008103299663954868
1290639972856704216
2199880488264872920
1502878741941297621
1533560822324180968
257476176982101570
1379089366995995712
1846070653953728317
728645970690486018
166949419268672194
1506400080342837620
1062897990953184545
403867834643125849
1758807095758744385
79101951826579293
1034971267827013855
601712438617689210
595360586424536331
1493494232738357029
1904939007385306557
2069472526922397346
585811231952420613
1431308153695721229
1709896045191184756
2016024049613990762
198039596958906509
1647446841792134900
1960492125823294940
2109341058029116312
1101669676397699776
872205502389919132
1901966639048471688
858007513027129153
1649390537785777883
740332720577572514
237262218643031997
110326366431247367
1181839159322832857
1802908114390502878
330126081860204093
1988294439836629206
1994902276040798043
992506861207020828
942636868362589404
764411417322962396
754658455021989106
1046930333587159312
954595645234401952
1325317118179916183
1206165949882193470
2069770763772473795
1249035716775089376
1681871859688804954
561817849204512504
1784053679529088180
886078188671359706
1038798580531079154
2145425141505678079
235807588334233590
625899743159734849
2086558782239566862
582252254969205428
648655944926545606
779008595488997197
971401523658581190
142134420623435622
807022457728620285
421571537966165932
557467588516663743
1308998269596850234
529983644760494510
2051472935763032541
1508162334165437022
1814341855213715905
1119623940244485521
1305668115074653511
251253848319153671
1460407979912684580
1112087854961935473
1956438694627136927
672049496535800146
549921251947566630
1839956909378202428
1671255939067003993
2156656140099002230
891657940931393117
471551934046773740
854705712654290528
1652681749844996980
1195069474387589904
1511939011111938746
1474985796158407159
28559872252129281
2066838869591298717
569496869918096689
1126984866708600169
1396049077727705640
2127018089679564937
1219566544761734811
1917950279463542348
2075752533605787703
2142558124256492770
1382233208832379426
2072351405081097833
148210906613372665
1486055372446020930
525575459472407154
1714369131885074315
1496692771397562468
2257369859331143224
2081180790047298380
1788165600681800744
2094994163329505864
986603022215201909
1145891517970100512
1024908312645180039
938464456322276000
25918194606361339
422992741500350586
251746469495192979
2117696651888646128
82257721251492679
2052166813680351495
107750485538102079
1325254088314934414
1308798547982554665
1486803611794605548
1437500641107362128
353706013725663247
1964992095905728192
2125530869439548682
1279570791831421596
2059743337898361409
715044092530894875
65285951254365657
1864779000998252614
1285222643643519053
417580194233093409
497234216819942398
1960501820462592562
1730645775572851830
400880694688939022
884344916733045688
1409500630191050591
354641150481148250
1140983894204132249
1709463611679229451
1169889038415195585
517228575365150722
56547913987228158
987246684255487918
1654078055254976621
1363207600530934246
703553036849056398
620965877695440350
185270726743869863
1995577718663054571
572736023227957006
1171390125275785339
1983974722326949773
1097112450804764261
1970844051340425685
99390356160625333
2079539659984468165
1633470434771143232
808440653430618343
56654794037134550
334620742671994921
931116981323429929
1341533873185820651
670254157776981144
778796703710415365
1310282643308066779
2006164064123028780
1090181373972336656
1679020960330271068
264038244326450395
90778544316345531
237683795648851848
1408047508228773784
1869566949306048807
1484400026272078623
1427429449422109074
738001067696558497
1024818614847789962
2239949079877008222
1552256178393054147
1398563774620590899
1477276847997230465
2205126129210357216
633412908670676557
2197654331560021194
324308915230802984
1462740468000855605
31689833855239876
1474034068772700040
1958046169043991090
870587912229280263
467123789675768992
1650954274014085998
223256940656543707
1897038632745390750
1674986659447665570
1256489262083673340
2095175300951085430
1226227973845593674
17889028902958979
1910853009593893539
2256623205922264187
1573648060966648474
1718754504584278092
1886262021601012941
2004451442212457381
713479248857649157
1882407928728890878
1219633146041968643
171581751092102525
379849949864476439
2191464223520009532
127905546751817227
502505065673170806
574298889168208782
333649528139794227
1219538137510106583
1260009989890370485
632387932466323111
2292165990370635428
1722790327210482807
437139587572302463
778180906422017041
1132534441489928876
1057273943094655450
2300397768497179817
708077431812977623
106212973213222841
1185809985953451043
817589910392737465
1435632693354053832
363944373943575369
648187527995240058
1422726378395655112
1403424350802304680
219723849312958593
51077470922193721
1110479698254817555
295425248758403832
1385829321458556880
1003617028446306369
1997555309852458361
2223718315978219886
2125487379451042298
1722012761439887913
95914752520804829
2051797693273696715
2013552146575911497
1602392664438100090
1116502502686574032
925793351607588404
2119865410177481050
420344102834455773
2006513955992450225
1157713771795893700
1061724632790149766
1416043199526879035
2047833619784679588
1713723338020541994
1061692653661497629
782022357125376738
172293262841387569
2053084041128487732
2097142040393306070
138719635401981205
1048394761651358902
550150351570449728
1022638765645072925
1867579122741921769
775360791771116271
980588334528542737
15775865994622506
2106867579919837155
1148735474642877652
2147949684590755060
1422426783565351732
2267301871505586256
2226040555095150198
1279514157250205144
841996056732265704
1335478932965862688
638246178292710725
275529861336092804
973452214172249689
1265498297928747915
1036470931236403385
1402263097624974505
1242903926741920622
1791778752191830959
994742747453202772
457163521867555104
841890538151112551
2145697814291300760
315559999200796654
1254867813834854228
216345892559545162
1056997675998988098
2028628475975324658
1120332603838182659
479166488612895183
855589019122679498
2085811887208754723
809375894596925571
480730361434357671
2206334697996287725
1251067528816504768
2044793988959518449
1555873921441879916
1873650858366842713
1736236631479903612
786924300710508447
1679120893709354789
210498859728324921
1792448056386218623
1265140874270879225
1575591997606705841
1949021431212863100
254889635668452374
1830462158121558914
1277037484932996137
2283679947242585533
174380378169171293
2076086926011842218
1157793158467829331
1521498156392539898
1800165191905713383
509981279597294986
709771105118447163
1069592618147560396
1586977244287402354
22818939733640198
2235045077940637657
1746102504877966404
1799677376207353737
1498036815674641735
193638419429363347
1195159398675954231
1925474416447303115
289618121824014425
481426945035321029
1776947389232890018
401085235546126281
2191321398795168323
1277118783350785801
1451024667077135916
1671248263706357038
1013520139485200732
454419709011947971
2241481992167582644
307825508199293732
1796189865314290953
1993002359350914273
1095554843578004925
2253203034997785498
1008684474873610771
260226140444519925
794521972159089839
1550274043251333901
1250584979392477000
1210229168738984152
1807690235821851240
1453327173535156928
628939111246270874
1981530369103356161
722330681610011241
791471389964392385
1937259110869466415
1462016351434168150
2156540495550244772
577359117356489257
1713522203910719476
1720158757311341313
592418747864645808
214450891671316926
32711091056836072
1277710864587248161
1115383036283440079
341973877815467324
361056790666618725
386566344529381362
1716354174513145651
2101406683981922751
1965493528019651218
937234044126472152
1991651415168750133
784488392579052622
443093126742061862
1915064922694296688
900233499928431809
154169286722740198
1627662960885156557
643887286263738943
976219174693018481
481836136314281345
920819345262445051
420255855034943774
1529883564210135648
158910541642202981
1250617956075500216
2072959230306068485
1611864827984325023
1882502830150847558
2049847983688804621
248992010452509562
284244796260781480
1939812285952398930
190949617136237759
737936433054621237
1503348545978284546
1361407993419959747
1754103094353593640
103247659175916322
2265218042200670453
1734051723090873453
1166431495867129639
1018624530200248629
156372212645356698
1685423114460556776
735448109277380742
2279860049648092660
1487367965828065669
2244198507211618193
2147372310074521742
115853730869837348
590297034286550490
567281967023867515
1707978999847726049
2116631944272635593
904960996188931976
1190917847408612308
1145560834852159903
672079472127233435
1723240083988463124
1096770218609872592
631329656867423477
963005720282752842
1591451906278674822
962871378468299598
1270163104394747198
748164717270356589
1587102165349925826
2095660342487344939
625499857546246283
788076937498001422
133777291333296559
1689427824211981444
1497008962218205326
1863780942841282642
198098747925405272
809428760201447720
1768701643902393368
332718631654999486
1202257417320381265
1214413574560737796
2133228222784918150
1734821279336167869
293830955246461955
1478877636337647178
1549848790645392150
2185931933004497204
1592365575389661642
1128467070485080263
2021486953258288300
154373427908274262
2082131529913530211
1125844176724634936
711376148172382666
807147339031851062
636515560286909461
451343989798710939
1906133061173432991
2270991976213796553
1166172373833045890
1716344372928332902
1969004877686153715
1550276566637975455
2267762560108628543
1504068070684213290
2016861394328602372
1815664925838527697
97710593823615876
1245589615173927247
742014101641996887
522036927608034407
2258314883298498644
375188433479266906
1874206635481447039
1550418925714193369
354467622457498366
1159418909707756313
1884408665931236498
1040765782875712097
1981342884768038347
376643175736167642
310848477935783348
1855644607793100610
1041437812201572569
573386159344251896
2279065121213344001
1612518881359358420
1642862606182578954
326851346970463376
26293320588258474
1641620543094599092
1250663377479200721
384928252609001410
1255110027170769378
70279103969829680
2205252063356968174
1689185065807843965
373891948729645000
1542099901972647374
1554486112203712563
77358233136880894
721255220534403618
364491693204445284
509960584482888172
2129906144474698861
665997956547863677
467125970259060470
1964295232132951419
71062238559468142
132530776457035558
379963261601937066
1227770557717669690
1869583656115869138
730403979635243574
112079143917230877
639788558232656181
655156027494603413
17852310646895561
2171996943745109509
735435240975885397
873357902633332265
1624829069250504354
1525841373615906160
1862730992233828531
860093974140108414
1244290386896221080
318387221190452598
1011535149140096294
654888021675381777
836663580582531149
474966172581892695
196500347864859950
1654840373810304360
1687006765074574440
2026417862141907239
1182670054273463563
907102125941031014
361093677970561546
1934293597525477263
944293866048711249
902872078196354622
969395149594628909
250333342598571258
1536153583193463095
110113203276498788
1428630910781009627
1167245991948168192
2202067375195866258
1329910007992003845
1379774039924489749
955064713281094686
898670673479641366
681417554113715547
1901105221372132201
377243155463785761
2072648502431064431
1501397293007141242
2127533035655070995
1983589115280248518
1922320432238736181
1383655201491032147
820409594120397921
485793902595829696
659121619078983310
335539855095128813
817899198832154376
379465752746813958
727978543360441815
739226942248989033
836894466500104046
2019886728958084405
1509652090659419749
330632905770126740
139085956335006414
385003640050470144
1321164229624237662
419456868783422925
1936555562802972892
89869756509903745
689538406514172220
1785516995329577612
1683730852886548237
530798171552501523
1508969138499504474
997355660256144611
1596778694705071940
998502947678203964
1944735949371172860
1499790572678909035
655134799234953423
91418840574523990
1342913266154489654
209006076763178546
682705182026550925
191673282531814772
1367260295623975634
540454102218728503
645821828437084448
477338067300481766
751592886568329131
2100778202943824218
1464901642586272048
1237176889822865268
555359679062098395
301793546030619497
1397873497688395589
864387104162664999
2123456592684629395
1615686221420626094
1362047870871973866
310425297311998516
37294426830203545
1583446095099566625
434655796896537397
84057562763189368
1526765846442883804
905069226253995387
1940259025724943087
1693870770239683562
436000120761321484
948450893659811793
1424621826659301178
1576135529616736499
1411125784526349201
307599042270645067
1971707195348799537
1152148093411147552
384591581004930802
92253413686644380
1076113356486103664
1727315466753304973
1001569651033619002
1278972236938448539
1151005938282431430
266974173722847323
1988324231822203864
1672517504338470326
460831489192876007
1268652333039536852
1105173960686133740
1756832595230553127
1790512716794747575
1177807453367066280
822793273705933224
1125361028764060168
686434384543918539
361641766616614147
261576219542847762
855734761710337473
1305697834126576078
1006752090334465943
1711558792063747684
2197112717330440069
1961618170652216437
2185748408514453995
884648147448962654
900472120037167837
703489228360965935
1298517191959963217
1974815147512058703
147929683658300019
2297153313597691279
416749660300363174
109371457087824278
405076940536486391
2296954243598599211
1412108230167415180
1681359237996288959
1806830156874988467
693677828029549946
1966587698394442828
1710773704700098525
813418278849445968
412557939160172969
1265931490249389883
2266466357757509514
1127551606522118609
1994655509328700109
1437370440812404714
2003106158090212621
1064004858859974809
1427999225506412153
2195704790471375523
1963758013427793994
15553558616871677
1227919452235736529
1323692669418699940
1797238597812980893
2169946480132160718
630438004350395789
2163916611661026559
958222390144076799
147328143933388025
432792550296188089
455824876119367870
1194555319114954515
840388947893778219
2041854149931153346
1305300848539884855
1432859438388572107
480528996444475022
405485408158404415
1921893308732309607
1591272061927924216
739957113303042084
1179495795797108550
1330669738290493407
356245668763686834
162881140582232092
2302699211337966810
119439367094932411
2167026905377323184
2287768153902985960
189659222504886522
2254721799212307435
493490790656700476
1024701018694018886
1632029416720832939
1964146179357877235
506566373497307901
2295678103182503851
265728140027681604
2104100961214056889
236596957548087542
703140478926223032
1476887710652369891
2048109760338569461
657121874082489807
1119100121404840325
1167051327604767368
1246433133948891066
702532291741259352
717208979365320550
1522269621081461093
540259629547957147
90144746158642502
1834406129331999507
1700909919421928137
1857890647450129782
2020483495493210772
111693103606566247
490894368745347056
327744449702144635
1423044367911636813
334902004837697201
1772708081894181385
1845416881885460253
369857130648301875
584294047079228116
1193297227798004730
1270023703464951021
587484463358843418
1138505035334846223
1891078834047655499
393576286416169091
1165616561493252148
33264811254299222
2015801468175548837
482945339951832477
1319580273979312848
599707639054315098
431190648787890218
610908805277389270
1200084700347982492
477332926472609808
428182166354518983
7888564897230829
171707715114876113
566334888056784673
1430906884345932582
1235856080017277620
860384490834998465
2055922933790231090
540866942613381519
232016930697422051
1524692564336777498
1241928375618920735
1528836496985100978
458592717644643600
286054748286478343
2015017536686490466
248029265434745816
1994323218613532339
727939171977074518
1986507942581000040
811563815813201369
1238484776852101841
1986499133341114699
1572991991576050143
162956279781762314
963446200144677904
1237654344662125735
1239021757428012852
168255580688042012
294411968859963059
320312142745241585
1528647415930762172
1162479041211061698
1417744425892931921
2238398315595822076
1622270893219460621
587275953061146547
612399727827925596
1324974328886062048
1553108949775391250
394647464098192824
1801946929092637703
1896435518161907446
933024271315957863
1598187816155843688
85584875967447597
185767479208919820
1996840803952415531
930765304064707039
1740404843793793840
2254271845380699736
12443842862039449
1242771154237766516
476716111985907657
654342016193745370
1739048869026706706
1296084213262930362
1112323190995019897
324082174634520575
1920487330972018684
1329757461699681981
1022637849174231359
900847499674822208
949496999531673651
1130115651883491346
833383348517280393
1773898323074527443
2243420227769510911
2240081938538206672
1017296333558274156
1952793246149097683
1529107326839239970
1285647107439267486
1901858322347465815
568728750795781751
1214613423495762798
1783911399027263143
2208600472443482649
1927093517843818996
2140858152683284574
1161616481856407881
1964737363938313552
1358756633204148157
1394528540494097479
1337217405367495842
1292900250642120620
1483432093043750947
71465552999620994
842039806786308571
357112655338834022
1518099574215249792
1383744316303355599
2075158200040997715
718483856311590051
365976413964397918
2171022506223344571
2059544976337939526
2064969745492848727
249159117069089674
2249989312629644205
1104712340410066844
1713396084847114419
209529098010293199
86298712831800565
1775379402867412096
1864297165126019637
1839132529432520388
41272339254790736
693562975196290919
1177840802066783058
1634824403401432042
742600174086470200
1385863459636607037
744450435940918573
1307499105970805017
1336991683131313753
15475543179262553
832181082022313262
913826472113820220
1132339813830157064
1104402395309911166
797735893918973022
276856962843395762
1688177054530078482
1499681478020563230
448471613078470297
1297449609384082890
652642706309846248
2027763706937832241
786010421304966021
2267812920380427005
604670910632421834
1897967249553418448
2027660064905813396
1694362573251018990
844649257823061086
976704728359999927
1573295057910053685
1183928186984382796
1316210790782194252
1446963461019866397
887355338371248585
541247652700030283
1314944349781111730
1907884616271277854
463517842078946006
377286080399540065
1410013129147260808
238648058470160527
864928520257672009
1059421359981255920
961120502279860350
15047121227588331
97070855875694336
2211288666723223559
1697284192462103211
166487585850040988
1061173622420234687
538268096604284659
672344068365380054
1112913301600715165
61902848269489998
1637383229154477164
360915635905435894
1672130314824280681
557245212236460530
1509652637812010609
2021142328843924911
1519597665899489615
44232888199947465
1353729234504117623
279179339562674418
1460957187526094693
254468627476794532
254108841124256675
1134771311048456161
640837337916910366
1714888378338473124
242682626644327860
643203166872878038
1336054159763381773
997180333458699919
683492364643533914
797099219924110884
1355095327966243477
1494145461164211807
530888200896195932
111570882636586203
213122643786637637
142852830488838038
709121676717432827
1605397237858904578
1720773885292566609
1345226414299996615
1656907229150494067
448238308140257957
1741009409603618486
1694627955962597327
1099341720373776825
943044640407067666
378716733070129730
1309837488338844749
71955621306597476
1678375365930882542
631123207854907554
1435386521497573942
1406881869536792138
2251650879702863774
1561316300769273785
2298122823472118563
1054291047900885918
1590483375011593642
442215077610050552
277344095205663946
1611685908375435984
1843480493138929901
1919826408405839358
1325821887222447378
375105616994741432
799168440480822891
1818590727887015223
1372115942746060327
1851859763147306385
1431973446416167987
2168532123469080363
1869410067998482752
2225191566944076732
1144322320837210398
1864183849156932305
1096513040845303111
398326246005414556
1701924214682283429
1303793837766511871
925834355768877331
1333171327894117617
1478417339552632889
283279318624642891
1123823067155093146
1700586455047389492
173822164291436509
929116269297822584
1989253938403455189
458936576341745643
1145184382120088489
987780521715021140
1133130414218339944
202529377765059295
1500764959183742412
546294368541193632
2007302478277844501
2200653872279360530
254038247600428877
1271303723312483119
2140689814242026897
1950664550550705926
1074195891766146901
1611446853881003620
427669166426542545
1666518051966927790
2040611840494114843
154694750261205960
1365090282002053270
964099353659935370
1841752794725696632
199013010170034795
2301093159186249722
940016241373245631
232801466164324102
1438596207572940753
2064245508358111424
1037919881026321976
1197589836801604774
17850204630943822
1506241503687218199
999447354649655962
1603101358911041689
1836791713876464240
32992381036415504
1893348180976543437
88313979307195811
480628280081436245
1385809924887655420
1734213596786485284
2031825842849826494
237070272847469785
1873963377560538021
2300707485224926603
957240858383971700
1476438491696893463
903480581132243635
1779042282673727506
1585541771727987908
190218375578834302
510489662397984565
428085155261936813
174565540716269374
679244491920719091
781477357344060855
647519328270731425
871562343730790118
729302059123955248
2011164677083792114
1194595725586243571
2117362411373462459
547668618374065697
1469622482075979261
2233982034224793473
1349098032343503730
1950676359629165957
2178405532828706895
2039600108474692109
2026411169457587446
2209596616818705523
2034088589485617449
1048499951305015092
2204385990553929566
922000252584255025
1236585577376500858
2107143211878530425
1602205328850495090
850133702828752713
1399783494594132099
2223345729822728424
2176719442714930908
1738598593018826125
1286181246372396867
64774553093218744
1904285761761973192
574337459614645659
69679415384557391
1694830993214183177
688725503108628559
1349709645853669817
602988582341125071
1024567608106025150
1347481693864953945
2249409524454718907
1507308095490803094
1243582966166872990
606291632626504190
2054185322550096434
1873640682832314470
1669825650432482443
789018112359522007
108560170902991725
334413795614349734
20069319876861972
1177497848387398916
313924975887479531
2287610983139664757
1621697506472108890
1299666985447523996
269334336160264698
699698447462252252
2131331652467871964
1834315937571398249
1491649742100651077
1788105402852928674
876914715196584196
508951981647461815
522040199153692655
531391590928993816
865291825096507192
39350103149803809
784403260100434800
719482910338429785
857326994999936416
1273987835911061179
2136953693779763241
551463872284802472
498704768289340921
604465486468315158
1901518638659498683
2247694618351821701
269704435478603916
1541020187577095677
1181204120165974673
191413352064630276
626774498790517147
417420040594040658
401667866195921788
404792768251909821
467327439077646413
2145905570404835446
854107714169344222
602540242442308472
1910635101314933109
1012768202566004105
1084156041158888791
2118417685637307314
547574470172002030
2186669066337766962
870546297961896860
355397093844242083
669485625674731019
685503113418766893
257068060032755899
1090082726503065486
1908102997522489422
1258899413965567860
1859521170650997241
1600727873385514255
1361252451544087747
1269892789359331763
1423549240273120604
1190953142589832825
2228989950759087197
2082630801953169314
1797985699751001785
891166359202233306
1596580145554512391
1720848495585305068
101094614112225902
1557990805289286536
1750389534512489001
1354970530429556552
269690561515223409
1521670250003027495
1631111027639468210
2176094938514107112
1022466769539857991
798406507566837235
435432296174582936
201363587135403614
977594403245231471
2185472459137020718
1058392082670776008
1887099392142885451
407834434535620468
2253562850683058201
99112194393728673
290321667872092445
408059642787641769
2086800741365551896
1445780308795658818
643269918683867972
1186223071139029301
648096811451785451
1639978249554036568
664492640394915144
264361439908185677
1835966884148657775
828541556299411183
2138311545896215
382171552303732938
574808270634515186
1152747824879955960
756572236496418156
985829240954956173
501549234410043876
252843808634217892
18318776092186124
2164405407908136352
2104971759747076750
1427869321614677200
1944113232248574637
1077035382496690708
1718738860850485720
53630598240711355
2081821455330379787
1757785120262439727
286913037747033301
2066245555359534003
233598825501384819
1561770190187500063
316017497471783985
1139294551800633866
1832453133809313641
993535182811576047
2141386456462032791
1972920629257531725
2045623866683363930
718972824171166696
1252908429051918002
340764328460485372
2060067513578504731
47799868076166252
1111132859140304907
2074651533111430913
373323747542302037
1677294423017744626
1694564539402147328
1183779779204673439
967433387468349678
669294709344543246
1275506152473136795
1009995971681233479
142874843212889073
2062146587192713474
2019440047790396445
100946825648865426
1092755899709480433
941208217730776130
312890721406547709
2070849930073702040
861054018695936549
1469493436236370868
1525490129652912522
477771047321046006
1576122459449877066
2095949788717899782
455947206688709477
245563548287293950
99054387166199593
2118832100094241030
2123484714494724299
1023212221352609311
1598566795998983175
129116808242336090
248822270592079364
2266618655106451996
98723038946161982
537434325416376010
1819183689943242620
1596438303199353805
2011915359460532597
1919399850976777559
147249318945403819
1685570459177079615
442941597102438217
1987587905575148090
1092675824299161615
1994369673875488857
2225913188489654513
1119772172988065026
2118776609548194784
347850492765204911
1434925010649815888
1103748878126647700
1270896478648850211
54089119622646495
1187342327966954809
9628044466744212
787132955070894552
1367799660169391455
276156178845877761
2112844302973996470
643867149685710305
1857933004618054191
1223496479005174707
59075607307629626
1442877218944358468
737621391359417844
802781352808218596
1875512147334296289
1956165834722855349
822593099318666123
917542005581519829
1273012076892259948
1506062420525363666
1809202275360957578
901686442184067993
1265616236234065732
1105155797359299937
484035327300246712
1408166464817903237
1402964224974805041
145500998353402637
1482383437461553568
420341071815946810
2010641454830234179
1725307940129833586
1784299906849837217
855212186799458485
1211497368094102123
446794494282674002
1802228084697750096
993278318319809491
1274253442798148686
1628982230753253350
2161017005675310228
778126510945400896
1322779274156428042
133643685817090237
248286190684181866
1654627894797535994
1584575983223302696
1607890278017855475
2067293276147811078
1978719736693880979
125138364038558630
83424447644681336
1483584581101344327
650259296583726173
584175921910509963
901415721168646685
1885885797977242799
38983308334313052
1112071601276332553
1608926882809614344
1009300322624953307
343559429762529168
1495842602757811867
1623768992619008102
210859500555027998
1795848269110175655
722711869716954733
523737551070297622
724367970550334319
1745739817848032780
2000229948822885545
482918975125623995
535245065740599025
645358386715715497
139742399340617811
1631912398878731512
79697531396709150
2042664991549847684
809733232290049566
553990063981192225
551110898358270811
2251717398029435495
1562633463285545300
1575877350885768408
1823874927958314256
2147691710425382792
1704971244329008358
2074779094743235620
868540088229674770
1023126364617564464
87014131784872422
829027205614607897
849721739984234221
2279700528259522693
225402567397756985
1746132914338858684
353755306268405201
1265567480634691062
1453500641610832296
1325329625004530354
517389799140758145
1824910901020090950
795858560191083802
1726929441853176528
286134118126283649
294686442430407427
614794707705726497
1340755918287308731
1283476022583937670
1333658431564737642
1437957086179248723
323244121313861258
2302094755508215687
1786913197420232409
1091109853345207087
111447367470736466
597159221836958082
149339595925694405
1278716483955176084
7500973157619390
1567161231546872944
1508665335614635238
1728167260747176168
1607072698382480092
364328252742036880
1139899910420345374
1654983034203188523
576925347860543958
1746839257012083856
1443863579006843537
116530774517215996
1036514938594020488
2079848812560085308
1420787074457217819
1529611445769912616
768980409051398025
532247908276736264
1326120834249774749
1656525193479431484
1219455016260084383
2152117054277189318
2012278374593816464
959864227737411740
54853729962238892
2302406789118782553
2304144221756605588
392968615380314424
319629190456907330
230969003625686961
1866419460519117242
1602210909352938234
294055299328298900
521419028092649829
1119255036789897468
2054265318870224070
96718118129669269
1837222930734090577
1292615153017803803
181452470189528445
1860144292303407470
1076778785480227638
874678983164272346
1163270047002547404
2026018312086686219
1627451009198173272
1864051025833755391
1200097156355610781
1662142405363236710
1935862413509864269
359473864702882637
815651809216698897
597554780411700983
628071398735059450
2128825118839782324
107227461689088266
800677241548126205
2131494137387114402
1488773271028847425
2185025888858638298
2020603844303154347
1927056980878452418
2216524460885723631
970610665685146477
1769318302616925304
2184425082802570264
1417285084235600967
1366611806496410828
263115914699151821
2296318711155285900
1685334185276080655
754757021638289713
840939680179242316
297650636759273982
857692759460913227
1655538074150679915
1239822588135326068
1560037990468047534
218917498186292249
2076041577651896660
2120410761551989794
1507673486778223767
2223064099212092966
1111440669305509110
1057904072965627890
559277381499311316
1766912845941717691
348382874315026818
2195038016764741544
861618334493550193
647326057679183814
538647750250183244
947476525545639146
796167768660531316
371113288618614693
1472991892701820842
1489580195761197781
101484770595725086
53065521068560704
1941390702083438144
2080401552217531144
321178850795964732
1519323594253581276
1719765832943325791
2293284922115117772
796661611807171816
542778315775832149
1704937799970526865
1031222320812258874
1837730974244710222
1246826081729809354
724549102440422467
183342384739972567
1445475756752993696
188101012695929018
1700283208348456433
1979909347729804612
83401905139573352
1739879808810755486
694591003686843142
1246190365458718540
2297991798959692716
390717248936827625
2063921703970758734
252148435912467424
1614698071255307938
1463969761644451507
158376362449175971
355441478221003760
478071947354087340
384195784811686872
194900226397797813
177451928950575179
1158493786009028977
444111787569572239
626541403858177569
1761399889681628880
902217370632820712
1215520718389144592
2128941583070285240
1492715097424182094
2275119913260684724
25584448608732717
1032055751988806914
1389808716101718833
1527622194358791396
1216148653312932155
1322488098306465590
2161342869613270795
936009899689856145
396181093493807185
1216292508394437841
69224945540705864
707350808040022036
886144620683061868
2174175889777377178
1338349956264044786
1402568639960925986
882600209632465407
393229977061665280
2190188218925816560
252899527698970023
2160984475056731572
783710587616541087
2017655637283102627
961029658151753445
2037164609822753507
1327589529304874633
1453311981851710396
226580796668331211
2290683735360428656
1214654019951723617
1328748436601420658
617357378292219159
1063965078486323284
475528451371346942
1067208619819981669
2208231433904504062
370253363065579091
201099854024750688
1186447589022086882
521474564357218439
2198961886417989510
330881276391571515
2032102694485748083
592807372296972343
2040717425536831628
77614877748478011
906404742076992569
2173245638733997327
426768755339684160
1011452451578634743
1156874399286060720
1232918882810299570
1680741750167613826
1570767344710293408
1685163889872255324
130928394138903839
206269041639224906
1647916996622703456
1496686972748472889
561933811360874557
2229191600984148662
767285350766778601
1618527798679935692
443038046800512397
969648626613998668
326411314437603070
2130802928291286675
1334132985262084657
2043237205026075468
1372885741177703459
619668865837588745
719557557135460209
150657859920299565
1397643371394944025
1713419392289735504
1967364864671554070
1178155854205349574
69217660996401386
2258363280343849062
2279671600659184732
719014358929098902
619451759360120625
464801077327628502
2243121968904780074
895104782978839058
278823282256215748
194599960832067225
265994817259007399
1198622988109772542
1832443746069793800
201053613987671594
1674097875524811420
508803695263624187
1896517484866049794
727766211835995775
1153051340709205722
269784754684826677
1054462789268990808
157647982274047531
1030979693152704809
836249239328553072
627635787087730632
1785384894307303566
1185745168147759204
621337442345688970
1007597222772604790
135428978256580387
1652280336597715664
306878326219762023
74935990105792009
709417750974918556
1061762373896764447
160831922779050848
1952632619386706630
103882084129616978
1885249013926919145
1937459929431847531
101429550145811941
463865556288483359
1912285738071495578
23731471296216371
7538226367541957
254364778596635957
60615644003186097
256937685465620350
1833904645481156265
2189675966483524961
242925582924871461
2140232412977422472
1392784670830815928
1422078021937457895
1761249465187091616
43049604532889973
1480688531347499673
2167924414207411033
1301189006093480274
833240684772486680
1721863562827084797
1569865892149869403
331787791512351021
1035489064171506819
620067396001493090
342419168906676568
35079205729483354
824425529756924415
1318011200709374470
496656048109898019
2217412566296441701
1562072844440495267
1811497689104361206
171045839069248771
1154111157807290564
1247312271898168009
1318193364887883690
1157837444160417206
1652995770329293412
52627272758269228
1558062787197000782
511065702979537190
805647846770920813
991549180348166418
1807966258651839835
1462284382305704636
1345744383042838963
891505869764543496
2030387010756976138
2059151022529807784
774293207843513527
1013578603396412977
1461535244966773923
2242553186250051366
786886718474632851
1343423250043006973
1171330743823009952
1537101943395270795
2184993731018608215
2253957864880891585
1342130711443683
2264658227541173897
83510721923729686
1518824261968474328
1084913114566394224
648447677986866630
1586392543085760516
620957315862581947
795713589398017952
2186139684628207171
1626244638509526234
465958291447383756
1504654529366917197
1555344059132844278
1609268461519836577
866928181906621629
103085991422518873
1156545665993416722
1708515684232094966
1353044876340360647
1113682228235544025
2007986166512276543
1919953072418658188
653607633556977968
1505721851649507128
2269156363184077488
1588550434140018741
576384979442686105
292458799742400299
404974209329914369
1160646170491088221
24592569264880352
1775713871437459191
2088613032841887736
88812354996289106
708057124105154849
217951803228908153
714229527287917188
269293411742753817
1012087171186697717
2252847987192178571
845137587651883521
1746038201192688567
1497278782777514209
1840672453173589395
814097469952779276
1354011390190820899
453952298956880724
442702816416881325
822248815265772331
1762583994545413419
2005497601840343639
423076957280575547
1854279150593195186
725262460341110916
2060488738257599675
159567085735766780
128089890218449763
884929103003636989
1662586056030537014
2046356874923958989
1696596257395940141
1481485476643155553
1024372855270373178
761079838885278493
709466207673909387
414971432988278904
2176876753358172917
1419076608596402960
1835743629027837137
1073515934221025833
1174219129505446348
672994747188585612
1628103816752662876
970284519034783393
1512423041786837815
1674720870888055538
2136148148507145490
2060247187893002507
664316342183212084
776321668538614597
1390904181607369983
649023481941298914
328786102795810603
1702967547821319654
2156655945001475509
1414368508205210726
1262026796421869928
2219439484048622260
771094174366137685
2071434655326367726
182771311021483855
30311810965519821
1400428802501595246
1634407062865410058
99603268408958795
508306775411156319
1556748407486090614
647981658005802461
1033296870168323292
1304294474484094939
2169247672806127119
1685288506184781064
200680167276877437
185844644729624720
527466810460377978
467743509148473226
548289941516517477
2055156974709731358
930601090478743444
277378666124142353
2290485253592175577
65438525165556527
889937476264785405
868061199239816052
172020061003672717
2023104086453362551
2144492382661259966
163648852938437823
701773090872763459
533098011799842857
14189729590601681
1513320789153860929
1660512546341668266
142929913438883719
2001961245964483581
1532085680064294232
1975062380913783210
1675329256044883605
1427773374212043087
335817997019026066
2216486004024729667
1385444128703294811
1692055811001935508
478968291351351422
2024432336836444945
215648381248957611
1840101938918451658
1620425520054462006
165149418202420683
1080485308169447109
107680105407502003
773756930887959463
1927980425448054561
760874104964406060
338310529662065155
317975310707816538
960180991734702629
1889851695494082436
1240053788067086258
114526916959269476
725227147079167419
1819415184878708682
1817583496019485696
1340511210817339766
1851624949212690765
716634234565050401
2250234476161582907
29703067016810112
2041346419265034838
1344134667664198411
1841271414147784977
1384126671140071324
1369120572910107972
1091048940099364704
1763398957119545456
568362749290620401
1472015876720225673
654553347427402485
519636437559227877
1111268724804808641
1109050546817544851
1011220102921399220
993126237264919664
1056293097893484637
944470422789906729
799200920566937940
1744236037710436953
1257642243948562968
1423354246535782011
783787693791122086
737728610973419336
517840215636620820
1805762281575110170
615197539444058319
2259095073372595235
389415800661095386
1933447643597338428
1981421324763807636
112845173770228746
2000750253686368374
390495798914554697
2200695150743234992
1140034222664974834
1821750789580311946
1895989193377890924
950850523547622751
1594752353248125225
510426375498985287
86585935485714636
139654980015221840
1595825594884091356
2180842756339172742
1697554628920919187
330139067486681213
1659750309998972680
798639703041345200
2158646539920199789
218812436464135470
1566213587911613641
2041137823679465706
2219265418259653996
784831948666987175
2188783519320274895
1602728183780027593
990343981375777619
1887359768375663523
2018839333981912930
77751094473276835
1364248312287771388
1744306000277043071
1152198118530916361
19029846241580488
1754244109410327721
227616405235809243
1494052300831160098
2042024244906415661
194868801705257425
1782893503490336160
1848662373147407697
100158996271792406
1794729277896023260
2305336894990718468
298403191890079828
212187238912390913
1913891761877815237
42883067856005597
816678002384931513
608146775081757232
675101656876211924
337357568305589676
1111690874388999570
57095617023250551
950955193302964270
1571959493270360210
703002300361158790
2173723817953091808
310108438233099579
2301421533911016057
181787426230239665
358868733439572391
699452525132845048
613668480473369056
770177884191719532
1149658250898376144
2021669042587901151
890280821491040807
1871889184917443151
1066313010437338098
1155427263668310318
1821814939774436566
2143678953906744762
1111582569084030503
181105390325997962
9565087037754486
1042502825310486312
1340343212673471600
1554712047276715979
273685694672483456
1738382298303369671
1338462995232790881
1580822052649128155
1598134226086453704
236306652039890140
1219917030162337580
2218267127852756762
426496523336323451
980644756442836507
865169389175978443
1559231747879391191
304372468727307086
333682562632852485
450347074955698922
1169670020978828032
123956205590781316
2113023408554684588
665546041745978537
700119949977672199
44919536649218984
1537019850250628651
699955239428935782
2114451355995874681
1166554671778294447
2286244763524308918
433213242254762925
269985560508721507
677735933518254538
1666408441667896324
1976613919073029042
1365564466371015429
506129240477704699
1112732165456400011
1592020791076163272
189328088488069488
636708411927484552
1150052427702723016
1528852785636445682
2151709575536414054
2088613010454422129
739643311520235600
101221355452011928
994869242486694712
1822299794816227171
1738250260882419207
2154997892398307725
23652834389928776
1682784833173646240
923273450800963716
1195746154749196491
2054367594169657395
283805443345942343
2174307363910113638
436685823850149885
1416433542660653470
1354578285923154514
835405191939640470
601409451616021606
1112146370748441416
1463701002511036791
1691454830455945620
531205823780607288
444687342684656844
1779914987721635341
1632081621894259034
864806582846909515
1144049410191136704
1756863454880341532
1210526006525336210
1755313476084010162
1219642099820316623
2080798271305170080
379279585462380998
457838937438347609
883882426656758585
441720196390129790
1187448474505902579
1653155717528899424
2124719584491801440
1632325832374854116
1678852983880541594
2285956119556639468
1653426828689316792
623645324346120011
1545456572571508198
2016153736046618307
1504728275601293276
1809596637415949631
2279377997625255716
706850746989066368
1389348164809374131
737280559293413200
711233278140278661
61138872718633820
1698456500902625310
758024582881374012
946223572286805821
211735119991253322
1011284314605695367
1192004055812065489
18103892807165214
659448222454673032
1102818513819430938
18099745418306337
751792112401167526
705044493124460929
1298933687133266742
195758862861626290
1877137488540917591
284613382871935948
762296035353315930
235281973550626041
1156525944223443755
1454473632379900058
2137582933783812127
2245612639670320360
2046036241369439870
1444177393866657920
2052375553338626743
1499995209797882014
111721546877077754
1562565233550808856
254964681482126494
1347285189587064331
1493362017920712165
1108481992490528285
336793451163303849
1633612621027143808
269808024131771773
281913484931294029
258637519875045185
153480877501973477
1645867942037087007
141355280518501056
2184344769665198391
1526965536588911743
1151220942785472540
1650897027792159494
1963491833794894041
1443573730933677433
1653732618420995786
1384905383074906858
2059705613080963823
763541394141524987
2235201718851513291
2273732796766143160
2262557253615578323
1762470518773458574
1625633504555504291
877258813100517083
1622029157483350461
1872562677600444781
78690905948758455
1302550529881006575
456031404236472216
880959329233438600
363229564650168429
241299691077916480
774796956132011034
1788850959498407716
424434338315694827
433209036689568939
1315746568248020862
1810235271871395019
1596801829907120632
1705959166342385969
1330726621536393520
1228097699662828466
1393263825080212704
1987626618290424387
247922959334074279
770056643319193935
413590647506918726
1582632478765312972
602716736606970249
2182441818216304056
2021708961600712009
513880769792765117
803222044307038796
386462178456042553
1321597987032387756
251736392611178100
2080677865902123382
1353666115100844070
308089545556255971
2121540504703532930
976705543380371685
1342992505022943553
396587663563422120
2114288864753960125
2279407764506871640
2165546959791996668
1656196969178666520
930617494411615987
1909202856693927081
237748759225399354
1298716560618098885
1059223289524320962
1607194655521001813
453742087802809462
1680812510863339429
340814563315273528
1044279510875426854
345132922217612653
1351642952398340555
1815128805454618450
1547838644703323694
1664428765729405116
2031491478999081436
1959327258549755811
1025994421954769157
2232568834144811423
1488563387743062992
537295942259147766
1655763791804594615
768990926807358330
1705010599999464742
244345187261142034
1846733872575523155
2042443878047296202
232706475018352948
2291090609035418211
1014492015666455189
1437348945350017941
1998111094741095919
642445511685054693
1946863065098683719
2170614833229925731
1338535973722172177
1408472746414844750
1463045241448985278
518490254980007669
1847469548063444243
195123475090100262
538347182791526242
294381011729427621
599668765119058212
839083128130011386
2225146006827721138
426604999339863552
906036928577716028
2283753449953820897
1029490525297167373
2216014988273079306
1349641486765478321
294347365948171075
1435057639211448521
498381384816047738
1610904919446563968
150066397761837299
1582388084777631258
1318099857695072798
983357518389790150
2297246763812421779
864876313997453334
366955532866026525
196345346744579598
494864891098624179
1816477416249194152
798353155194715085
2001014221733619157
858726867120062660
1609294444458639427
350075459503318188
1277615520034673481
1931935636046572914
1660200358178544490
1494731117581023284
531500383265244454
1398649188633814828
1606409782146668278
1909985166510795151
1137664447655081744
2005272557440805681
2075453728217563259
1976020543998580720
915172668919235267
1839505335337422820
1567606872655052591
2175560600366951748
2125290261477033724
830244947811059959
1663233987014049621
953619195785963464
544510411921816436
1191417678346770317
1211229483397231088
1746372826393451349
2090917296150565919
1974532734055181121
1126404419633018145
743189267396673914
923756493900130738
614732171423512140
70120838406690713
1408838046039910129
1495945442810039045
382194159810135020
86736993263416857
2064218741899379379
24015684248785362
592356452115585966
2269802470557436125
1867877008072237051
1885979365252528082
1577131158642884209
2202816622837297345
1327286123116834401
1981372506027696360
891071384058355853
2278397808044668095
97284297943051816
927326677166744282
1151929984062747150
1884191510743643174
510136951720751723
2199185833964705908
745224702181642103
1397805146891575332
863753631864353982
113245796419983187
2239320150863856874
1720151885976309147
1577187503606650239
1974819446635399630
1151272105681973051
75151100503884383
213569064041066860
1907681685703628344
1043811133203428416
620972646703570988
1490120887544715582
1180452405553820098
1397181357090043747
1228127845294469250
535663559701284015
178975394304085038
955241446982022651
1821947329499542321
843564351132661358
1430863117799187066
1126502705866907653
838367354773001732
583546801966845776
1431434889205581459
1756018487219592662
1548588110688962573
460092027054527345
904849602790091833
1512817973824811928
1078262598667619053
2303701451055645402
1718695923869565285
118541564532872310
483964581077077734
823585706238983043
1465063534360316302
1679625442274063890
538216274773984456
1483411041109182597
1262826163136559308
1337456825873108746
477720456638918820
304872066651659805
315568332027478675
1556970336201960636
891378399968187228
1200233228686783769
2048623537875269987
263731464247744622
818602627186028348
1306816196551577088
1983688663140090294
1318754855719885990
644251794686241018
1449285657789831974
1463476446118644881
1103065867439572742
1403200461824083079
773182306560439724
2175055020680512808
2089258176617699240
365411470347887087
2079757562391074323
1224090260035814519
1205793494263567764
1268512827725760151
788477392732808368
903095907501674941
2304987015848684627
1231487987681721008
1700944219420511560
330251411980190412
67914281743946802
2190623892739806804
2119014090359984635
494449964623125951
129661220265109085
388249373383994662
232151501860591862
1130542949408600520
1887517215488188323
2047458254643198880
340664041685372290
439751519971140228
2913697119759565
1791823624156788064
610680675949914507
1371144301291886538
2001995442918288713
2161510783939472789
1144348935021075943
1547640502756681968
1602688732377598450
358837734723223273
1698911594793025879
1003082709583229712
507500594674546672
1569751381593640840
1601414267780458927
833615638771751535
382310465378854752
1702039761369699521
158737287111147226
596149993788202591
426621843664353573
1120510836027698244
447921926207126061
1041407380251882361
2198266306966437771
1681696234708704575
231942873814905570
591640803365169806
2224649060364462169
349320270240913864
2168670003031040491
1062904647786824141
2134399674482317300
1213438731110882530
783730519389243884
1094182320263540426
1629754085475676291
1605133788820703780
510136495796924142
296786116506395056
489691825042849871
2127277515132665716
1362412300804406841
1965718374677865633
1122460795075043465
1592891501245253298
1380249024842582526
1875501854217391846
633289547805725058
452303838326023522
1823746933642865246
496624421374220598
2156765200815997119
1513936545742502325
2224087319734963760
496530616973959527
1292765812672745523
813344070305956996
1685196260131746844
698104502838406959
991496571104871060
361008946340760547
1928931225047496792
281065007685029379
426425134496707559
1032762973368503844
1351664958249985952
371075509702444518
378413426769834968
325893708113753973
1070523118412504568
1453173097626951387
2003058785893084718
918375925463484697
452624216768243444
307242246021029500
54399944423521409
372889606050908701
1117304599293311563
1904296947683224094
28962782775708215
310182338187923983
1519941196983830196
880306947915311888
1517680660412103353
1652292259769564732
288827153010596226
195287144508874076
159155418820350677
633522036295911803
1519777754118548571
554681761192764414
1126454231507279294
411479337472630607
583439774986650
781819814125326703
1042551564090039635
1921973847059151788
384795866460575466
1708652503767543594
786391530474861825
761828465180824355
2285355843773342796
412036488198937450
1263205527621926481
220898407677655133
1219058262027206643
2072020954205487084
86871527215193807
2242278314373167907
1770405970676205848
1412219236637190916
308363873014270639
1150599114043352374
967864921142077851
163772839352292357
1527611366104209797
2073213978860175807
2019556764005921648
2172673587172222752
262108161143372685
1056880123455465094
1036495452096740680
735129110197846863
392567770693200179
2249324343133165357
2088766651721549026
687095119630121867
542273014515153874
1991862899956391448
1068823979306498277
697730216892724101
1593557894180806215
1984895002337789771
1180907030066092879
2208318881805545726
914538106297006002
1160328238822290909
308809583716314183
1981320656281308307
1657867597803889945
331573747670609847
1273866649322621163
1458085940120325923
2275804191577358545
1536096574573319270
697926440640704707
1624321069856849316
583123453310577457
68765170259996073
2104065499753257333
2009378806870977731
1051053196896353363
932667880750435041
118459327314837289
377564006757679468
1836445430290134753
1279847772462838104
2065089353250696382
846711445725337216
62420716156223581
1646812702801184393
1480772757544160021
313217380633542254
1057100926119616741
1535860532149967118
494087316250485847
629647609749464294
11784468821303386
897729658313369645
1895833852552114471
605104112303764434
1321817367396277116
1775696710273683060
338877785614860946
1729983776511331984
1684337158680115667
840787095334597831
1280362042443952653
2111896889248040441
904977235651382296
1409091578724608337
1993871983022690562
564960780111473851
1117767524556032537
1293247655756476090
2095052693405244973
1323729588320085005
579015255965794000
1997651249687263125
450136703896265307
1524165614179289839
1478981522644726668
203812866742655832
480239551649364092
1256463704130472425
1357587587003379247
346735321663517465
1858091920625095157
1038672993801767045
2145756338638999937
2006403096334729189
1200326930386940090
1848100263313398541
1324558070679212109
1972737503210097345
547172727842586780
1184822237332733255
1663018080330538419
261399452703723823
581840937515900869
1591208614371660732
819737513450490446
1861428429697959222
1752749913101763213
1358821062217049788
1493314259423878317
1789790022460487120
666545208536906063
78340346506604950
2071096644482765889
1245011063189870665
447934202509055173
1218009055836616332
694516649677392140
1915740903518163203
1756163640233570937
437161770678874892
1832082119785917223
1169268005048869000
1479957129724613571
1436564282685361259
1171447534563993360
1092356048521622854
2028258830605037882
882888187776849856
422877386271643983
1251971929973701847
2005373564187084532
156628832601523904
702393935257549528
274887596180605321
213951786105510765
788861657123779185
39577215519043702
1009131129904826336
411980886743508146
2255513488779516494
1789796230927121616
687254578465072704
1255275211698586872
96971729012221736
544448184748154710
160778485825856301
392308037911178975
480611767543850357
2156793560172273874
2098444327905763723
381679082425290092
1555237946508842292
1678431175077809411
1949827080206555233
801065958264932138
1323716778998233169
1922447691072649881
102923240788924704
2068257867274203583
1914308371959338368
448244349975213754
2125584191646704785
1279207188602054246
1722498431039049054
1564552616846459372
193391707029588025
6507965405991550
841956053940361622
2119745077549338520
1439816486997740006
94315152115585271
1215160039043604361
440857103305027066
35578131125959968
1229534374336731400
262111308566063473
2145862053113753882
1911489852729833524
1221557545302695391
1117963358106497030
548341593247475825
708437807670812522
949725886469881907
666814468325720667
2080672273962828351
865984408916171989
585396408804404644
56488724971469972
464779875172755426
2245217472004554926
1818200500789124949
1022358885358611989
1879151528507994615
1177531719091111164
110970121099647102
1914703046575175580
2242286805263509964
79003388946778851
1776707202814485449
1646927043036653805
358789486425995968
1736162890690948625
47107370403540843
1794593067635179124
1185772224249551478
1157367945843573628
1468746119058730546
666776971205450028
280608508300618894
1815647498580824555
2112200014331693752
1815810050811110412
1720320735490687101
1283153582096558134
2171708070493427055
2029874161835253693
461669576245871138
2235318833162559390
374979605662925723
2162473844543436879
1666887066940525240
2118592743174603399
2222682264139977743
669235467748342824
519529393765986804
2225784838127661377
1801904333018675981
1945773911366203058
811760762585386061
2286077377643862473
781351872894167381
1826625195766749945
2304770078964612578
1835341203369252614
1730625004522543824
2105121984593726385
1367085391707653216
15201561875643093
2197317236168735568
1726303040328979121
1689329546893291651
382886723614332060
1850992793596135393
17627149021519423
130410744660460785
321183244993240841
2231564800101383011
663460481311920718
1133182721592647388
2219435182875053387
2099989588805137426
1879115295674435739
284112091534235703
658849221135304829
298183578974479624
2069407510966465542
1965362784317549740
227296417812797187
1886129987007259581
339636441485517831
2250368075157125960
1483950149298721468
2266509164547397949
1363943733374884642
763667224491733471
300681027850993570
1154372000611756331
334902291736025480
1782676316217884169
483286583046451775
1427477806665470727
375772844015392579
2109596088234699274
515064460983868907
683110268625611186
2220236084578089740
286560491632308720
2067145324215970451
271663626539048447
1577463199694644175
2214967747123536588
1037836935248437992
2278151262450499625
887394030759795265
1289245558652405718
2256060876693397767
1549153457953732533
2005459829752208746
2135522703488286049
241712455430294743
1005525830033799032
1591595911110720168
2280037539281400743
229192987462144800
144132996314684172
705542652421433
1863996352650529137
1832088600469929201
162581159184575832
1906359360095763793
1237210975997272089
882665543342665308
2165352007731394320
878223596785195781
1584771688137494960
466403774159436973
2216119670437039573
1355643827897844607
929727347621098379
468624937650782467
1664018589365334743
1466008416329068151
505334382776568570
45837755738692805
980637854646806519
1322563414191927995
875549373973543609
1400558776735113778
60944405871236664
994574874423528795
113914847385204529
1653751615443188785
2132634623070142503
2089483307574448393
1475334492358838029
917799456344600240
1854622914521421339
1305299691052276293
1550181729976066147
521331753230294763
1503300723123042006
1805156085437900869
1980070807939474050
762665055156026339
381999338689902446
466001332878721437
157863384688955312
264960148866949809
340344018596023438
1702663774806996941
477376966086131120
774810809064321437
1405078525313012924
221680076424296806
613277131465331429
2238388039483970094
102938324897719017
1929461753392984831
1540163433024352932
838647806514355684
2003917304318392408
779509068135025266
794444814190992789
561928173988146688
2014833439999765565
2162645231819170865
873456293595936027
1373965593104270477
246059382200257074
1874056396776694999
1752708853001931058
1558620160243370456
1477185176493939766
1130805984111550897
809925255747524419
862519068359578437
295431254158188107
1786322998700237903
125374106547978168
1018093734213097794
1010017264753965947
1759418670264961996
874684651517048685
1524513915662625411
380065421119881141
403332276962756806
107577122978689961
1787882293584528839
883942035285327868
881217117057889897
918048141701341323
285469956575087392
2067738521240135484
1199849082998099457
1633003568827060244
1863888208939476639
409200659824055438
1951709439200051872
1087204823878161357
2203962686748434085
2188036863141124449
417466605681780454
1497783523213748175
2265903259745483531
2090785653273215117
452392069209354938
790955153093467650
1301472781407455126
2051126059152157807
1585758990877586256
672891942333051581
1360910932762532
2045451684654849312
1479178287261125297
360984495986394543
1186886097604938452
1881190481698696933
1571646637066829711
1824093215300459171
2060642667983231185
1819530041014080886
1343354322800061550
268167292987011792
219664720016817902
2000819030266015733
604138695871167258
1005788553224532186
123450937255347430
168941889251148376
1082343755375477297
1559845585320540734
1258592389346330758
2075005802140886590
1896981622650642855
1537583729501102580
1890154843339160783
1030726011809887338
1975209987910853828
27781343530947115
516230502198304528
744380829990958020
1760963762602891860
1339359529372197459
781273891266288942
2164421487302518983
1877783422673721115
392398413169367564
88281030910095629
978094009510949664
1553970775289792220
164128119656171594
1461473222763369022
948577988868162891
2037337505492850189
480506522284879570
1869088010184432102
1841474992545357439
1143115464572223288
926724226095917064
348267120739961837
1024872353986519551
130856653465743627
1854998462119688858
669263768921489981
1187163283302656463
378785252041670294
927632011624625860
590046015005334838
570488718404081428
2167027620348035432
833262981865279115
406489962294911804
1786124905253964617
424616652297350571
411796525339662821
922831627548796456
419495216698316030
1685207613733128939
2218328887227001208
709799644634081368
592578206357476343
1162630674670227928
1613313256497561016
415254056547899639
1992428151014369307
1250332463906785753
367307841523247325
103050116856844637
878893748098726960
1545813396046618153
1114128380595636231
503198069590511287
2249268480770491019
365536561023388572
173839844136624259
1288142952924395949
2227327737177509238
1010858842822592363
2156967636400730579
1309341429047498396
1774311645014318909
1366080725525506676
697852942798774234
65692294811677878
1990806389191381575
2246675724025512251
993601720503407576
1391264867445848022
371935798394118299
1572212192010372167
767417417217225000
617084227755528547
2095306339220923053
1037482915310958664
2125496903796639386
636928783932415576
150357801909247211
93222501673960286
1809056520505236763
1960452854698822498
891146143151519017
605087115040188318
1263631407789763514
35981883337495571
1443451015566414199
296494185302053609
413171734959937042
904967062726886999
553313297628102454
1586835063475936194
1925906842674928793
1189798205630262183
1272852183023885332
1519137263653411559
713392976305188605
1964795168847923952
278430031574858956
458916567238739756
734031602825687106
1638153115905127701
967733474027703363
982323362968981198
152123562759100301
1458555944008213790
2297811619796983953
932581776008069414
229318500743882939
2229148362079850178
1638142155926829937
843395240548225405
698120639077913827
593985125633105245
1891408057085790622
588281557423582330
2007030033769358152
1466257655656347820
1980250206774286304
1330115312484946646
624641262811285996
2081009277969921115
509814762728900733
2151361867926740409
646160085126246447
1337895004831573942
2296746520638360986
159295893024267269
743129804658636772
1432916638600688478
2262343363767266306
886148972976478466
479144186195740886
347646005801969959
1821871131420429507
23079744717364779
1535164850259750965
2021431466844274050
197677881960477159
1631717825977756863
1853017834070654903
1998664391940599262
618654672929572615
294125974441084227
1557537948957582126
521688580388909696
529936520625954831
930398881797803411
26045002688357330
209938610013009737
2194000530516108499
613884245190474638
38744280129196261
1103039896420544564
388485337199493607
2032892509068364007
986286092750187026
1946600725707611690
1566280487946337977
1297103659699137716
1429606626951293422
1711006203153902376
1651608375867057534
1043498497406772648
2007754536999967479
1397276415033753707
715447307526966278
695379898106148205
713112194926405685
1317144600197647325
1270611500978746658
15988810905288468
1605625823317553675
507134679371194484
1165709611295191673
704847993676750005
678540724136540687
1247739584733712772
1927475305348150642
1674209330928424701
214830923010755913
992531678147189698
1122499007792933775
1821883829986202971
1846771753667794326
1053142380357743834
1858897152651183843
981088748325059121
591044518292729724
814534439039297100
354998661741705413
1333818830207181253
1687815594436561613
1782994618196380194
458680508233325904
469271356133028597
832343865871281882
1114865994879404755
404107989385472980
912759078690118136
727774422474142055
10335193270723924
1708088248220460932
2238613555683148388
38442493214761581
1445601642383145900
744690828201293211
891430239392110969
832424081754492330
1764468673404961685
1514638155991104266
1521917539846426957
2026479921258734696
1070497701827865924
2057858965890416497
1321735048638179376
1313364419768314127
702225676467563119
751616370257878779
967561445910081963
1216968123646026201
1693522220923441053
935084878651891197
219388105332685193
1569874396029267952
1836272032223979349
675853973986716073
1396051596822116006
402757993431097341
1398848892883592125
28686478193852771
600790219900798390
387625706095501677
1196193823703990998
1980119692254358935
465742794981635253
1783406720154125055
2177490810066802108
1022172397917371431
637150336431484558
1638910432632454630
1225470485182916832
1433378206296989354
3805464466777695
1542475907337563809
1980003287546607667
1373472625311455319
1796637078678015231
1736106065425828417
1751286034021994456
2007915493936019821
1984001903972925715
177569909869650344
1049448248723275676
1475379960997445200
2046735280675685541
138856070849437494
706688606011848484
2258780013971441112
2236165325362157880
1129687728506543872
1765774762114945609
1513323129966091647
1702064267035025485
1609523504076460989
1590551742419574399
2030992508602553604
2155571110982488159
659528732781244310
337454648347634924
1578557821607535232
853125729030244317
2054225327510292835
1490042860089284507
2033456303455535755
1284568575807778565
1345540142158869967
821457772239738549
1920117335688864775
367386108349792054
224052142921577003
345367056280979439
2213719998684454131
1546899360166901285
1745434418606156726
2212193775098199358
1432533851594786237
1290915541532348523
1091774599053832196
1052209821818377189
638403674718483450
1916105339794491275
1079923070122160355
1074630064890970888
197904475330033677
949978122235463273
1087126460401809402
156545539038566778
1386447639122948161
955935811672602101
315778466170821220
1227381450537393299
463935788398308135
1875938414843725044
1712484631443838176
841641199452472798
140233977002011076
1050311973309528489
707224978898449366
1796105448076356624
2203771252623980934
432546596855820254
1357405593985389215
1765222853540702437
1172405292013977504
1001175556848963504
1176169895585679955
1350058327738715637
1558323149138129184
2211478706400478947
1936818041320004946
789275016545123803
730730493163518816
1407620466153808913
905894689570330641
843103680715956477
1663359959902937231
565842072399733026
783559286340457586
1570253539340974956
1266276030842796730
281171995476353794
1551880959536317990
1242244313577286587
1497520061314683566
1108268147153315077
359251081290828445
1140480060821209570
2028223672426015659
820820628127379616
1029803169340667803
1241344371596221117
1922989989719821591
1468172314382709269
268285034693297364
1842318185935343227
889640122664059371
350997177625780730
2295873166896191016
267593178857516409
1596695659135601312
1583249269592196490
77940797800475917
2117847074785508513
869274404829623431
1873152206372121483
244941240470671350
84887614056828065
1504654337293019580
1677596224115632538
2106098025152084829
1024340056064115146
202606902089365562
261352854448775082
383153484657394332
2000098131914963572
597380568722407182
1495675884476025565
1000645606968772083
729765796888804097
2174132977243950008
722763028532500211
706582555929790596
2228118757890248558
203822274735167100
753858395584009526
192121390066307148
839018489402857494
198322384789156828
1352129682831469352
691273268082419593
1440815134593032880
1459775843224314473
1410874772066377958
874768592769596603
79960466204565740
2145850516479019237
1735494049921663592
1930891315345232730
2243568855958124157
1705757937694715365
1080741314681507925
294001939724065094
402651538341917437
227428272101116741
1011970387692015126
1248261920610164642
279603896835709516
1351511426124127852
188788783219566517
844942008696169931
1414261627957579348
1633460430683399893
339923504740168507
1727233334966013801
2078561372459152543
66957775074079535
1152024586891605960
2289133168263128431
887634261469206896
347230500108162834
888927396001886197
386386383189372584
106400103151131793
1348431700934089856
421129498374904726
2175486360656813404
1212659727006346530
788683265299678971
2260546494635469175
1904737252160144215
1177713118204129847
818704100617772544
381935799525350866
371474095517573069
615917099391251194
1601755561135236577
1911930170039861393
1997192818029029241
1756679414798488421
1503789114039317928
789451662167512011
2270181450212805829
1568032139672743509
454439875528149910
358937756754788586
213634191342746481
393808763143162618
1110844427024258396
621186155820631311
461427210588630486
2189666132899570154
1410800243323702170
2256697530493412423
295943072456257317
2250410328902453878
128318529395272738
976135741159939219
1116397990951844115
584802918065032768
1197459672689983194
801869839701723578
1313692754306509076
2291135132127364255
1942715198910099733
2234583209194377694
1335225573119559352
856659946769564497
2297578656768322965
594050747280956173
1753690134404455181
2034351523015446719
178766960814062320
379547600176802793
401550800771810033
1809001536407475152
2270550773112172631
1004375719872408756
440832332691074542
781131702799237934
444318582010190019
1602512116143803928
769495845304693428
50413889431287597
135334872443067771
1872662010751387813
109958873806587214
758962990709579561
628937810613000067
67039183399604776
2132944204527057441
1908887988282377684
1426461084674852027
1746047164583155603
1965772164676580502
1342329728501055566
871042050355036619
2263474816499395382
1008168227604096131
2204570326009728584
996904118620051055
1366747765711711759
1497009416682364490
1561362284377490200
499115710625548315
1698361418372389077
357870338384355037
48670797598106308
268415533975069268
1499954464947551876
2008727206428139328
2086172191022028818
945150708350819165
1566254630050152893
620566397499386924
2183279923814095146
837142599378999024
2014101898327652888
940308681466153751
1370879939166110279
1004771904768271054
842872628138819875
2098044960202070758
2103968598688982411
2197549626400882908
1295032162804881855
1581657737518035661
15730575613003029
1662597253362087936
1875572151585548038
1784874671303457623
1454144703921851940
952851675012515874
1221541585639710916
1031863315011912260
1717001111891962856
734994709417148708
1085371745472235266
1988221949974835429
1306226101564889718
1918594911306616050
1130513903954879716
46989763240532847
1666182497033677368
1176558410401806069
748114762839227939
389044906947990321
174678260698231239
1163404834659268852
1241059563776529612
264151149522713211
711109778016397191
664734881416934986
768797827974156124
964735071716682655
650816745969260135
450402045487802282
1530054987248399237
1843612603649638112
905387026971541786
781350139136056040
1217487775857683944
1085594787693407947
1183960392519725015
2287688760627088742
1136259628969145765
2227223582388790281
1294207897924752645
656966545263785117
1154193904855331762
1559669737249773352
1106513588679562681
1720406237383590234
520866459617459942
125275956668098384
1220877626572847521
1822340499791728665
2166497517289461075
1378742290302983892
1818120113510481529
443457650606949038
1055347044458475930
522810460922569127
1840969842354706083
558921448954123711
2133364415314721379
644404144542634932
877049956557928118
1136273718863773826
190541269567071617
1205254367738932892
2089770931913767482
1291545170570922296
1893162269648590586
77234392604181316
807558492698240297
1708250699963944684
1822025240527956789
886092554013222494
1144885627145744324
991505888994374241
2032519730851686065
28138875558535296
1900063776623002298
1806680970947528166
1901538875445605462
270785152703369456
1825288482030993221
2139972721602066442
2025660008954291371
494333265653755914
2034515641273911257
344141792910071109
833236421653379848
908317141255346727
2268268536571575252
1344642233100580270
498608749673600395
1151946724568880173
1481233423946760057
156980125751521011
40886140163645945
1901143544639812434
1690711342400846762
1509929233766060282
2173322580589780766
490201621042510005
386430163832774165
127349293605651967
827033973709206486
159905581586850727
1486817763293092596
1948736701147674130
2000854192548838960
45682511984629101
721831528164772458
1876822821646053156
1773639395000690571
1996809248396996813
1946798869596666205
1003937255447415625
1641661362722073042
176216875152544604
194712888093598870
804858997485623132
2161651678518145268
671806716571306176
1394353910246098339
1351038110632523424
1077309984133135266
1507068131868281
1416163057734168100
1000309728349470925
2019865584906197609
381212860109569492
277853239646252710
989171969439288525
1151067125826001977
1704036309950432349
2075778167389500008
1362686931961628145
517071343613247595
715865478285337386
1593028296501387608
1294847854092045105
208119981650011686
127138037945206154
1508123574675095591
1953661235709329933
1042753344514705368
883159476049478742
341393001830980986
1522332748304015157
102498293116920335
1461091541670205537
2228487221282338295
1010543825248913911
2218682898406200621
1807034887434269606
719436391958749046
1556587207063672867
546246617264380573
954802487548449572
2039832193623297730
1202407052881212497
1330096234031821665
1357005422520425871
842531811281599844
1031225341781894644
157316605972732474
579154154018038713
2149894540512781513
2109893046182991182
869316884992196721
768331247398978174
673492086619397686
1404523593518609136
524434288640166992
2200691500666041232
2157456721470142868
1314208355734504916
212500539030048672
2154332810640209462
2216858714150782165
1016257636994043667
1955365519641208594
896309585617788989
1685932230896605737
409416125682421619
236072580335678411
1855892420713926525
621533142212517050
867725562689219300
255216998719428174
1303589222043166837
1483045928875443983
2230282193050941125
1818074790763709101
209576591563124853
2188348977749290822
1833939658105807260
173851474773496693
1568583221106101146
1896551172797628262
349097990125799711
429316527099673474
1931474377953916362
274069147625787776
2305308604347501178
903884845894147913
1582545253115997112
902208934988396491
1168630766046766485
1976021028035487385
1805322333076968088
1509092025734916239
2169803648310907049
1828791679497603728
1584814675123729221
858445262837310538
1570389121648236898
1443493408792464841
1415716895175610242
1882191052657454521
481322100840125015
2302858343013376514
911226944997528990
1319394042846969437
2248051508549535594
1479555427185854831
1335840536756080969
1134929060487206745
2214335761789741693
868260812039452700
2268064106261617320
579518125395831252
1546458621251884054
1418770978606185996
320522577802358364
619520770308229625
1955720897624548196
2012004420749830881
984102779486761438
340006074487615457
544149498161166940
595548440934049166
2065391670858443756
1662063312851311465
1953087689584421050
823923170454710036
1477264071421952275
64875242008565362
218164464374839369
305852017229717820
822666270985333964
2220298475139108972
5465767019357883
1630621152390945514
814786607258974001
379394502853735280
2141569103947503195
1182638158953394464
984022711775786494
1982360914040367376
1958008172571488359
132079274077392454
698426063091580825
116819283524661674
262228160897658025
163754258467773581
2055828195189005461
1905749630205682318
2003464690583220785
1880550584530342302
1114805798676286085
1491334391362395462
2078366976408950368
1577347384019438138
1814110078786298522
1698133162313597430
962069020651233404
313526653444993412
2085166174045818606
1286263741314272066
256985895776176823
617509985342518318
762876273415197933
2283222576294970633
1041966150999440777
963469691189683997
279029131312382018
24824372604677416
951790245646615964
1344302493918222366
1030952120748595076
1621891350760157475
1388690090143520616
1691727913313311130
1441973040521257115
2305578525693136145
1511125869990583781
2119487347111373276
2120812755929318690
517156389420682621
1447261431535357128
1555595553211866547
642166601629306421
629512315435679335
883055047498212203
123211990952314633
2295177306699469929
1717660034916759740
1582034723773030021
2068111465145757748
1006182321913865635
528475654252121090
786510422964666293
1015250962142836428
310831492211262782
250338149507279825
831238951853924786
1625194534812924472
2102824571837598548
2069603430943746011
1120749501241338317
1608356194691499704
1007304081373550512
1240517226144514774
1787802081214768583
2138556279017761057
1363107277471403547
2270135089255495881
135018647307215202
1464146235263914296
720323508194883554
2052262079458881577
96304661790238538
2267683424429724796
695766874129707173
2026615643044975323
1784086336140268773
1108243528936996494
479959639608775140
1847298511801815142
2293580630087757569
149615704018233679
442386819290468383
1642613098761316006
1550695092202954946
1210978034994528276
1619033490576950853
1820491980441710745
2079182523464454248
886857954636424640
1265062241279819425
1581816076336257954
985566862004086171
1278865222209070857
1598837535479509848
92701139486004139
997242856337861818
1620561852732714190
613145764750294756
1379405905062247851
1571920064729655208
2003332645439511805
1428066601781853229
1514887481952598328
2191806397682633772
1375113459132240298
118497969885532111
2118073847523978466
570328441523349755
1596883833709120597
982157250713367320
1399243628820651995
644492579427150881
1392020083377750675
185764108540480285
1366367462544019414
938866989334156775
166521050050550533
1272243583179560672
2147211968262552394
1571117108926425045
2163044417716126820
495136395552718070
1644896928457199265
478529175092381958
1919290573203763475
2186621502364904472
407079864713206829
726519495830059810
1897228794866150238
361582912382709997
1065226798879764965
526457289448419971
2268561510829199189
1707734229740684508
309336263412289248
465888494017855712
200365202772330283
1337234686222759165
985218007915206224
271080782309582708
1352665559039594649
800765646853183616
1108478390945965052
2187273275923582102
724275212890421741
17514985606277367
1128665001214857801
2067760013928382786
218317145087596216
1410424550256946290
892350403794609086
2016074915443479001
1782047156833059743
715464480609272110
2169069042793072806
293530314166582901
2247091808060474227
1918331897488154046
194116080235161585
1184743311911625277
193269908418298919
1120864096104519052
1752914187388905542
294479774263407650
146791777354436946
786143458527454059
1223411938363272784
1295140497152590968
781033526613612876
1343005333530237745
825582047778091454
847738422289683207
906198671948447419
1158138610520240308
1021830822798426134
988793820213036897
863009483004106493
759729948077327846
1932593396776666028
748514187270665402
756080568230003965
1081766908451603334
1717966343076388551
1773332901828096326
924053974680368459
912625952976652834
612597356910218371
489679150055891974
1144087796164037754
2029414779345161850
1834659363937178816
303928120680940439
1528898467370906403
883575280729056227
362281527658808589
522832974299304269
845811188522048503
1982000458534419805
967586290348480205
1748378774280848529
1925528109037309859
173850626350302719
27129152379150849
690704719053756437
2127767509668383159
2079311742675802521
284775827957784028
1660851769147312697
1158830093118065463
1122676742722012140
1190998999330503242
2128574304013701937
187346839865032564
1456770631295667490
1500742002720224438
939741061288083383
16392044050149382
1821015273355760903
410627212375851415
2062212690762738945
1442009866978979881
1823489767026435096
796020399088600728
467853562650916365
640465850861490564
1401367771554678462
1678362786166347904
714942289310866872
507598249700040641
1366610457785458613
1008027772480952541
1621969081943728976
1910661909842504940
1084293311299627461
1747516345547243708
1662103868434989986
1053038678266972380
1780958908365638056
1739135630241739909
911595279513844942
1100529952804231791
1033488781013462782
145051606456505878
650177682174326490
418228692165875449
1122089537045349267
234672131167458561
1322201047727639924
515524385504093706
1654765472691689077
782292553074764664
2246620486795314163
2072072696588182201
140437005739195113
475352054906420235
1999080510655640581
754261617146491630
829150362369202489
268116699520933025
523969021155115470
934432417357992894
1667076016908564369
1248825863172356025
43908822254532232
802284233503788829
1148868969179268951
1204234843530468148
1039294064748821896
1334297570615478094
1846461735660824865
2230288918682444153
966592841851024955
475645609752227722
1238069185292093963
560113227541613008
1634491076416654324
944792759397669249
2001976686702816309
1718631218566822789
463538411885347961
1398776642895075645
1191869614086233663
2032997906983962754
1173706566915285992
2274578466932055634
1863103279186900806
1554570299420872903
843440605989589370
331790308540099386
929901145467934102
331928293942131265
1706217085194353666
1508506044492017057
814980065323049826
891255445882234307
1622402341730570511
374992571978625048
439760522717307534
312258584987548325
1072041755842203946
696588551783543382
1241382016436445897
651574385334083376
526640512105992936
2239119430355104512
1659493064510906929
2202124557594090293
935582094190262957
940691287118005100
834967370190148044
1473662930896076107
1622260047655912074
118001001658182884
706967746728644153
1876235376091720514
2044340044633860058
90225613083807977
552355630521473803
602350548726866608
921996106622845676
863743178401300802
248590531558557402
656117832714803220
1162815232434084567
241452532706480532
632834590038754473
1243072392048180487
218300478383151369
549378056783890162
580495863647625647
1345542861432102950
337138135259608552
1273137365714604510
35761353803821749
1156524356469088646
1018557210906068548
577082962694234732
2289145388929987676
1179601579417645672
1071160783568302027
436671454222597356
1443514214262860938
1098505658149377649
1405702548166158915
2297825019276364981
512070158677855544
1583336661356386073
2053150480512864371
1179201054992035000
1257592247252036622
1236798669702377078
2102574509205109531
868092627873015749
526126475168829622
873804891991269929
500528542883690181
1040457581518257691
1168224585446991014
1013828693438498131
1792012828373836881
1051170188381836173
2154961104663382819
1508293791394024298
1590429016885424223
905162708722756975
2179130280874078761
225915686509978755
2167128872944220919
277827215656977964
2190674280155078758
764114093592163641
1948407433463767330
439300579905121932
562849642206966186
696006596621302086
1334108645959542657
1037351620653500181
507517772659027764
1177182280565356269
154323349310351131
789007157537761303
859637162459764129
1768930650934953609
2055246457382908776
1795139502887385449
840608372684123857
1625900272853984639
267742695379171295
2021434574149371657
2207695278794472778
2053468873812421322
1535307037140082867
388542358873657344
224914174338532524
633020260913558726
1886218292824292348
442405370256021671
1407205631045390155
203678251394459646
2119457967392779922
1765191979260127919
1736406286979616887
1978194699082598034
1324055033511597734
139823298563071076
1417765724888416019
1360596675245332659
1713157501162815863
948338145918077023
339107594476674031
1103122144030471525
2091705526759186536
914484007998103637
1050697099334242339
1745884776167764013
113778135727908662
1500617411333178917
850717512239918946
723859154779192592
355255645223804388
34159952635449202
682496018300668518
1884700549384056144
1604205204585753216
35634000229215573
1386879439865495207
222473912838269917
65588732186217440
1739717552644634437
995340725036795101
881058146245097168
557360105029497427
823883984568303467
74989460890945722
1790081813440732096
712213033256462789
2136639113357541659
1958754395282243515
1495374609938571525
944664766535764595
407788110859591579
665739994810568355
948533837356349860
1808293543428959522
1622171015403687593
1796996008762563352
718461510159488320
1838817548923051647
761527446525853109
2220506742079749297
219468823416478699
885346057101598017
2027742757735166255
2167159590990372380
2264177679698737912
1482521199220911805
116216704479304429
2197425952353274530
669507416931470622
1480786201309190521
1353513228901369085
1905392093197493527
2170617699928969516
712040980928231281
1215788612277229758
350297457041231037
62315120051576188
627620883618588247
839337524273953777
1393445039003781904
535353730758220065
1928387969016323473
1431377787660340101
2069550230618861436
1535005568428440496
645385786405041024
1752993793798071218
894358387892892108
2173571918441032215
436402108966087785
1069865709325172362
524612208884638224
872978917787674540
2203726801955687460
1219633368258558862
1686730669592562536
618267219040516095
1951451185289550054
1570612184534667144
291575584302208617
891936309488697015
1993860939560161550
252889749088878203
668520238871359143
499560743372087729
2088483931856135705
2003961865211916141
617991096348107730
1542776516354991798
1696839610492684491
161202236856887042
1629722391724582103
1814534531372884433
982026206440141680
1043717671807726070
154197877920444362
1960529577307999976
1517054951751965825
123978647878032887
1266040489194446420
2177937744930137231
1680347205022972688
1941978727105863213
1823327803924043613
839205877976962780
371801444693961156
2267482113382697148
1080280683164341870
818758973229756324
1508476658876833612
1676591150319487386
1594698008296212843
722063733339489169
238706539391200615
369074738313038816
76729866540100964
1118648808332411817
14287853793076108
497775130771299516
230979695786156970
1035743939418577022
298405229771949594
1206772826042344210
1468365501662099099
442186692939858222
43341175769349098
201351260140206415
858443110356644716
790928890454691152
571031441055749023
2129924530265060741
391575556755560363
1137523683860920167
1958711987191692489
384542185900670786
1575371479716408616
1030704503089139605
1254932108965437803
1790885580080250849
1130882514516944603
761376950706322166
1578249883677095817
975483191300424950
913570155284250019
411495576462901015
1870048674009428849
785135208831280501
908768586115570502
1715662483056464198
1590746003456414202
778340618560483718
2272164519139672796
2049109267653165524
1443456024929574728
2198875349667694819
85286246260694546
315191571964495134
1214172127203669749
320611893772241692
2020530460012832740
472468679278634928
875311880301772372
949929833684398181
894033126462349138
1897072596152315212
1447848983645212346
1182201574088371320
53602990471171857
1588338882606585192
1073751729451489268
988664783078358990
1649750805511196857
905761921766059802
1579949746507357553
2277401555592340893
1736327225825631817
1341766594164173184
244186990048506159
1041203997101090529
172853478350916118
932151614267497299
1735468847579423703
2166930735729279930
1368582102994956190
1374081389476818147
1521248426169790565
500716238230732115
1150038373248477312
1969886285983304319
1709680507381650544
1357592145134955636
312650848058018108
1350438827073007710
1718698593385135817
220257467053205784
1228605339391857642
1079580540522844297
1593269939384156699
1888951702952531119
2185608585922252844
1540073975007585021
451015984448305746
467362691058077393
1616406609932610011
622245131952647036
1352513638291379005
1624823850497188283
355359683842811148
641300573314184458
2175250463161944862
2144576480992591149
1338102005154950535
615877313354045655
292573247321164089
517295829301304525
919024704932980658
1640425317854717273
273378538430647466
1956048168316863445
488597816994828137
926236997268020209
1719978467630029291
440278826122889593
1908047496933944246
1711245876981164561
1811374660946401196
2036211431008364411
169432492638392492
968343879846551862
1640520160269213177
797352915967931473
584581370367255823
408726906443435309
1307428528358801494
301300008565216062
1296974633823603787
2162093554948367775
1605908168274202831
1116537554865834660
2293893228644147868
1078005845476331835
1717363227253400715
13926146961948772
962284617819893287
437455311707149195
1183600106240246120
1177368822686931429
116293340049482165
966879535570908587
10379312301728249
1950094863884469672
1584553208850434932
2137076460614891931
1943431386960051668
1637300612896906038
235691990480251763
1683983018159980786
95728090791521511
917719509446123727
1913047353192114034
2086957548775529817
1651847515579965508
1053702126499238160
1136169461873982114
196095782814525426
1461998819898626655
213519608357231195
1735486015308794955
1834141018332672914
331900808715596955
949395546738480307
1105353133806088376
257387151576404550
2235442363796442535
1293890609005682395
2091677542706871416
1600468199591917875
1032211901539066292
1602569800233620706
2196484692218976459
753002478137009704
2203754107902241994
90738209572624574
2001353291426185757
812026686487851322
1356966008329225104
173401996708705118
513288718371406679
794936344993301979
1031542224412432273
1286550117729039900
1052275831928253805
1641654781275391876
954253551952147637
2164278805727094330
606309165983286836
1614106211426755646
809023935619657741
597168160456418568
1091801717746925529
194280637918497353
618239992153116940
229907929934071921
880885831562899704
2128304820576591653
780519996773374453
1404349206269672669
206839022199532652
132891653477716563
190186929451076949
1399852932255426689
423166751090502286
821135049452812266
300806397409680928
1760549661983381030
1577353370523164652
1256214357766785626
1269695502242966637
869638125804503716
1918246379157719788
1887429193758167599
1579037991583891546
2082393703148810084
566281335482590848
160770096226793236
2271400738020260038
571767662938436503
835161482353406998
904473719131782724
1669947028916407473
1860353353111871006
1025904122507749710
1133614268266208802
1145929035385815651
933769407218982176
2140075274887140041
604912933648795301
2219478711786839275
793777995969101078
849506402540708762
1445082395626903774
1381219817040043363
22446749821309882
660876817579548095
437756686464263856
838500108521451454
1750771773156973727
2073601329092161670
418642030202082258
249168147473206157
914919771355538559
2232106981100566425
1798258020401255135
723007615002601696
651873282081183589
1685660178158874016
988425342138816052
1624758942000419688
130767540175495147
726822294061485215
2024784597980649173
621237805031118452
1305236756429123038
1477436081864348322
1789590875795086734
1326743635648687791
20059706660756162
310503243803155484
668876390637188784
1133968205396884967
2281998400816971287
1492172728173577762
455610361601908794
1199387817662410184
1910496015916806000
359201892559400704
2199816762401202517
1775837850188541097
2160828891574135055
1974466225666231642
2090746048698869658
239206440102502005
1879362555144073051
953804065239979240
2219071384994661675
2100784935994740700
959698988760933342
647541125874425485
2244912169135200257
2133313713440734976
2249361004142365587
477074440502157716
2276772472163155313
1178426207110908343
897038273944097948
1883728891443409844
842251808448331495
872384547361926396
1996245071003922779
2159382651751979374
1820017451379207846
1515414758291096207
1943086567638933853
814911064858948104
349711719701278967
1320809747089599515
1604237155370311997
1487570913285914443
1349146145608713993
239197114980832421
403483592190487800
191358677597806269
1915979593405132991
292527666775579193
829247028976885883
1522517525271666433
105016809632806943
1165714996082613200
1002521357503509991
51974194621910939
872895492917678828
2100396334723085625
1114298407508749222
357606780530076123
1456135687416549738
1105473530914602653
1226387442622908599
1981865462952083820
91902532110698668
921279229751835705
836855236530864802
392468005303570832
460321776877651741
1848798943742921791
1084980543620773489
1702560687360897219
193724359286226430
840553637319498168
2088600845609634718
1319193485138115564
274736178620581989
120104110780800055
1511672417939998616
1607486874673024770
1216922663984560500
2249111394962512022
945521598035198672
1364297718476778727
2116642231090260562
1515356612441729093
1656206760152275344
1142321966119498522
1699186760917612106
1302045788238655770
133242480496781400
1391965075367845219
2300261132791525369
2176335663267896737
1041838350505128094
1462165581199481260
1325546317184896476
1316988031793511956
1269967954736746932
1323981013947728714
1998578039907368308
1122794245646344727
541426402013251161
323157789514016262
2136653214804894747
2015835535223606993
1503138112340511980
1398125812927418317
66888257413295784
2087933324244014719
2215854774452603043
2180875869544009003
765166215019813956
516510097057356596
1791919767675013702
1085392080752093583
1676776381006083414
828926161121512291
1702279021347682809
2014320879429679688
1706686284133706027
2114585074363148377
310002818181363050
1185930909874453621
1920467579799812821
552937705344829533
1434159388088945126
1665566213259836196
1068208589150407543
1849786827024519470
1362119280666492387
1965945452500603094
294777271728161500
922198129159277373
487791234676434950
516018863582959369
1058834517674429871
1384655845769893844
1602412659726354479
1809155205755252155
215738479316055712
1572071926996450865
593729644012322173
933169290585137405
1953339886853264128
1798206127621893008
1023855212184225378
1132966294208045709
2141561066388936600
485909025718487719
1119821228711501069
1073386712364791750
1478382490814215726
1364372571868993055
1174016595823936591
1584032942285426301
434991370842608106
2081757704752894973
1761416589083006391
726693942828146152
1348208797357733460
1406745557598057700
451947528500652369
1602670154580011704
1230279833948426996
173472004388383672
1943529760329642965
1543608790644436967
141684882801958606
797365003921150115
637599820593195336
880211052553968075
1656011434891727555
751465427729207304
1337257034284774167
145267776996964516
1842831678348376820
1103474767255583729
341999624834014085
275399572225719906
347874599227657719
220451090011121137
1679142570941063147
1813073310583142839
397227276676178100
1718660917971926923
340946173563085918
1740689318399747495
1199414331468672787
528269426311225793
1878759376083697514
2241880430588352468
29669741774507673
170289579385226577
1111404016736750071
1781469778917534961
754274378488606882
1404859430805559615
115300197197245298
1179327388181452292
1768089528165794131
674503274595844438
785488970543267596
1206714871915730008
24971300042031020
1013034156158638325
1176447817178894061
891054391914595039
447149329486028674
2215061469455879237
2013971522820889289
261256584689863331
1370721397558611480
790061881029191876
439072917517595996
483239148149456706
1887935755596578059
1636703575872548588
1632538371025623920
757303134889867056
1327828085670306892
468375672955080364
145885679068925205
501063644695287420
1447294456193212126
345198214999701628
376201419074800064
1689270075763924824
810729519268174444
1572982861428333125
1412080764416232127
1290374897329009329
2156012642735095954
2080761553955912599
837180635570068847
1808523554602900633
155302879820335155
64532320509691604
479295554547722133
802137711782683971
1488059918976004441
1279497529069830513
1692323101325868255
1771899652394815812
904755006227634937
747219611076242146
1774312834352219349
587110344669341838
397213671688780726
346621095808160279
896832834854381858
287335098889931522
1057973240219944532
449571333936263255
1715484982967503916
221594964411699902
1087217554110529635
192028224385220870
354615157578238996
1246572204389832907
360605474480167601
2040254272986475545
1692348981562547515
1118789291805541523
1416133944329808961
1761126699574086208
1727542148187418670
630394921376384325
1431294185234068889
723472921122110036
158218915904874116
2172391725429667767
1199954138270389982
1447153364024766006
1674298361555072665
1265980875340299239
748894569656770426
780448115546251728
2073889474105229182
671899312409622604
1815958655096768032
786549735088420880
730366653428021070
1755319977129822487
1748473922752649930
842826488915581164
1005189541792740807
2151763813280131391
441822987661452451
367574286452370805
1422764886125628032
664780849842792151
814524333004716020
826386707488991213
1782544073417776727
70994855900497062
2097324314775636952
2097625644828062121
1630391420163731066
287479732994925038
1493025714907056166
1289262508154312640
2204880676929743741
1248849719860175944
553991424289948310
86303093798216087
1085724765659240098
1686752744464575103
470036812638772010
500114345518145660
2286683684627621128
1712714078528622061
1659871175488877167
48597150880953094
518699516438288409
1055948893607803435
1258286925116697982
1059196956520398384
2105273662473267679
1466185066983631221
1904887950092486024
43650640204031061
1932317223573157981
2181881291442490862
1977231425339779039
607975145090137641
268355078039846941
1570103982299685346
472007554036637105
2149797746276247277
1788189153954922538
597724236161501589
1444913406199990692
1112139764038524223
844709149607149192
1628132430710713436
620138779241631379
1988454835090343142
2220676927455258435
2130808399137466759
732088714658690341
2178779584061366806
2028622825348307251
2218540009592747301
132065494256646476
1168226331903040497
697380342904104640
1434076133467900753
1347067700042921100
1573891374058331978
298808749029722193
276516212116873909
1520528846685625869
1515097532952401099
1815452621298803697
1344530754081446935
882710822478746640
82146669107169520
389432935098156377
1061276257094101136
1021691046018759723
1711020374183562806
419392304588097247
704841406177619797
514020992222678283
1233605820815846211
316064159450912419
1533729094412863386
1740349098015981950
1888406885716165173
1179278803277098008
965767130201183387
1318046038337693661
99986009733289455
1580175187631055719
635975468490071305
2262379141871624982
361513931829117718
2133575396383911391
1706344067436487794
1180045652821432361
1937433906842641776
1428646292103868235
2059463217380900481
2177432136327751798
947840004998408416
976877689234270204
1841405506070691058
1083349601656955600
112827500107715471
264020113392097348
2000542366468112401
983655830937139750
738760042778785903
1075046768522899033
1872868881896263228
1283088767778995272
1499388664490145851
208018695219766069
754461840624772162
1963975519490086263
711651776228289420
1238203103048092960
1629910333818466050
239467972540029141
606563565854414387
1381527044472803820
2145085623077140387
1748444630676685977
1620369256763951735
296146839328733127
168651164715264935
360718472290239794
645513754977385667
942361796009996351
1342978353935617612
310223160200630613
1829220437333191406
1014627123462180253
106792662058926627
45868663885721154
1673045193340224110
1296584042550272947
1576942465296011733
1503678200565540654
372966120899329989
1696983150510633020
584467058200413210
2208949007872844072
658300766286085166
1215175038357653931
638432895100797092
1525337659785072662
309206416898068939
1965036813082816538
1918608751647506717
387299333232459660
1727483538240559787
786365917497729920
1945536915031292384
1202128990057269617
1772991087794959024
1661591412807739239
1110200986355655680
1590689748767944904
1429219392405536629
626168539937300177
1714605366178736266
486559601379352618
1389977333962846339
2118637946100225539
1173016661459666901
2119796602558335632
1346895515931633839
1227173349504084820
2195332266958690343
1348120315149519963
2292739705247712230
305379773947291787
2003976994165660604
1223684599164801931
34454244163911591
989690488706106975
1615012502369157108
75686537944980544
1520266438115292655
484992924499207303
512789415326032703
325451930834156796
168002288603531357
1328334384486010829
450642997646329789
1631362384594297683
2018245801725231219
521948632838005545
1083045813057793619
863946848019972066
498448113163655930
142705389233337797
1344254207745462826
994621448795757241
1488545402457286041
1595727412210412246
437213596179451692
2090944512045629709
1454365124537721977
171841902174479475
1738747124712356025
1373199781581423291
771695023298674687
890192157180246253
844025055396091614
227050200231413230
168830852630058143
1109560949156780987
1490781322802740618
524922319103966663
2114807068242083540
1747214052044725187
1090202534224551066
2166075698785982490
1268620573753900642
445281610696276138
1675895339137032382
1669968641072352986
836439100586733984
2141821492776298136
134961047804439861
1379540266574938704
1042372290187193266
998083932614738607
208252979236533457
1517971497179662776
1039259814243413596
526413505479245244
1954205459959708785
728978810265712741
774210679743994665
232390744051586325
2199604751345315530
616491965795607850
932428213321975735
1115703363580583113
578399692423324840
1497286460686408536
219638854905046553
55598622334428462
1550838223688330124
632945757851630723
1546994032510774699
1277048486402346524
1528935864092778669
807488833640177367
1257062399290018363
1723832009522978824
798550049717722235
347029546538923668
85384423116388707
1260172572309788646
954301140321501886
1411873193303984475
1628133968924094933
838745069421922302
1568710174741052838
840755524802047689
518897678882635137
1073584020898297195
1642449320684328331
2013363674670274909
199726176165561573
1439918890129977042
1263464947673021221
1421985579067386338
1184137604063810131
913677802702070179
1315102260433244743
1027811433342864024
1300602378557086874
82644138645119258
88268912494814571
1950152474464842977
63446889343926275
234681699152553262
1486306951471199653
167719386101794774
327159679688035264
2133140543879170695
1547045741702774208
361034931418213833
631606166653684856
281936279534478992
444692007875373453
1595375735583147653
122655113718729983
1538991386490558776
1173746768376043830
1913093881718850323
256235448634563589
1213239971440979333
1533365670253183672
1555589870833074435
1925949409579366796
1337290561598744168
1616041098433282581
1580019912998302143
174423929121161943
639766130688220865
159122481635955807
316134875561045166
867945929569300330
1313398250410676694
300346788967736869
669868147666106747
992943035812237917
2073791703860792747
1520186442413871019
1232414152861496519
1982552665606140481
1591912779584726146
530342491234286830
2008831111128601698
1382440520134559627
218546219237089371
2286876753274012201
1109066898853410723
358361038287244248
226025968064072383
1030829670631524108
334612270464803548
1214255093071613894
484967862544260374
1237043609949938757
929638297944238677
1670817734363307943
45373542823551631
1682131846094673285
1657544615887792272
319904511199761707
1807503918479337707
1128549818322746182
2230641440270728738
1808526743332866382
1054839061551498083
883284383026394163
1249336299264915306
370394555534654433
2230910822463019056
1744840800379442497
594176050465556284
1353575727693674606
842736788135923067
1613008357426148461
772533761288562056
1286171995804210404
120029101407770253
1270070529061601754
1498946262729681007
1001804235379749613
2195078221269381490
1264130091610943803
1301085745705305260
1670769669210122559
1585235430364168727
819989286491133810
2097469966978507488
421079873384579568
1749980944226872900
766943821617409330
2238188658280898036
854539056679805151
948344237527678647
2253607116548275013
1915747855578164609
841753326768819058
535100402703437519
903884478128661679
1817464613008624484
1991938931965492530
2183813840897431631
1201052063147994840
446736962607470076
1958552720788800380
50000919003447259
1127756174142449810
1718604134565782001
629620627173846195
273109151653849145
1268101419669627214
458631088416928858
1179620547510965265
986121097113510728
644867240028307797
288035449213440813
1120863534482221618
890278951699043198
769978456169953387
1314742607658435411
652423228328059259
1701374790499420535
1220962429992949015
1025477963563556821
954440496237340558
759869050716757205
1014969390145127903
583517998964985626
424510481945584550
2224384033847843076
1688025644267497005
508621966424152535
118018963387189580
1192846593865255697
610426287625087719
474209054896269471
2052990357077492334
2294480194668963828
735520701630586239
684217293241158226
927482828052746823
1728252618023350059
1976267984733093115
2037970009609403615
2083275216157881510
1855454497260597278
1591527051090764808
483094904160554425
1468783974330073724
2242012537772231819
519341289951564141
1410909248028808844
2091299832551916672
1925660809225473475
57592329683740530
187508321396417986
1460895663909561997
2191211609097487794
308285808527616719
186597425492530430
216799052517827207
1888077182890787266
759409788208688260
799579085006751369
2113533355608109311
661563634918616169
1316729543421503758
1114081910144025438
748656426547193512
531473810911227080
251656347594248500
71739430644473420
243874499671478452
1683514072205787924
991959690969975164
106852521521503286
687165911563022304
1951563624086300522
928404430350297787
857478018081713350
1271453706700802800
1523536747089708346
587726171662738615
609265890634256258
270049200260766366
1688539755488428825
2020687944317668901
1877496695279126361
1843826090628380336
1464489758736987968
2206246362887683101
715810792569244634
1333218327380700993
1753086430155145101
462428655279670034
1416520538213530406
781169793272010877
601310026872097402
1934608067799008939
173763520260346012
352705118146612868
481367717169431550
72822503145883550
403714050157983720
1249417466937179845
313232076067865976
1249293809559877677
1176667068014385414
925597268131665164
803858515965074697
862490636403276365
1921261396600615012
356138037689883128
665404786213290804
766021234657979509
380367702087250557
2124406970685461684
1377401327020300262
2019526783344645487
70442174841533761
1578413952391873508
437466863745424077
1442354991800595243
245435994769409110
336066439492794209
2302759714478541339
917709094609128469
1517159435204384124
1716728857720193069
596699350593176800
547605724374081296
25055818089093732
1808294792048126854
840768729099893016
379627238842215820
1640444734481050625
1341151721993325108
346007434739371410
2091015703152489193
1631275689564527009
530385318440071425
559822211218776069
851440916023794567
1420522897812496873
1333839225350269907
34696549484069350
1770200097957382836
1924026842293905793
375067869008413955
1245431594225178091
1990278103953030055
74356160793544053
327573806709768644
959715082478080938
2163500606108531597
1614802467694889433
1376155693505168057
1715455205385566524
622605383677174752
1083605569064979001
1775215620490817190
48696260948972919
1557543062971988190
2154012733359572320
1008260484418172289
1542139453439413573
385713355755358470
1819868810502927100
1010000166591905769
147859388380306534
1011181332121009613
660583461241641195
1653634007439551122
608766912993149670
1643002117617601771
943692780465925512
926721883487719243
1938614212157423692
1878892821571343253
338049940885881504
507770453650700185
1297806166433823266
356801648921593147
482366889467067971
1745952450704031903
1458750112008481433
257871103593803925
244410152622173054
1526539178026229122
1385263425501833149
353712530966188755
1339576313015972006
1640929865941485714
1219931101745729479
1550045543575095976
1813233890342734978
121804366499745731
701804214620413940
861057800726293978
1679171457770061671
1661108954903567954
592597125801121545
552298903004546177
1744238535787568420
1613660644343299218
1213640857533138144
279042900533496157
161865442530374007
53212761207500006
1885873984719970294
998158915329011671
1281726140542118472
520443895784493212
559105978945152038
461685964527614479
1824915211732288972
812043511534157778
734374024748590857
196241470605917479
1372333330284108628
1009008717744184782
1919284075637617997
402968144089634223
1813257884658458415
870877214949479249
132393224122708385
2216962474344886024
773005603818814809
1196977835815707357
485004911372974746
2003662044673336605
165856472305682317
13297235021678251
888248650457343255
1356939016258426513
2112745731982655561
2107893146659804424
512798628801377492
811007783271925962
1154496501172910308
228746423573322940
1947959981459730794
1078364942217363826
1721573263547134837
197333255551111931
1563534417240884627
1097243346581520217
1034483657493543784
320016442480628988
873721557814512798
1922781335827988294
1809012804705441272
1562162331596954614
185642012394175190
165925274700345528
2110804770590966397
193800552943701325
931864466278511085
1586867335451068432
2288842612742649064
1693710662019443991
310477645312262146
1869607514695397111
68014788836593131
1124332038832399983
399566541895743650
464738963182291101
1977500465054032555
1235447061333688647
1399903214020009453
1877376039178592315
719957275312996783
779238514223769174
80469573733334771
291780915278485445
175080911295917503
369955733261007518
2277065437826139216
1560763706461368232
1669530484665470288
809231407843112403
623207006582011308
345374173980594675
545713385874467154
1671907969576432123
983992336830223833
1202104618454525584
1014731423165273850
1173694161758128045
1569021330156564699
310488481877216342
631868728702894685
976634829765570665
642952548166464780
1102021125943185915
2067571539863863457
84196975156348945
1878069135058533606
827209378602021187
2116548405016877591
973723367284106604
2075151066580095243
1792457468391583012
634922575897274658
1948098048522817632
1983892891109294778
626940569656129657
1590750022164079076
407904447887768936
2015470682521329423
1894218837621713768
96467970185477241
145722018900734914
747458719271098704
2093720058643936291
471916577865826707
1982988995204417095
1395275410864580165
1775756910156451827
620503854125791410
187111572844150485
734705245552649857
840687576482953226
1562017069482149558
1533754410968292483
1970677000783480382
1710261539542677071
1077189540719921115
1580375948174975194
435130748655042510
708256567517561651
1256230104055820694
538263914435262055
2238142962748762085
1528039977558488457
361140820108614489
2182872643420115053
1735714482206981376
836410057166820436
2257936196638986811
922118547242850601
1912059393574543060
721406864884582303
523230136959187052
480997553980813639
1819012940964357132
2275909424159110888
947781961769544804
2088799237645678640
1351602000949286976
1993066395094033546
303710642188805269
1228475153611149687
603283214221760087
1260973893221324685
1795534298321436684
608383661753966250
154310891171038036
835129852656546374
890026873607243738
2080446793342197384
944244658094475680
1703287112231118100
502213296565061318
1876235942226992986
513172942589446788
2151501766669387657
467154900025537940
1353693567629072338
1605363371782930454
2175320298109281565
365954405295734469
93883505622819225
935723503671230563
95903694711056375
1196187347426798205
835699289500957542
830452477036014734
693135054288558662
2023397525260438809
1277605167356791586
544289351363652225
623578146714393064
486117032010783292
951518114554387667
1553563115510195503
1772707905185485255
486482928138546580
181238743578748228
681262342697073455
884220496806882605
2107787251513836331
522871281489696103
1934988900516384366
2087542112462274529
1726032852749308210
1934508298413268338
1870017865691370296
1604613299143013004
1598261576142740836
1288484788247842777
442785488444116514
720330886528615498
86499683990172721
564407818114420846
1513054624845455405
1897855968746353344
344792822439335926
1986252547708121278
2039406955095507736
2090331252879807225
1181583019540513738
1521778847395840755
217200033687456328
192657383504594291
2282180256375595921
656105173463303237
493212798834263728
2097930074911293241
43295761613401979
134625429009649006
1711980916971465211
43272608453265356
1032445812228286993
2227657130351406471
1588057839248319500
326952250064983112
1111209745441570655
1820461624128061512
275957361418920852
1397202630758113883
194618279632825967
1501204626420162378
1287474506432000611
2210171116339511195
540863614712987931
501061683336062032
1423500464328912264
1498732434774011735
1385490980809994473
708475641743213052
2281296057377045335
1324306839360344605
694774816007987281
1824727103216747136
567585872426401016
932061789982218010
765938188078798026
447655659668585181
109776062398954376
1820470887514256463
445723198384279739
281208128744647833
1587407978736995856
1440861034755458983
1259034512850713071
584574672802985103
1705113997955590812
113967033038280011
403484941047079457
495763572527286980
1534594828840553258
833848827503229369
675678996229990914
871411509229912573
1635271255709194949
1434484174100115149
182494341340211595
1685526782787459732
1810817568409116575
2125617035278295434
651981303786312781
329015594044786950
1851114378885623104
1281922214321187999
160580277440504654
1265137388392866374
1629446840072344836
1615208587779792802
2230362494686200257
180201588761158622
1110098940038966265
1819535415249779951
1146583841421020089
677434981872364918
458651050543563755
589657107955302844
256759916321258125
776303488275925884
111499985414860901
386300091212417246
1804759039661986263
1302975958761917716
1208003055377950387
1234978609616080356
1988849167488499583
1889063807563483796
567702677186428348
320805408942893712
1730190791724850912
2072479267338261428
2213342473884056101
556154692747033081
117399858870340267
319649961884277399
508188296087433449
1629321693604974142
1619064163665283523
958117253238947951
2127492788813490979
1884550044172193799
30346688399174906
712979341445244094
530717314108554535
1153398667106143819
1328032281942349494
810073721252158962
1411277519941295333
617274607491236203
2214472603595316191
1538591566673862103
722307218549416259
1926636021617766003
2180339352010495379
15652509477809588
1799074030873069075
2035446831456400367
1632966605750386452
1731620014133894193
245571342374465829
578114944833281457
1669188287713252516
461715020439909119
511887062471209651
2241651930103348388
1131050507925827591
1079686460301918386
1393001055819480724
1018529683462714258
313704675634686023
597501922920924640
630567351138668761
1694199579100537748
2020792771656079149
2292457248326596713
1963717183960395393
1194498281410298474
1407394204264727711
1775191232900885923
1108217530882388636
618822402198281446
823374791815152594
1248624812263530053
747194629124997868
249402970678776782
1934790704551472182
238213966626569674
913819993590483818
608478700961720914
1376734439021540714
938259798285876450
2156702134342498186
13024378894436856
1560893563220655213
169000420770233212
1652665280387733154
1168898314695312856
1748431650667694507
862486406343900630
1380047860145333073
65737897344105473
1209173121728314175
404814281966409002
675045897081116981
691925265123913109
1317562255824423191
1222343369626208261
1048140254654315825
1251847539249211984
1019825993895883546
948163257892047726
1649484467419366350
987754654541070305
727776373066100740
1387153796445984776
1160312597995058850
1582347890963962269
9628249772024589
1093458109551909440
1731543497032292204
1018500639036625990
278898154158184806
938800637430481485
1580302554223434079
836340449449546788
1665910650336470393
2039286230671444471
282367837006638539
2062666660539294138
171364795612912495
1878610221988473667
2045288165279494608
2001131734480861862
1301881801573795502
222312555048672423
987132068115517638
2138429859664223801
1228734925038601380
771445141563337952
1382172077685959369
1904434927911246952
572127280267953912
660266845241872292
787671880587703167
1669860585649827974
1531607774316424785
1158399070259310092
785010701207099385
1938031147742215882
1691124397790983212
1170563766601363660
111256700806580756
608947574906268358
1895346211082429421
1346294727378597368
703114655378118639
1100517997169277942
1854648888176253756
1403598575883259508
1619115919555795017
2150672175992136507
872427737146498307
1854579262188100365
1969029475954235565
294911144304068111
286509287265387026
79601867764954379
1522687663637913601
1517975428288654532
1975292932177938345
1895441617733369733
1781484853407601115
530854822347842139
499470151014677553
908137266007316719
209453507234331100
110259754267274685
746819629346461510
1571251895466417891
1047573741711742666
2038763599483533397
1401565231511829382
513685739688930794
1376600343479922731
903640286853659758
770900846324159730
1759045170010924374
488790489234542563
774813749950048531
1486908924412203258
383667223599037166
1423433719903066464
1386689766291019804
144504519515779464
235219076854386081
354365166075606213
685931102786756431
1066644233217848657
518577714820886393
12032384127503477
1241156662951407139
1931969321362935567
796147097746444043
2095495571854482529
982584407066049149
220556271250736658
381319712975699098
1826927416174324521
83606705794482894
184194883980535646
1669150830275098284
82141771696974643
138312484924237833
952451453858951532
1709648242979025989
1691517997284532028
2067446664069563463
760529112527376402
23021396812898029
431606063606017759
735211279378757928
769009101649345767
30718370519987841
2122305425369167743
2151527801530166549
450626460677013203
1734425682642897712
739689149824278206
1470904544309532812
1229328653725633380
1589490542993086237
511191163729028469
540596645720258589
543633562211689294
1648970372927105685
407500841989197026
1363596724213713395
1326494713108590982
871777322286861935
2251517759685287837
867479706135091763
732915029743224736
1755653061629490729
1754142297752711256
1695118821349060569
586977045122755808
1137641772896160694
100509075995433113
1339899824419030034
982246952652604355
470162023414878824
1339279580542433445
1945112616668771127
1160872041126110935
1562677389003829842
467342020822618064
1205203967806003419
549184792926433091
583215267225993909
149072393461872795
210767385769687788
932676128912827581
1253431480457096886
2282836501073926760
1626697001288170398
1254852351358681271
565128156473627742
62929706253866000
2285457769679709602
865577498659148169
1959374637520939402
1307866884007837860
2103259434371738835
606454102801955732
2110542692134719791
148012091744230698
813604096692159700
1901319985591806447
1567902300407061986
1328205521568410836
2072165715710326327
1387932549032278686
458007077114124384
557155115962877754
1908949197122819582
700384362879610118
802956403183935576
202078416892930562
214268186725252276
1695509057127343622
995032192787543934
1529544201156587063
1522794273458118938
933544074716869217
1315071205017798238
447513828521950975
2071624455579301869
155510569594015013
210278442660595825
2016259479226973566
220118692477098282
941777662609490700
68009233028610438
2009208182855662768
2235663970157485165
1068646470024310265
2146732434639222830
381922262106430748
123504247018896556
709710686199853229
81870438666184285
712978856584331153
713306370161190504
1499441639011397914
1216115280843261788
521079488369758989
1629452626912678079
722150650667295604
1337351183213148416
1430528483941868567
1769376947915955329
2033682359695629167
672318804903237577
1036010962368214470
456565393927759419
1244898438121203812
215665900469920798
1887119570455046054
647817685065170569
1416063394124057144
1229129326201904427
1431381531773271071
1993450569148967477
584164389830035254
479848640546163354
38102878636889061
2205398799168578672
913913344477905861
861571075022525641
957036593076029049
1012486757973691548
2284339165511686754
40719694508222409
1110659551135800562
767445067028320692
2277218861604989193
1356435985238711782
1020077931252504783
1961674340105190455
2060874639498775909
1174501317342877333
1057159131548338079
1962656240452783630
131863066216618067
1983826181892474161
622932300847673307
1480851039646188444
460437212809423589
1715234365752446209
1561510042693642379
1215854241209461186
692102814302186094
1859450578724535654
905481776970607711
1279161405823083039
1251947429814093789
1449894571385090622
1473566306077383427
1720033666613463872
1069885778418477844
1093554899285143181
487861722674818019
1922942679013784215
1280765923998632608
269112411740089867
1363163094012271032
1610256989180626603
1125966246038729782
1387276362520790545
1267829140994030896
688094030213888691
964859926156464580
781372098261886675
19506918006998302
1666622636364005315
750411601668334016
1496861004978479707
677453907519837423
406068157553593054
1108453064181420414
1695054030747314141
958831528770109050
1047590705287115226
725075558561097848
1694447627607974796
1714753627152474123
893872035315266692
1451620311937076974
1765456442326678562
1215572365187786395
1085113623825634534
424666410531193767
1333045477984545137
204428070301506683
1718514099035465532
156884729655934418
1951924697563966779
256146536276039468
1290668920752584514
1391878061356171913
1016591916359074206
1420234609885691976
1066595854738258245
354293059692937815
2215534891809875855
2134510165361263889
822378132436750794
2155629385810013843
1775174352174557005
2302053488118440651
108674312289311191
289291206807172406
1388029425751642590
123499508757255052
757903515036380249
1144060425637205127
1474834976783748717
1586645010312348369
2088216734132350151
889241522895620036
459851061867841891
1418540108810370153
1613232378646048988
170590438634528044
792285367045967250
253406408665103059
855952165368411147
376262428490739205
868406438439398593
208756948269279397
479760594854645111
1192153064737207012
1965270975265318735
1220696284340002907
1625291461775750353
38935530028956451
1474852622982765506
2221292057689615509
1002434691989052077
1078328412295699072
586842694661628068
1645936646609118886
2270578373063046628
1245708161795179434
2109890619217626450
1150760482555807178
495100410233207493
2164493674271492471
1642456693658516170
1225484612220327423
1543704424288433102
1583044013872928871
1968360712061502535
1927625435040429743
1182465435002740190
2256396051782582896
266222064913778302
245286951885372378
131997949026505499
1916824435507214862
1711256087183305828
619127815466661170
1070895519899783511
211319625883347996
284217711302161799
217618282333236888
311461249323385154
1098165522159793923
1171679253257773647
2156244589495129644
465626299321820401
1334354881998218321
1485501485151777923
932089746487473883
1394192812996204292
701801217218063112
994134876552167917
2206418975253245456
306260494211474017
163739153714930621
1875677453241954640
1551933850201738540
1140009038104324801
1932489261905620310
1329367585174743719
439764141955978843
979618978002089892
631185743669333872
2003031468717437126
1748362327080432096
864052266016983534
728718293765978422
1262704498135486114
617101799113468332
1636913880500581622
985451512063150820
1921564046420875346
2213523044912529886
1538932475503703572
903968495912976913
296383398633357940
1222426162245236825
435687926520392080
1676744028173718936
1196611221838105240
1915864081044135296
598833080104251320
8750811202942714
503159949270480308
70485401445681900
2037669028433753560
2071636278007430133
597684804528385151
1245740175092256704
1597773185142755801
1717505905781885990
178392451773610766
1965605401745338163
1466038038722955976
286484906071231437
1331258362341694768
1090602112868684838
1483067987915769209
1791865576058535
361432645242364050
2089165223256880908
1326178707951541069
1715918053184546551
1238518574155293050
2075734353626200637
1607697743607202052
1946966417088941911
2015113759607830255
2294600199690666469
693825426661464115
268955078335860705
818104803511550746
1090011425788507044
2043747700869453575
1849091885699909501
67764259630921899
1786438655127127266
445597113707408406
596756270397587784
79069057601892370
1660019014773306843
1977392434074259908
977787765529093383
1466105649074714486
1306183621010194394
1756473590356599193
1963829842025597434
1068232239025558966
638911177167142041
153939130789647935
1054528114752625839
2245735627161556510
411054422766906672
273788192273278072
415499431579938862
1867684389100432203
1443739174429282152
264589850823720823
775069712449921868
652111739237123807
486226933251780418
204642884065945902
511754191993591774
987405920776850692
782770009373545315
2240330171880893490
1672240334270057605
641763787771189545
1874219561003555258
331690704989302576
1791742869094433002
1066679494316052149
544788809530587784
401509180568117219
34665684828977191
2257401231424104270
1334176794621520313
1652990217119027510
407021368527762080
1869680711146582916
1227597999333598900
1350035386850009288
547493447093709609
1428867016316271038
445029740137990388
492591916092025940
2112898505916660519
1138885119386118169
867004517687841643
913393121888500621
896078024564294097
1021117793992055221
1631312850295561257
946186494354943715
2288705574187602964
214831357269042423
726740854143125376
500399314162377687
279578651817125371
1958145657572370568
2016475046923438403
992888354745474767
2114138983931296232
2010397539808231993
1020239478248054849
628473125732969268
1387625190627242002
141111860730398407
1793608845163237316
1024072817075362691
36337072186623774
1424449787877691421
606276956191800148
1088687833426434391
192972226398425963
278249712248908100
876471390125143904
1456076826441688813
451599030847649055
2140624803793478812
1964531399422381622
1305284179670248730
821031054597310652
470136365977547179
1070401194704877218
644390812717775260
62360163123811298
120911936965842328
282285671117098374
870299903467210038
1219211898248634342
12971071421495476
1123589158050537918
1163106149931031209
1668511184562780370
1150334716061645894
1677426350700042613
1516763979908918123
213025570278918754
893251055866396509
308193051076892799
2025808278635963879
1802119674817244284
1455855318450116297
648809872683924186
611532650343323730
2282771527736824583
1171135772451077790
2106816906082384678
2156549786523078924
601278590159701362
1944378393969442836
1107944923775842077
2075474228646669488
1278444138132074123
1392533091356065272
835593845128678593
92710415299208746
1758634420227167266
571700694313501452
1061078705908229410
190890309728222508
1705821741467807886
808927482411466402
1929639548785852917
1450516152687182587
323585965983720881
1862188731255190120
174366543124345833
1261002875394735802
1337351790565678486
1417911819019010518
1900796555054880726
1447719665193098326
1080739426746590443
1241156930801698940
617828915473003684
2002620245680418836
865106969794393658
518429024632577371
329040000354033748
1353203259657671669
550571801079354433
847390703389822308
844611398231619417
1936611664790842705
691221827803483157
937655986527021751
1229906656584721695
1152562018988254816
1758412646218486449
741545956081502447
253230442893592376
387829046237938252
126176120292693449
1035200073237088090
2077770103780657188
1192581357299136221
2128730146630932188
1564980368106581889
2054625047407566665
2078650645168659621
736404260871022765
725915049968225855
1059553133271270107
2073844714260110820
1300798818623281975
634192252026074342
1728992814644623045
2028517228693153899
583363141537669972
7185081528400
1545366009507121351
1612878936282891889
9918986313211236
223812825727440839
1449298086606468013
800114933382281535
999532721934089740
1837149841334431475
1915280057407157387
832041167111887023
1281994683179837093
333439821052573684
653184067656998841
1103771402706137270
1081488499065068913
350039465491557717
1821778481753006860
555307197059824145
1058125331238655907
1073948739820482562
898642795212835259
1747451530063447571
241859221519738518
1010935626114787753
912358761575857344
1881306598217451875
369078473828015476
148137270784511030
438199415063671890
264594523297523694
1226607271132617662
983487408017699745
2233917550794390513
1407794871230687676
2077153586973270265
296056464022869459
199601984149091997
229759733585304440
1953009135644514287
1144018395181623784
857651757984761335
2197851986015418047
935613564436798022
301094978268567278
585631166611507965
2145524277880625965
1695946502134061769
2045874961293593510
1555054984176291728
419279924168685072
1756367392090990116
1017529626699996641
2105662999913235435
1804634531545909027
82356437385952471
999521193315621181
318576185714572287
956113908200371175
946281694948151595
1675227390607416917
22668669367542766
388732014213359858
1762811640715323282
2199562706926194416
2245581599021104107
33528825043441778
1488422178320615660
958540368316791110
1411979667462203821
2092968187983130327
2168041743041723993
1638510941639101301
733900923331084979
443608504945357055
1847647959482852740
2100783950659137688
1712277355206809334
338107938354748002
1244424742149244164
994303906813570960
1274853699592173842
1492948898394355813
1404705443161770451
213921712281236284
816548485526964468
1967451118107102307
807156583075721156
480217722066599859
379656492203671513
2067030198136306686
1095253013096702896
1423100256757693443
1563372746361559679
832926245388562478
2098280630614529026
397053743295644445
851686308860827638
371721058266059789
1524865184280733079
2234607601186392440
750124971299247839
188883599395825129
464082964382499778
716094065657007805
2270734616038878694
1164037181816297764
1212317503073236012
863008927651261909
2038328365608446830
1922011147302097668
1657874041819605370
1402662861354486484
282826846674903389
1859478403788949763
1151938869083319229
1994241518081911939
271377115050460576
2294859657640350651
1531968787332284015
2089688207891907590
450896892353669228
155281123617230533
2299757188125988409
1521572753336763997
1349954735972083147
706853715150072000
1596338823355779796
1237869690964141553
2193822642700848301
1145369745167407736
1929568393865729850
670128965252072310
1501441167362669451
1149509028229378484
1815724479070165219
2198772104428734490
61642160350217674
1183485115135330240
957873803639973353
1253559230643964339
1643071344550687840
876411867063193937
947242820863772458
389895162209076766
174127310236707377
1565237652289380794
1244219878283789463
1755632799661094195
1588125402634563057
1242414509813961514
1649873980814395518
242087913524380679
1675636153742364124
832202167422558442
548009139327868279
1298463026611142636
2054581268864889620
881426600573835656
725048327954024133
1619661446364620181
2092726134300707943
1038595749666899740
523312360036143231
2253873972640041279
720524393339620555
1558586281552922242
279181449257797559
1115866882643222096
809220001753466255
1399457173633644026
467123460235744241
1319329516484801816
1956035824577143393
1010379304501855873
1575853099394816260
32583142946908387
1724239198002732679
1833707339305427923
385318480676514629
982503037654055080
769353663029730185
1421351171357525805
472462500343453284
1141491153330826534
13031065628127657
1300965925146451916
2020764698813705968
1388104194279624954
1907811154423126214
1876971525658071188
1826233822535981219
22109931504649741
840683489883086919
261121322921389150
603392143101926101
1348859023196816191
588476679336303933
2175922218997112335
28869278621925728
2104725304733239283
2071732494931971502
225368537116115276
1782691491174752378
766944875364279890
1811406383742608280
965467769862115939
1435959205432370298
2179885064079767765
2190674118237156320
1489833066349947532
1607260143139931064
1050991565304853747
1496733782992944527
1641386371605298326
1667915551214970322
954141612232569227
1729789122910697331
283255551491754575
1234651151033633851
1212319204447042855
385793768004140718
758011248805145711
2000640269320300208
1131489803438308736
95075043861534644
742281611655681989
805780495574514069
2016368576908874683
628629973552300616
1191261540150417645
2178144545918640888
1835355137301303217
1067655899493766497
951080309032844153
1083239733870482268
342295410167011347
1655879051498265838
2196806220385214230
759328536315539479
1703724657731522121
1185631333303924927
2224081485553035304
995944571173997129
139242796287705464
1522265129676793615
134165016382732180
1309910522006121255
1154288512951404823
2215642105515013190
2052445852438606201
153119337752551909
1718310818357729555
886731540100080169
356022452024222380
243406454418842176
1480993030020809740
1935876293755434641
253398363350916790
958204601973894986
1070449418453274054
2276986996171986065
740338790468931952
416977008781364200
2175136530550700964
967846170491223140
336109555256046918
641285396401509685
2002220141046199555
1272182924094105795
1022372749831659207
898229452305479992
1035716649770290652
13867277215752250
207396998561779730
685021807133315071
2077269526591789905
1453154309689605603
2109450100012177018
1881040709665115695
1670103214427013372
2285220980613807707
710790219910587463
1303718813081845421
2016495328495186675
1617134179185096911
1944760864992568327
265923933634657373
684561579788842670
1420647560844447491
1072305827251956717
1715901172102483724
1254317006328664896
1008355564370871916
956924816408813772
248318167663475199
311821904073742093
1633690914000892117
190386622403036620
870476586794367280
1205032414971736898
2005767788512764744
1296251528842405197
673581995544791732
921053920122500814
1588127531830401273
1586758389415082147
1446066257924956703
284843874725364660
89102423851218350
2170257650888816937
1605949880570740014
18910881906159379
1854529010568225349
1102061282703861071
1249001499403321533
2222812335527033486
1821925280379373800
2028865189657839588
110259199899756206
997925398975159946
1476340935134548730
1409868527962438340
927747799841174850
931384571771195966
1827462644199204608
63151303823981147
1153691673993904925
1986796381881195324
2018684069844462859
1366612223119949682
2055455529951755261
1389529562650330170
2141280278518050064
151203220778543352
390643068467577942
244992398225725079
578430346085891422
1783281822310992083
1121882488100657480
1775068026261018437
85108594675998627
1202013445481137566
1171008253237874586
2248776294529674015
501511168931683065
521324317202986501
1289378165118204882
1526177705905555808
650337932517562269
2087555379567039529
408858613727839127
680909503854420636
981932700965997280
679951111067789992
1098543497870415122
1612677493589053151
756645045961944584
2216164510366566832
1936894762290105054
756233856179585862
1446895977142569950
978609568884474239
439311701120131244
797455058494195115
558171420135933174
1137859007122847211
1148408729206850213
1486089611106022360
1429759445121969862
1300059555877371602
980326244588749376
1446671859119966844
2225187468550829120
1285949201771778504
1896579916915822518
1659945402142969816
1084560637580424371
668643904177010873
2272122446570566492
685925913660329711
773888691542267333
726816522021626279
2217324100721407458
1681136965785970287
1430832600358805655
450160815346938024
1044197722702970542
1135607970585064032
2107343191585200381
1813460277950302740
606538677494397483
243849517053698739
232228280841980610
379240013116346638
662592846659585874
219424887702540778
703874088781461338
1561377072271313041
322080307183159359
1482587813500275007
220408258476177532
1290662711670466054
550703347794159702
1755647879079789074
2019719948864207215
778046196044059360
1216333689705953153
1939495708496085718
87286491528420625
329638133942304018
2223197821844617124
427148378490401796
1368736740899084643
845413124715663787
1730545804019293908
142260435678201603
509985091037410146
1377084623927097934
1620288955230812715
1843615020189322832
4477087953773659
1603700821547151408
974592368573862479
946764250795775067
333411143685864156
1940588085534492859
440005353353150645
1628698659579607451
2207207173800619651
983909045685643919
806500153510589885
1892340406370597946
1607066768089306529
961187343517407347
1238039051230302420
1744461509057891442
1894204522698978858
1267705588456831930
1631133652061551594
157041673083070100
1261454189050333621
1653619749649128345
1700106908094503226
113899501172443125
2247891053109411769
620735843878803268
447602379434038350
940843642943538604
1123779085103362706
523452101028555278
831579761254556679
1295259211897062523
594877290373314207
361016004827300576
1907120244859126771
1015068503291281211
1024759094569087660
766637511211424074
2254702633361593417
884411110292103738
2081127444152699633
2287357558175881429
825266940098493874
1077750482950224568
1684303851584620701
969612290045352789
1435667548295443126
1506465217173049690
984360289732027510
1026533471338627629
1596135743359666750
1349885149553144458
2019768835986996225
2133600295355933062
860072784781527642
1462422437056590481
1757227479458559051
1241952280433200754
1273673700093428805
1212169239043571343
570504491600831351
1847289869877006282
1982813626930879960
1283036025995701175
745571861582730511
826798044890239624
27530080507582180
2267031693613557104
1186929729340708991
728728896566148331
418856528058758106
1372829407851139029
967812345187949990
1079120682982228556
826949146193114835
755513170223871698
1141429818956033777
498928901438025670
1828670472935662052
115980689415704677
1959957579572337162
2027732462046941576
149435638394348232
468879800080045437
925648767193525819
1604249868669711336
995778338719697880
1557790327948175075
1804123676404846403
1871562037919433959
2212219138228706613
110297302396918530
1057541282147214935
1532982018079907975
1549549265897376149
2117291128061961808
726407847213584619
157113734209452551
1488201726732471638
1417434613251994340
401703429275027655
835572370426409539
1057589513219952233
796461084783084533
662228565573901110
157414676440725462
891941473014372506
481875478535255006
399072078897131649
744429511438972514
1230552776899578071
2214001277115733074
604200844384554368
1675425410324036516
2161784993137648574
1457474850820301530
1237494103688269814
118050130506430038
1639238786646527489
1182495723402874216
832007866268338637
898465891673151450
1137168384255994624
1614656365930513929
1819825538589431245
81794266390326511
111394018050631622
1749806930334764261
270383751496311994
1403246808049736549
798886698444048990
1605150040084442701
2239380987959548611
1468253886855290053
320845101814524448
124345585933875676
601383168668255168
506994155871736720
1553722366169441640
674100491708971791
2025102115252782360
1392810406506467346
1721754945379396670
1356365570384812464
1848605269141979286
770345591987467427
829769490171688939
2073207208567931690
1805880966563015923
1294625926389348019
903713548462905808
2113031018194324256
454570893183241229
1562291395064064859
1990437644636585673
1342816472435705419
1174947849832465517
19709859858252545
511747257790053706
2070297887291855796
566116818893895871
176898059192423109
1436506872659675056
2166545710675679624
1482112801696994090
1644374990833834948
2160172230604142724
1905951536488404361
313973766581101636
971841982411083949
1965689972317275912
1360229593464221318
1120451619725843738
1269434554954612830
1244337915105590768
107822647722313178
482247172527164384
1813494566746192784
1617472142300669263
1823677166048983773
945652303514904017
949914930023229829
525664458114364699
310155004932201335
1422067890120141166
1204216371281389090
796922675822709803
843402215853567423
937908213114841623
1940321573357243486
1168793124914315296
1156356824758068614
1550333756594571171
1281229119661807763
404182389123368058
1552897487107481462
795010843220795923
1504610958053004512
2045727768054317375
522931068088574635
2262572250368616933
1077184700649770143
785909654044355151
1000995165310396499
1239921061486349812
48446600372908181
784745278233163956
202856776831544005
275854197551979693
1071964454718971996
1200944032297908107
1583550402503468362
2148146936162320300
419044290626310166
1643152417012666861
1468425120776969426
1272042716419107899
2048489493327507112
2068617419518526812
284250890694285558
1232445450370091038
1207385557736897540
284034518164924433
1791951901801134360
304650693044112677
1312870838096563334
666659102964894208
1684858804929754735
1729214725474322661
1220162039176275753
172403653215444432
2286973382988129251
2106745954414911207
499326564402720412
1621547062697868199
1193179561181392553
1401418684918563027
2189514805563735865
1980442260872326040
1678723154167802964
10886465653021732
1231011270818491946
1234843005693630724
503125852582312782
313566181432885793
2293426543710336740
1736189484163771081
780749872749309030
372073140684695028
1424609409865076847
1801775997951059441
1202712520762344100
1511767354505733495
1285553361533998879
745387139642977197
1929608548406777802
1151238505590905818
431285534931118051
1186022370974778641
658054559342000048
238186131292994077
1490486387661248873
867855686141267897
1513869256452274912
929581962600678100
526168778538131089
178972491374463741
2087383394957093534
1128999159431616989
1506796737641607356
1274415564717442740
258516606958168457
1669624000041273174
580041295498084513
1522424536078733860
805580755453975513
193375504704437657
854707930698613772
2229257949835697214
1668694901441313128
1605931003657869704
1782771437818601736
924923538849686083
1604451096885403704
2089139923276265133
2018379146622915427
1344638977408142213
160011728835854481
1762874221153194381
248702380740925840
262141452003576075
701457435675385927
340933290288121757
1287185473617209716
1983807414840186982
1421919253541404117
2176413401495821959
27297074032482379
1528715048887668089
1328008440085574406
2082687526524427505
1888306777756539751
35128887473006670
606989320347895611
580923051371831325
295424057144141233
95841756586133212
1915022972721459003
1772714332877862952
535615070536174453
1366787312106016323
1916834551816846233
1107424584482822881
2044503999835717344
684597862740967002
7272698722966063
749560886379864259
239778629573596679
795044950033878267
245696974469683349
2127959215161889201
1632774038274785304
1864082620273390614
1898994311788557660
2090281792908268375
1432990222338465798
2084731056400777881
1326515381944745879
1616938677828555505
171248351006086964
762619363487894113
1874989536614612894
1603572939805467545
218102281869563014
338372154592748983
896532886861591739
85371332344549241
2260421049398968824
807892796200824974
771424038822573167
97563262912742368
598377589413842182
1248448454154383938
1744674067870116495
1094513239475699272
816250696516678526
1442676315231461490
1697003010492913520
250668469232931169
718989693726303411
1538956181503418939
713086710993662429
1424229806119311993
1037762673811168850
1802308690528434469
1671128421087781539
2187209269822968533
2000373412189635374
355266078748965557
474678581646871466
1824450589615716625
603244744562917872
1524315143289541890
1011437411469824318
1075403712020215502
1348596082252907237
1216145452189627952
711618681349902906
144939737058963746
338850825360401219
1353071214525709917
1028783133761853546
1661247999776416030
868509837573959038
1065098593788210806
276315172010610859
1651111333859911879
1118337645103573862
1013128493270099983
881202958498026533
258143860183848726
250161880593892560
392622806523087
1187010615712634475
921356407073017556
1359896654706621235
646634759303953294
407353186277664465
2075351842630502819
1654589853772253574
924814962327143275
1611310048597576209
68422399691331798
665030712611743597
1292206193165645269
2300950762601345102
2265877651010972306
555248555719938964
1459361137057030768
1256456446104053967
1753770620310997290
1236126953108987949
542134692033527113
879030069585536775
1759073868060300289
2166330539282710315
662668350860711744
1771851115403860336
669285631404858311
242155371548260814
653235043680266353
2175206587368878127
1237577136358154038
846194783488763426
529673791737275672
216874866334071762
25079739322147805
920761202423284844
948955169324363613
20475709888651925
2194319450933298457
1746239414353308590
1699188534463151952
41213284672909439
1775490178514700402
1386400866930648330
1406022674917765323
311811010716803103
938168494191149651
1928685637460030266
2045707610004882845
686814889215649664
283046795429652828
1022926166033074127
1079611398387648070
2070003660589988635
139171359636625529
1340064205230512858
759425516493961453
363257187963192139
309801889796641286
1319202760288701828
1255539831834369375
55148534831163361
217630057542223786
2303714324273455841
787586774596847712
1689924291564976864
12253371353040209
478348797094616560
1963553741658807648
1194868068943922469
272318743099032641
1406166111321767083
74870181306994578
1879356026070221873
866176418455307772
16877875648363976
655679545714496178
1467395706861818442
428734414039716610
1620789450926826991
1372979946628575173
2195532890684860172
1443676912185199001
200902696114716538
1824641099363434154
193470817590596383
320768137429865212
125781070219199915
1992248986966728296
1150642127125768214
985957423288143798
260794190927854431
1597616377982615900
1467531574697728768
56021693875074281
1642736316650404549
1004693927895825142
1494123434982806706
2262350940540956821
1536996178408426935
147694544930541174
1149346437087864445
1917972742296920996
1796453395396779829
1336321975101928978
1397312714962144380
2063144406080036890
778416540742525236
1199076766304427302
1922062899699699827
1445284486569640946
175390471078159282
1931247573076478693
2211206685794069727
638090679234647440
533691673659121464
1016590904189388463
650138461756576993
985044275520392947
233782791130380069
329900220230018708
1600458057716823280
703934084770384575
1624278221183018015
218101162732170306
856321200556151061
1037199252052079076
2064220886288760664
856468694503918099
686426231880020345
846411040502318566
932467448160885541
684104897429537418
692251198477587418
2125784716531609008
73703018351905560
2002073046841785519
1230121300008108181
1278949679177609446
2195634715546499987
841649126365595196
2005167556641734431
169625448528731388
2300930853057759949
1413711750572050680
671449366907194721
499301089898480418
2058820767257400576
1095221914549194026
1108639997022587209
334491803271638852
679472168883524070
2196304257616188952
1738488024469942730
1222079586253896999
205687865336525742
1364794231994122846
1293658866200513124
1472270715707732812
1462720497115255455
363961876277772152
1272712655675067814
1513496712503427486
424103077895517977
1089720119641669736
1098516981036905802
843833220558532354
807930302440403752
695894636307724521
2278517788374908697
645029029729060873
1329418097306947710
1315381289594783673
900826298964545578
339139131327343267
241504132667906667
956169652753434446
664181994438418832
601436712438581993
483562361388990507
1795623064707014619
2227203965094053456
500599162643537448
1441500716886663675
1811240225341084085
958509589522807802
956249440514187756
1551759702502546473
128755529976474716
1534257576222274743
2147192281450713287
1004737549721998112
47169392104586644
1716392953526651381
1028801645540881712
2265290730027466584
816157040627466858
1741586723728823617
1656098149449944091
193191271939116328
1255476210529076767
2154541925182347438
1370250472093893235
242168247793399598
133375442982515693
1020576704652199974
814453348908328793
1696243425330907318
2126314511357040298
258932585245308234
1222175592902568730
2280494936916433782
1730932065613214295
953488135936579593
434369821689792979
1940976328357970118
1552348556100179123
1802105162165384458
1710852107038066215
22826977004178381
2163176224353207634
1611216688100963543
1506897419725644985
1946117878442840942
961626967747865868
1824897319538721388
74255703626613278
1256630822619780578
113298729807610736
276395154098926640
66201500476746906
140833333425290578
1132573198519564677
1882233689726218896
1937029488413480100
809427094059252091
1163393707863800505
1572802546265433972
493121337213860349
1360531187910778831
2195837224997335528
1075538215077154838
1054979838367564888
1776802758391939327
2186636695838712915
1269488640211351303
320557992573874207
1941464970456544657
1822313548310898681
116711815467627532
1102703317819414185
1547825793998495934
1240757356144806168
1219464329072744784
1646954018246893184
1589227981819928613
395814600190603122
2193064462525174727
981608773673376527
2099482731641752946
1070962622468194752
1936755367976079185
299153093193557294
1644077709364719883
553615431581936543
610709764409432202
132881814776524426
1698428498973131581
381579572065026153
1010467382393525210
687438603778716672
1053127365230627944
485162852262106920
1475834458886259700
1945712972493889391
2221184577127880996
33084841410813572
817670773274218555
382515705746230397
1348046804484456444
1132746996431577663
671310273692982139
1064658973893247507
488942955273469940
1131899116682163256
1458091075197419709
319966347219083663
1566674602007885737
1041878815998184971
2251641234036606892
1226081673997960259
934963766716313531
1124178892887405392
2292161070247031728
122862301996706436
251579918219252712
1421295264620521866
318794963339225941
1293857073557102974
1585807275416292792
1985176834007351787
1228625596124748512
1128806231916738668
1160678707903244473
275573673558798656
1022708726798946180
2145709973018282860
701638221947566837
448460241917559991
1201842372447206015
2300152825363182886
1149716225634436386
962951358106440746
1891168292114148164
1970199977162211069
1469715982208137074
1139128827458981606
21879405412138698
1689561411124421491
917488543289963449
341325971335655075
1397956081592998355
1924661576748196509
2110733819499604578
2234894137225207290
439686249265968511
618553005405327123
896594017486105564
1481828803289552085
2081670739620273558
1504539208143145291
2244528441388609587
719449356958699837
216698571843416805
696390135872980465
2253839221101194051
1633500454607794335
1153956270288573805
214714023699120702
1769759557400992221
303770191798395164
1360495860468645107
749952052609974364
664308064515157996
1446943088575659823
504715760490704417
1002504945350543165
159753840858988628
1714639042506694244
1643243921348589645
1433776911976173313
1692436511312483562
1640206186407988278
753047284522796647
1267713857662033502
2280274339614156182
299778078381037052
852746636096544823
2063772836492187459
1301510052449784675
2024259455613995411
1054291810968288579
1694018880430979559
594923795902273149
1578828900179736787
1678245210151963006
425873702765923852
1163051919802065536
477998436353296547
1802050224383156234
1803897344726288924
44312164196823298
719556345518761466
2147383415505848682
555775647483785608
1995071149496235164
1494155054153988979
741597873516515793
81906057623185924
124942766609708330
1211278031080823242
292918162424801545
1959718960015836701
573478240512700566
2150821367306933295
1031531380062862699
2037718163739448703
2128326172216656609
2235020915736498416
326506565487793181
1250972528344370740
1126970176203771889
1041612125137193810
1908289981417168186
269321863090954428
148640013146667439
251038588867712904
2167726395925378002
1784574879897235678
2201088576440891144
2261832607989818972
1238120906000267317
1742416150953342650
2275411226806733048
1009687118339576671
1787980911060293780
1827704030412112970
1422839253433572437
127617343157731811
334260798911481886
2282838868254722747
2078636739541541490
2227359650388356992
1173626751259764979
303259510221185557
2132137946705130526
583442500979831407
1245107947258455511
1851271935692602377
93397080468274531
1604925845077620330
128546127088591408
2201746211632453791
1410414481490171786
2096140991639016648
2149375548230019651
342449782573099742
1523930234586484758
1602649715604650635
1332480128765746366
643391055786269568
1961426263691416199
2219645800906214213
1087340477577373864
139697043005240093
366440690705915209
704662850263692282
19795532941908658
1023405817767477514
2022199178654164910
411224867774093767
454651203432450323
380669863105897592
109380400998615008
1936299041326880260
956631481454916520
324660485990899471
980739440316273071
1316580661885656604
2242660713326054123
2244248906999623651
1594703520145557405
537289972030119393
500854586398403885
3841316395655581
1639437429949538390
617596816240823150
2101466906148389992
754768977676018701
1545412740975495837
1048981931293644314
472007156915571996
1983721867150592468
432957680935473429
194255899414727155
921214651052360329
2228794740777995834
273129368975316516
2160786282716829059
328164554540917781
458053569727034982
577518910571688850
1411837227093399815
1816495740122411623
1476236174968710690
2214343148237347413
1591932741507040945
219046680110460278
2258692209037056886
2040192413962751936
257259077422371247
653777594053693181
2065026596269420642
1693316055748932186
1875488486978314552
604347282251932023
1570770033618925518
1701484787166451634
315544802374781443
1006923532745250828
1840549653118766089
1772246137578995855
1920704463937101451
764402200628286441
933470667963820962
1926262784509849155
111661119909285268
1242866200563011729
1920587701766234671
1096610597061404357
1881596904305613086
2207018268325351343
1628784880352496879
1936976298388464738
776013417041853085
1585865179285497991
1850192148454413409
2088739165792691820
761922852258444766
510359120433089006
657774409340091961
925212368977794909
1346950367847693260
1880031680818825438
446912948787210153
901184971145120037
1288804611898158875
1543456027422593244
717441900675596646
1257451419675599530
1674481805074962218
986143045060181744
1758391438408953984
354590309195788425
58733300497488685
1865710297079194925
13608896440321004
1456610470685503895
1268056809648126647
330631600149484166
1320070920460570285
135012727688783319
1590951924828266500
1350057864278996356
640794431653329108
593910750852843697
440785440857895174
1352448114676368238
1603454293472558900
210972533244517198
284589096069033791
2287527488092951813
1391667383072985638
441624636642643204
2266646356793558331
1429769905339282932
533965134666788838
1019968589806339158
1039657470535122353
993758056391253361
139236389253302709
1642004639725027721
1268739955086828884
1171683372852192525
566570112696983143
42036427360100473
1799618449167983313
2183944099133651851
1047609496607556412
1353182026395531380
305110857858278033
532971924915203057
1282757728435740301
704265034904915405
1046456143918069836
2186546642670149338
1704717679842431869
489767475294732202
2235253122427779663
29372459345975704
438814957575116409
1279769701123656698
1450504881435030341
2007945946211025883
376037237324330652
573517512454252184
1728648246700885527
1297473477029652624
45218376159192612
478745427189730882
1133008534285031586
867376729183136037
837448440342299280
811980324365908767
2154331243878581470
1809553326670780881
1939474697569491291
967264146299724588
1611302045537339060
221372910719895855
1738798799600720970
414302576253546729
1915770777188867425
602540505893327354
255199040197176496
1303684889289901236
1792801452449046662
855000937876857628
343229461125515246
1324190623571560278
1102345955793476981
1265714738424175154
492591491304821563
1843580296665802539
1250838573903408676
656005518852734023
759177589619341881
1317773861416204845
2172770053822661935
1292838161159495623
2062920083431277459
1530972732257496462
802206375695815563
1380970982260974435
563292315795367785
2273519248056139326
1369756706587641052
1351558057756301600
1914436419410764355
781327367757711357
2110945487970184804
1280300146168296766
103082364341596522
1587185192748311758
1257679733986229578
1605061253126668061
2304481299619413914
299419869269488034
619835358330015086
1058957270667273649
1481974107113245691
83330891526394358
1245698904839879227
924967540300259556
1912284296753663352
16974675164574952
596829387249576435
112127288779187623
1401225313692315130
689704725469187595
669681161628248419
1762220059993994874
1453400977563515679
1840999328398244255
1400109648916201012
200965616815471699
801052246633836659
1676516529867268442
1162559764131468176
1400160519108614990
2033561006723324274
1562807272902579250
1843285555786738559
1824543408984843107
1923987131990562678
1149169384229736544
1932788424925697421
1321816753492105832
836530800168890092
320796494907369117
568778870553544085
2075007097775164371
1365793656804611521
2122318448240172505
1760255516072559685
631939240161674291
1204331344551639607
636829707383872626
1478346497728666462
643422731065721330
1801571646059248692
748660177289689933
1107917277179554373
652457902181024402
2104222813960873152
1443753795402197068
614118429473210228
1272653245116314071
466833540727447549
1695451110543349217
1842609540389617650
2284040095152367255
518095527491337499
1375212106238445204
1488187358232427633
1440497752331745687
2005887033701711375
1549850125020598356
1641670617076772640
814136506578096345
422669543068760047
1417118521311674740
622935934310415259
1331993255799600909
530607450212856257
1887586240143950117
663215168979467394
1179746302606771561
1712453834197990727
389455100893572237
1270850616142349193
1684659818327701001
1340892867324051041
1375396651728345647
769386491482881922
1432052571927239867
1880226747974434831
2053013302234432038
1211074457532734181
1441800386071521895
1779470596010241977
978095124757387842
506837542836158099
625762705373839001
954305727418549822
1785222228344672379
1500829765048779644
2278752323208959510
492592762028574197
875206044146867203
1395702928817270925
874493862482923798
1848619156979725579
1272326684586469702
777123501300077703
713619449142103393
1067496330940673763
2274290127128393147
2019066436053062883
1081033305006892173
90486369731053314
52824906138946011
2221437820505799351
1057531179508249993
583259308183196664
1849841356266815855
205054877873728046
1853943069931768322
342211224089516909
233624286396746230
948853944064056561
240947656927400034
1637701027038547504
731069475002452114
1822062090437107040
1133914012010934259
1676148431366295659
86876426080608864
1493482253774107787
63229735608158738
79077600601824139
1653700176169704277
248598624853679219
767146775169988559
2049205130500291180
868320884234116033
505343451206087975
2112563111832480212
1814179326703607945
1229349342351831974
801041797730950613
1220435281786416847
1949953819197106811
417338096606364146
1428414864792678568
330407116558519286
1988113733750328089
1389704742166967953
1318257509654800489
1252974333724320875
1813450129950434187
239289696414775719
461345630492651183
1822960104590479568
488920092666862419
2303663375836371962
513156750168959193
1359544232421941444
1137448251584549062
219162928270981312
1904719541095728845
371260189200289584
2114387443777425174
806501108853350117
2038625809803763547
782764678875023384
2148501904040967065
219847863973267348
779234594835178685
1898565150026682085
1799792842575840008
2120939228970199890
785458940142856748
1468237022737839597
524357328079551350
1588374226769977893
658558611248760554
1377480504005513324
425359858951465073
1215776998230154080
1011965336443522858
1912825931820274603
1376581543134386856
193189856435579823
812578619019886373
1029969018258542644
701525650006086851
372299681718446818
1741408569736014644
165898046337635069
944283351796296123
2210521736227489851
623612626086226997
1732425328288976948
1340997612918486555
2270905934206861322
2116258207096459644
2274097999829396734
2087013968553413702
340701579848789314
352965086943055760
713148712298332794
7980806559470952
306652442635956156
250915461061730957
391842549614855832
2019400810346407997
325454644878524861
751830099752302972
1402758744135365271
103683468895733287
140215313277522124
1615540520532806611
594951535250376915
1424340719967097473
970670754131379217
1963725846468231826
1369176178723966710
869386065832968671
2027452322303977083
1619396469220466002
1715398087228924469
2256752090329062843
1715206325181472001
1999255243067372388
40913975731111239
1188257632641357399
1189604594276443463
1198055657317598921
90472734986929063
1680405243368884813
2114666134933905956
847979785292524749
2101523425909698845
1128328781297026934
96040848220157289
1501437116239654631
2074878153936690275
2002537726842535663
1242356980252242580
1121676511560721993
192917612486443340
1902409881866446232
308278380768923799
106332241229317025
1258712902682734595
1307988670556820994
2036579232655804058
475785749872107624
146750858762287974
1830785456103207475
710972410583795546
1731779208396879417
952048285788701115
2001807465342361584
1429165729590405557
1895745686102827441
1662485384204971968
1340221000751275269
1928686144307208083
1537206178695162747
1068534174077489363
450599598715778587
1042022105544094869
166063247664102071
246327073583830367
927062596346527490
1407280895643277303
1242647893903593093
610331307006430832
1612786199376899233
741001945535198049
1728879028704987239
1262891430473199338
2126015581332995685
377974331944305965
1774904638588721012
108958907776630668
1132374492998519320
2251066296372761348
1452905102537801983
1758635015371549410
1172675041860989545
1750887518390392664
1660017723388491398
1202995892017328043
1212606613455698227
1627118080311322528
556364644039843978
1907167013121873331
1868526848369876117
1174055750780090086
421127370779800782
1917075350985358352
1061068709497751489
334462702804289316
1102753292905061981
1609280043239100944
1582723508047467301
44238001180783331
348090602285181037
1165688120001098722
1270020397037628301
849136222002506929
454323693412107026
308428116492986796
647189445881968893
1074077010017795285
308976694348740680
2220846569916041496
1266895100778296330
57443478697444906
2259682339677707194
1797782211844536844
802289187261087580
107941182208416743
1182066601257310458
822305291407874342
1202245784349810564
1211951306612600010
1702670399838249279
1928398450942146842
278993067815870621
2206496382635652438
2224122438315626955
2090878263422252997
1266183060827137230
855403614835902936
1545970842593497357
336146213749776547
887401808842802270
1522096218853846378
2258631896662473651
183861199483362193
202862643809384107
2188497423580199140
1212426812190417381
2109578375321522893
794821167564895192
289417007342100536
806676059451077110
57629695221036793
1873357970769149126
1187527448643337093
165984412974882456
154187298767707127
1466528944900381608
1085357541183033791
210112665362360517
1663777286821293775
201097405940295595
882382495701202546
1786986794671247830
1722105266009929420
1931663539283440811
983127044948541128
2060683336978892229
887638628283699656
1131351631733963850
1572988823009618728
1970986483908010565
1978470792191083555
903831166531562764
1857710675358266437
1420724367870894254
1266577338952380906
1639552764257426912
1736949268531238260
740060360096928353
970230097578602042
1562566149280850171
1584773665641107574
76322421198908306
447312950600492671
270189167376048806
1864909367956027685
1718544266583229008
596047482905161943
464705029731184802
344186318587497759
964084258498708234
2021984555008838005
1363365262293730000
1883680787318830914
1238117004647815750
2271078157807237515
1481956330770096474
593548979237149136
1162994642194986839
679893783945592387
1801936937876311936
416092849979033467
850710461154572238
1061970855166719549
308136712370268737
1286983337179653517
1503063992909713318
1020965907060915066
912879421036795313
1990944958613810503
1730654985368986098
2115599313352031387
37020051590059325
647591656710506867
5244873516611866
360700433298481072
14272122618133092
1129829624487053157
936489678353253624
2088827553346030467
407367348361639946
1459521500862782660
1403800690239371122
415726421112581541
845297815064305884
262187957404755414
2217010219575003184
1430573430553255821
600695718669637547
1672171600755151008
1096061672028386107
876801088618278064
147306199265021767
1762892192043327333
524606091465262426
198731453591473053
893036739740332477
2249135562168993754
2218094690397903477
411913853787288556
2155433139215915755
425877737513685940
1653336997305979913
2125952252668401494
245848591563572626
281517103138458380
592338320191146976
826751053997380643
1083577585399247542
1089298823002392069
702884978545732020
826095852243574034
317197418539092154
8698831585767121
1370498442137697658
1015480072762095719
928267168622761032
1055230197237853322
1331002032998468242
1971820889111120048
1778981184773205454
71103080802559790
96307197147267336
1998461810928774685
1035331244924754873
626514872551367136
1252205221445702293
659742126553991397
1640009967317318404
1931392833103377845
732476088967106765
166874422399279533
594197852502908402
1730249146279236350
1055030751970495100
2261578571815851997
1377873209412924362
1438956167825491809
1146738736008174715
1973736790059373340
12314688098325004
724059115114286178
338692128001204123
1395801359842207291
995958304706750978
1931287031775746903
661357397100075091
1130719630143561593
732009891531152956
2007009718758717253
1111375564833990157
2026089721224832062
2120527951896607108
1385158498947035813
478263277440946200
1726493479999470869
1072052565174588378
1733386907298267355
653103520952200258
1561043015022027078
814887143246657229
987550593793094514
177168738897881262
1253866150718905138
1365827639184642538
1041385571477003777
1460623642910209828
772805123892428131
1119702299648519771
1919991914747609716
1844031156765178477
1175769384733215058
1819242585302546252
943238961975825911
1185996013583090330
523669026760020791
1582536208041810139
73866447391131566
2276728620741290280
1349220775865665125
1676660102700759089
155103999310163733
166563601301210845
2179526947101781282
104018173979509632
1006866371521926387
1591234896260989957
1560232971765483578
842324439825290651
1076534889641546563
77958461152635371
1640403978382645331
392273672998522984
662914251708583457
654307739226194947
1990653873117796450
1512602727682819187
1358058819338702413
1848824047100736332
107798996393074068
1901750590239169993
1015802158695278289
496289461480770396
2125588103545857645
360608204961655290
890015999877161566
804267924901404949
2137870752378500275
200578946744637518
1154131320648088447
1485312048821240789
1803567805826087848
1288333718808748215
904100809582695694
107574149160326273
397548329010862007
2110107824632664387
651263008650775006
358429230741251256
1519123446132673519
1550605516701078739
1669896467043622655
1591131195700830231
1837111085033929988
1190273704573786832
20601422942048222
1367381515642437020
279213808624651283
46101724191327640
1571779722134650524
2271887076500445133
1657548955177833259
503751161941349421
1123955195194820050
1916723993859501033
889269378094470231
2281557808422408114
600330216611984126
1597292472742630249
1262780496684578303
1899558237117764691
2104779069513694430
61104898286520707
358934691344961326
868078978342678936
233826706958753730
1551243388623872659
139380772388684977
1665229725263062164
2279235904308470232
675986091029197842
1318677383855445803
1101870451766599827
728635579187708385
1994429162563276819
910583349965061876
1604024672462817614
455300870443147782
179335183642563249
741024392776909430
1081412139009879448
1094292237855943771
2159127509476673522
2208930655600069492
1762350779079188291
2084427950217920769
926625466984184366
713078112657040187
1915418819057173094
805157166025101474
1207315617400524837
556065204972931621
1666195239677733908
212611387015365654
1209253073371515693
766160519371617224
691873916283580984
439552799866172685
1119324946057780273
532860041821068311
162045559313052805
938414639398971177
1888199426337759270
1846615149770763937
1298610409685247211
1157239684853566522
2034634931174374045
1354234856464195685
251261868779269196
1080204865332847901
1140944921339212323
1683546190194845995
803664433606533032
2120765550888682700
1795579084261094235
145619901329197652
368356088529801881
2127490741051087048
602305538249858092
1101543698695845892
1445210112117843943
646812540921699158
437519169863366568
1887862407347067499
590070464172180953
1552765180460615876
2243106346287175380
914175739132920038
1165917993854450531
605058651583735985
228617044221909167
1955497454670827299
1230990422148012647
1551221696672216026
2155044349499479713
1771497096264092229
156900894889907267
1122330900105279988
40252842776656336
57608850888657758
1030543627244492568
1765583094851425272
91489078516974062
1618709142459809982
1897399304808516089
1719044317420398792
484438281259619473
732498637621555171
1620549744198949800
857615322127283330
1050098178852915281
2270878566104276602
2208560105169782799
472333019525345749
220112573319242332
935475563347111215
254040638263001115
1841737504283663417
177093393917013533
1802209943679159704
1328436124636254246
958903149307344252
1139375712332787238
1658683559854633410
2000919138463095806
1137521307442801785
1901137617243245162
1091001575196376283
534670892331595230
52247935293455931
1839893876585030984
285297793328995870
1783037702971547059
2295048331224232374
804349705158045177
850205757031630390
1159716397152472324
2135572622862872733
337482041217966124
1649156703352430521
1709046955308155533
851472015376729077
1270249960738683993
714310583383271995
1842482181501904829
1159587672529332507
652137523681307917
39273589678997652
317591778607989755
1649652512567708197
2036240891231597017
820299742160770252
1161238986409578169
224483640935491550
1822668068561540687
122232326452010999
1711247691539907076
308686790117944963
1883738872712688514
1730691461337083521
1681240834157268282
1620215651361419990
561810057594888145
861304732987901674
801657181376696319
1820970521905594191
2219497963224846284
242508338917560639
1210211353770071657
1692966452206523437
1833795913929338674
2230158520019507293
1223164551921768986
114301180050485036
552087019822152217
284729825139596069
1025627868898634533
1328711852096622623
1673935245239980520
2100391618580151554
2113538446320806846
1843251647839329134
2058453864552035316
742060366696194964
1653880288876561901
1307805884997668829
30359079240412721
1225310562757181577
2164734995626599415
1472912122295730483
1532868906745329236
1195600724498672475
613249810084480427
1388699268691895735
2023622249552747343
544018069710578659
159576275239272923
1679745819260427994
1171097701979906553
2059684564478423635
1150797875662162128
1305774322973994363
340699579911623323
1888478761942833621
2211881407829731386
1511947485183493989
338970221541116596
1844571236352472105
2071345817894873684
1357005987269379537
1774083095164977637
302673931280522398
728522619892733104
195585928801384611
247198620124938298
911895783069239016
1260579345639603890
949554454237706422
1693872489782994554
109569760842366044
705704131453537241
1249394108285092200
1651102953773910423
1913580172785056883
1096102154892087256
2032058081767547265
550754465829464962
299006462347252254
1257261659947887721
474024090283769525
1943303152203725209
1293190698276529336
171300310029552897
660922708262095834
729979079934365763
2260272023122351038
1697371826304791319
1703710504356840634
2013989609670981285
1092315116587957479
2045620433769033071
1039256808799666628
187919957773054860
1648030259823041273
839167809451841681
368345148823497479
1556941263168021805
150653619091615316
1344197356042469574
2257737720865654562
1610884774937834516
1464075608791958047
753731314424205774
1222859405882038296
2285874441990948366
1034382195732668964
2108038183909343211
199659165632666223
2061626225754586492
207148693127702274
1459768137292946722
2304018217047874965
131434188255821415
869999619924947366
1204977920377723050
1751165167344538371
1846440827454449135
873080315628330308
1055577390439010056
1580138767874743726
735663913158309103
206955280823529494
595488950430939800
1081761478611662439
1332037042488876026
1237485009778502936
804007700183649222
1462708401884460944
260897771371630353
10711101696653251
1050937052146360802
1737437583139395443
67087943705204607
1386804996128193015
1501836996896256755
1382013413120768224
2047343933378875750
1952425451358232297
1040849843421077557
315268716982772391
1187942043672404222
1118838306110159482
849776303684343298
345797613232119920
299259938359380179
1417092222192931375
1923583835290419521
1749239533795665808
591224067312327079
1581051706285493172
31481758373479965
695335945161166968
434696816393247993
1204986615355700927
1771408674678086665
41692941119589999
1587497998389134594
632518268967302545
926698445655262620
743030829300416520
1454945938139062149
1430095604498610008
575751215749189372
1448083341748987866
26556962218500173
564784922185818581
840310019461610052
98257065433009577
1432660752117352838
1535229089697981498
26745550122785364
2190568558097011586
452376353465914033
2153205685894610513
962066271894143352
593722671325712230
1154816456543680574
2040468958103070805
836029747277479030
512732941844803045
1876339609837870737
995559588402560827
1737461323622394317
574223574338702842
320687736260404051
1444099359131531279
1558633034700788524
2121276353189356321
359057644385939265
1768290405965672917
1973322334401092230
1462229590366567152
271597912972341180
108315502845302404
1793572866854849251
2237315920716440812
681370113372825861
983665712602405478
1159717296103961551
32157712502671949
1237877925297259790
1527515150433065980
508314504963081448
2123241323573858977
121234969323478258
775452598978159919
1280449443456965203
2175425325874589513
1409373001897886174
1377637425818874183
2223934636575036817
1969223077555047260
1697424235942972865
891290044088949240
1187077991769700457
1019467143089709465
1452550506408740008
2288374778455652806
1027892152404402225
1357605463036761698
1638258405891539427
881277013331305245
2101664397067135788
867962886592331101
2289321842101713818
542539312046692609
417980286024157267
816778282498696029
1833605640958422006
901786464754170121
550171097288289644
463538208084233426
2102122135839706850
27187369868436097
457728523952208243
2181467329743946925
375266768148444312
94253719750127599
1706732822444409161
172357395029780693
2295724901868763471
1004795165568149183
931976247649714641
1047191438538505930
1655088873171743351
2158659056453958467
1987347630674677289
1692485223585559566
2061493270936236406
580758958338631928
852271209079315212
257022162107182755
2187292796198288779
1393689846594746931
5401238795765763
1559808957157167785
1648120820806398240
1622301562336303144
766357285436827623
1632667159464575095
202654623339602778
1032450885960393535
1077742858434758725
106271149620841758
1932122099509056786
86628124890604684
1536716632135984754
2236488892356118909
1309737342335489017
1874125507850009191
1853918276852601986
567759977799823235
1365760072558872454
1075395890618397619
258717010562722972
1917437227223912287
1665502019513085739
731828722451113462
2088857654409706558
449319239804009798
2032382208334183760
922402702186662230
1726303451991755915
806341526841224576
877671801454136938
572565121616642722
219359343125257944
804722086229900263
333617725667558673
830489751335767467
758777860807255382
248914076727721681
1379923112732766718
530360434991987945
279663435680851603
689561808557401552
658680025511831387
2127633531762296827
523302810201061735
1414548405549010727
658678312854519642
269636559611839075
1411656403686515899
726251494515197318
1138187603903898785
1727293234339768123
1984358715797470670
1210192058234767081
1160897783124231549
84050781288974773
1057829879096825053
1740240058693126719
1136190457022560448
612784217731096799
709636124963175603
2258529242022453867
1190590223832813539
1630900113840897840
1478826176386308293
196605414434594877
1341248713035366553
229889817187518503
519265523495027909
715394706061812196
1730826045584132465
2088959871238140653
229047145017838880
1923006733255436551
363144497570425447
151927133386174987
713946882440791339
885471580135216760
2267891921699761897
2013191593358762896
1747777127482951084
568167064259400979
862126339059139182
708248192777658178
730994336039183774
389739517250559532
897571217761877359
20170289826918945
2287138768078609861
1253110334657064460
1602076164759013829
1071992936483004249
1588176208053199059
1928524975726619160
1383362005922974934
90708778462696125
1211960485948394829
96640684130938439
2225150364128636702
1036959703823002093
314980705800115228
151982488668787936
1477385882444104547
2230522601946621208
1454812619088368277
1938326737478280371
576042014273416898
1894423553935094485
939598818850707606
383613339158746246
476488291712793484
552980957243240072
342189269010406602
2137034296892108126
719226595963196560
453624134504838013
2265491329078957492
283999641715513098
440958506037555760
1498494446573583542
1376413828123861684
2293311946785253667
616265824810371
1972920806019689771
321300724362327263
1134994471681180850
1259742186942214055
662231832156202659
2240485537534117684
1749258937665939713
459524247010943642
2040367888159887909
134955494152413485
889222385558208753
1004587116401413566
945748187831875685
174286910054226408
1684332355744494156
796818034207419449
1185960619792381157
2272249376265492042
139847262084217644
714736044104831006
982061045779002546
307965562990995253
2256443721370667876
1069512149913434154
238733133939374121
151524174571008916
532484285125943349
1440428054008056770
102546704525897717
2111497937996352150
1819734386866902130
359562735407174153
1450512649635268089
907351548286897484
2043128320251104037
1836591324866647541
351758754433897821
639325674202408237
931736705820312263
2130131132736170383
648197927124855
291254971556623975
2253026311112564935
1732064668219379315
1020012318015054841
1171136735068546607
1342962678471674449
186576366296434860
571699771455573536
711764024457989834
1533776311443781121
617722154547341153
606722411326881745
2172789769309572085
316787866699585949
1319824688290494953
2005071932192178517
1024922441654158
1815856527407903103
560612682842940256
907843135853299278
1732426403485021672
995055318366957604
1621054602242142982
160027229080888521
1701131949711122069
753386258791114780
550834148048196047
896663230165787479
1900326671968840680
1088210408116887962
1266359947890150334
484639850403537378
1268127343739000794
1445951838457570550
288653945279894825
1880734926966355323
2093659954177329983
1643952334257936385
1709196907999564117
409586269636471453
308552043544298284
912952078130130103
2250774969853865693
2204014639433053939
525549798781146242
653607062308046931
1374272318021748432
78935757279657384
1358374033609123471
1558748140324353043
522921110370513268
1570693136048586644
1797346283904634130
1795459627850448072
2166078512764091718
354695080005650025
1815867205773043833
1293376413339691784
2267071171975113195
736729780832468464
1467431267845973168
1197428308306862178
429977919143081108
135827523546761911
1709076067487211687
407379890472873263
557848421390426745
598443430589663580
896683124278745609
1961061772334402056
414456547442881760
1035251684320079497
2082968482617240660
781641750135166339
1099656516283764912
620628842136367660
2259266422500140090
727683448540667804
1566100997216001794
2292714132008807646
319715506334543867
776762663460853464
131076774949939822
1663276359150091594
1005918091639493892
2146955141401579980
1807539573732844182
2099407485551697801
1206802716992756908
1723096825654498736
590149161912614637
2031485278048073
580966548781650515
699804456283928731
970889189032536673
744156219015005560
1200671269440127906
2145125728305131070
445907238119270235
1119240412470703962
655008348822158117
1250317580862477232
1733701826985705600
2010340942738593950
1041495274262145526
1935409988981662518
2262872012812980946
1631558647833100202
2139538388583362106
1791668318425587830
2023346857505265370
1480898833879212885
225480605867902200
468853860917116386
1156689645430720577
694103087260935911
1097777418190214998
1042920496887767001
1909563992348258021
600678077266237507
1737749669480893090
1873971466590617052
282267410727158986
1598492954163601582
1418268807117022224
610597072186370552
1451688955843039614
1796308808021145351
777089898197397708
2302728357131044228
1499099454501862561
2150490192982681402
1152141004549504076
1879817562445806610
1236606434307855387
27656266096299594
1078622703038124297
901199706511996470
1507633299863171311
1145428026336106443
1921170852921778855
1859398256899240949
1990104908377423901
2050688121104676049
864688651512157798
1593552288947447571
570166994140259703
1569700145738299054
1167737605726407705
1503517640259929389
2243897729653852021
1100389173457080831
165171023229976063
418648466838128568
1194074460619774425
940475256790822119
355182140746811539
438627760213150023
2050815077876513630
1471917373251981543
2242805996507505693
488927445083787180
1295496607861018826
43196472327065047
1771874670834689160
1314259836508998968
1855732835877691216
483358085320573437
1553918967913362787
1588682180165905409
2281171763447313597
273358609736893599
1406245662154043779
436065713135062667
1784596508024862584
2197594580938704754
1420479755434511992
1976477316942504671
134614909721495417
1368368307996008288
1912188687190469211
1301907373420731813
431952699327601181
1191813459359337206
1571427887576139843
377877775944094600
1228376977161212257
1524950808896758720
1681556615812182489
527332592928627351
622613514741448045
2024394380119007068
287988156973197833
953972075832398237
2126065064716881099
1781020629765906037
1095216137732523929
1412011162157564799
37938595450722326
814787726175440515
551009749202868829
2079109133788146853
1780763014004388460
48899612980116837
1509819523543243726
1600920239163434219
1549609694019279628
1543044533300981319
234069215242886802
77776907741951683
1949868925898130962
654458841964696569
2150672669514986141
1928119588436415978
939408543162163433
41139956885663473
764385408672555259
680516235845460953
742134327128598353
821011622263763600
1817592187421881291
1764803537459208827
123657591646976955
986091719495008993
1012507332251766718
752111465444571205
655356967823069500
1356620250404048382
1717505041743418192
886759971107965367
2188932091345520669
1427376109883343352
557805808948041190
523680195997077048
1001673487359946153
1326977440520041676
1670369194729577682
708274958892108496
275346820764309794
1960524809688204335
1087978557180074170
2071098551475556773
1682025875048755364
1816287916484265446
1211883688370222040
1284290798697652031
1352431492304707448
818352771978517784
2101485656961686137
610517221315255257
1235045616639599522
1746317972794347629
550120865946226460
2227865109351346805
1889921927431895927
1007082599898074617
1228414431183527751
1519703788816579784
1976902577699302661
1548954822687160469
265985343686651755
1645748311409394016
902537583836435735
225723375976460328
381642640157850972
2233126515474263258
995464779435208244
1016090684122972806
2102641051743079509
484924080653579869
2119191285879313357
830253221370890937
1984397510597381335
185475941431281494
593104413431190539
199571279470314009
1418492583578804235
1796067978665127626
744368823027752058
2005755010497743246
1925307852237985586
957380868800463681
2212604528829996367
2075333158095284905
1227564296835286496
45644522261785884
285312227825880298
833087452066518282
1160902766526334699
572622103606576550
401617886501635975
319454919029733242
1412138891052962528
919662106152050855
1620216080394687079
1685337386880552106
1123985958397098195
960995076838192697
358555640612882739
1105923764876608682
1130476510660224434
1643805253019230808
1909564063752531220
1737858877359448947
1614677725862417144
1983102775626672112
154808245979049765
649026930399477765
2007221950622635124
1953558833886734774
1859453763001867340
1050617569530464656
1764002309589015569
702324878670418798
1278830255862468190
987616504922810120
832983304904432243
1919223791906087518
1658541076236196381
629354549592352303
223926894652225567
2029342394182810962
1947995634841516301
419038164340180543
1423126475573981317
1050816713877085220
1633685421798307190
284546776651384661
1486441112686111792
1635437283501705316
553768324340201273
1682665018258755810
1271959786146048424
1122444811197370350
2155168358214755632
147151812732146041
438257790296299178
2062727003574785294
1630632407852738587
1387150307353572523
804611113839015974
856547848971391707
1855514430774726853
1408890051893255614
1939567892103359907
1814965533899158803
1246851608058063926
288830596288671590
101318950923462394
942598233914854657
2121079173938811459
568203459006190233
492121009271027707
1915943738911878582
1285938099569822696
1217507107911731419
1386704991983439709
1048035678596461701
933340805838567237
746245938019125087
755227697751350743
177384157383049840
1745230973928020308
1685535361313484983
278633265528593857
1132084903864216713
1346103795005866477
1823943763929597368
1235401848954652422
381276185849905077
1449858569118377546
452627450872464166
1866156322421203846
1267096581920059862
133025814819920564
2091001758076713269
542288059776565766
267537817793785599
1606119784787892663
1737083505385209554
67202322942357210
1710627484215663674
1424778827013903256
912154977895147794
1821059404629544489
2035016970951801313
980886510825661748
1647670221979480984
715016367608643986
1200788281405480929
778659041971635961
2072835447322613491
1385085042429205359
1744421029834367818
1837346815172613675
1395626409745685394
1803144910271970615
1527334265070799835
1962850371863398494
1414025370498602469
597489375188293350
349461078077256028
626921644753488038
2303232766992065714
422967655168448337
2064951237625072786
1786739782821209748
1001554745379371017
1567715857904169635
445056236161836012
1483808711429370430
2005937799124500738
579089199658286216
501379832489133556
941917251782684426
1458947059851105099
205894324112686050
707632917273457044
596203569308705143
1117941567916553584
171215323440069545
426659235384657188
1589382186817602119
320405805426196615
69306497054120299
413375872296786896
410198682708735000
226403325540858468
178401062461725840
1327166690587294782
1423025486542070145
147640491017782969
1602765550796014012
1655521852474591563
172854739881979577
1893177209599868702
296126677431749117
912331627099828004
2223464025534261009
1063887017254664915
1327441811222476080
703218042797331919
591638622982520370
1747875991519551464
2247190482665240030
1489201887931803280
1803320539860831857
2152436075075353284
2101621998989819333
614560134054758930
803425626740531578
1891997615124315004
129896146103484432
1632284052097932496
370703391635400223
1607021002135080678
2169731242977741813
1100107679036584311
831666803058392993
2076515617796374090
326538335611757242
1763292377214852803
140439745353702286
130620470228517963
1895477356153049060
1311587498371339531
33693349931483684
1694345281651948788
1568323554494755340
440797495559044411
533039041994666009
2063297208054969458
982729796503552882
2101685437548445125
1533164916776441797
2075993505083631128
127732804201135123
250848520735562891
1157388303410314869
1730034224918867737
259099107015536284
634200485359031637
450394838301734300
2122548581305133632
1188441219999663285
938923948664384761
1286506667246662146
324039805433610543
677959481858490180
2076500598048636980
1716839051220027491
1957823785632403576
800898142207174931
447100291638026688
170497082343869783
1993868042132638131
1511290338936983623
851888165026797128
181933493796769061
1116385418613684283
938349644972161343
473244801303425954
1060383105927328061
761847965894663948
1788499463217545464
344670756887313945
664570245241270811
917693573113306718
1284571707527848243
1481468203744870618
1937671961620871163
865616358702368845
1629401232735893906
579862365297362246
478152247961859524
1038409212286072638
212027204557196021
634722203084796179
370676918771615497
1737455899736643231
2189016292173874415
220860667707716827
1678502321090935228
478693884790995571
217289449711432117
1690622207347799265
1853276220329505324
25141618363142343
1845506757921747273
1306356672342670304
1050905677146589821
281933367714763757
1073279368308172722
682616922189821044
1642530336664952839
2234341789325377012
370698090625345523
1585608703622635554
771913783338919373
224432526002403136
455438575196686762
782993854498322324
2234860229487323446
238631767612153768
251130372526944069
1398850646594708574
951572952708911381
1619602173130596411
1508570099061104088
97714079592816803
1754548847320734098
1281408344244446664
1849987250031555180
2100277062080640270
316600038784083929
933755780004036865
1837877555194630990
565488175933520505
614813129285792356
256229305617890739
1815520148073820234
532857587213011760
1530574028936157458
192355716007137232
2199319469697354609
253767295722397053
1670393215142996952
922590204101755650
1674906299371303019
946119871051623073
2251075666670450171
8742167189109576
1114676028174672877
2093748444111715554
1090009418155902804
1678660892335206721
1628152849741537897
1410587305428462731
1383392955766691784
1970678272227753834
449169067240733551
481330106554857183
1010862081669071604
1748633226077889617
710174427019910998
63023141170228746
1137585690245302818
692643449973026174
6709929931360690
427561844085995331
982037753548013001
363101895091737910
730676810090654694
674236645767552926
438901947627933190
2132079556064925465
1827081151078908368
2246521579509185765
1988306937356492474
1036707963587937823
1427509164017703158
1799419723813929991
1201795140933107820
1181962173388976218
2093162945736648295
1040904018983331236
1964225445989536444
161877269569704600
302768995774489427
478329602654878671
2254855467591012021
387327594326944932
743942193237730378
56613594178544838
1195044291005080214
589642151990913750
919697834966836653
421570721612871674
1587264622330422588
1513589241187047856
1201083505999696904
2246086365399437965
977899005079309825
418772167749456094
1216707538802375127
1776037713617650715
1232478168284216973
1483557536452197828
707521205010994164
1332860034700960419
1379429323552155318
1873808557454839570
275635232169857167
1461022619704537885
1512605609219670741
234543784687473535
1438915020072396172
1095599650008727478
76692174669971928
600622803048462324
153916310680492278
2050229342789494225
1323167337933735963
1243289617659086759
1491123614511026070
2268471796630505630
1841688791066106723
1978030680942162422
668179741845088343
1535817108477385825
851729962888806313
779285356545638116
597127383611193608
1565706393918846975
1253433907339083802
78252128559523218
818196114453246030
1630672623589354935
380249914973084310
1850404002320044998
2198038187607301339
2022750078001306728
489758799546857843
1670874056617366079
771464141072436420
2168612139419650797
571220548037364959
280016369738286866
1474018190633676207
1629863279510573787
405062417489506599
1486436181936392685
2156452159223220455
557120176012478867
669182021543478198
327996311559153636
1678633318362241121
1611731708555294355
827250855281056982
296560717918923089
637266523757785240
460179012959015947
2035711405551480907
100147584184187661
1790121734853609894
1819667905024191039
1163481907232041413
2180866041590422628
2047286367104950916
717226821313367567
123220610165247323
1038950607365374384
154076632733913616
2097815695988768383
381766830028566795
1010924665020509172
1059367642712932762
1610473214091269831
1574075214394649639
1508305615409650631
543616593227409197
355285832569836045
1685149122591762057
2276515528316815082
950182174417255311
258800329543557344
2213906785580257943
312046658920181778
1265872507887365988
260068108939611755
568121502161940780
395113576933788157
1050989913713011927
1135608515921242068
1355436715644075559
1567713652998599876
815802890725383580
215418754874541630
2169783526691554404
307958145559033321
2005487761494236242
1886131465770635427
729212893621408419
2124852064594414377
819100409471496321
320712552529799625
1694444683858014958
320138904131424043
1820366325928898246
740061584690943512
1568604972158042857
2101178424626995235
1364615638686505652
1163304344623822164
84722546652158383
575563814990302975
373563828512476245
1966356205252382202
244195014198361453
1975297866397743693
1236421747267652289
1623280376494630924
2205803847530142421
1797284284595469258
1146957915220007597
1183057673717663531
2051290009568535922
1433759014237017410
288914170034174191
434293916642672603
130170158563182546
977424392588364250
159959781606299234
474358005885595601
1534822069935703533
388361278667620198
1854562445886943921
1421189830480316427
1591878531913551977
460851188276115355
137708028386096964
2272242127735306933
509663391798943912
272570616980186499
431575323833041232
636932839572310825
1830078540234302333
1696763914097758754
687055087805497645
982383659680892740
2111497212605562076
1644544997741694349
1675776127959754592
536093112928433582
60739002655015934
994852772221352995
498518607749292643
2157804667165983225
2162456730810305431
1097793234786757040
2167268625231123264
1230090689894294265
1447359136945165741
2051301463385889679
1946569579707958730
1176897995462114364
1037075146941242228
1229361579869190448
1580751927337099004
1823756680415853571
453362579727976419
2210741793509719590
251907643818151704
1336803216571754126
1661017846427008647
1675647881448393987
1191757431789989573
604515928831916422
921462014496557223
1861043027441160487
375054309983149690
1227213167188365634
1157773972833429255
2139944538231078450
1827839221371676781
1522904674440212202
1916385944788805624
144396135882814618
2079818023064404382
784176404260167573
837684406999653754
1003650144139438821
361412999134576791
760243356845373481
1444564841574022822
1476214280112899427
1893398964326439611
2238557764667801964
311402670409998191
1337793504995681848
1110265713877901959
1041837687257476932
2304188179818987941
1444240925035836270
1223083276878827356
1191853827714383010
2253753348998205840
412189049893391154
1502620866605861835
1887212514037957629
1995450122479777374
1017359236668420578
1826019093087391624
1453861842839683929
460249575083032473
1792603750108919382
545997057050476928
561976915231980605
1092460368239600055
1006952604508172915
1357475133664507809
58372696471033326
818989275215337943
1481904438637083550
2032274915691671419
1946057551325036966
626235851770780910
58798716169417915
1411142947657657688
27801571732536903
1417284267161331008
1121053333987112352
1027846733525284351
1767852511064590541
476658933149689266
307398905118643289
638653375339987717
626394259101050586
1492673259308615805
632238299788605159
539308018022912639
678269567622232241
549839052373262898
1492000921337517559
1598849142949499665
1622189388257142390
1210756831516077673
381790017854706616
884334969880696377
1196274077328403747
1352021119532519101
985155370089118950
1701456771563467332
2098239196640264658
1218490546936997019
2157196301187843494
1232740819501869254
142392896644558290
2199566970488330869
658388801598350531
336149325755109964
1231709660113673510
1640884851856463322
1701947320101143380
2187895891961941742
2097495540337195657
1268824762451531316
647171403929329095
1504008848665450188
581794821593744520
448434817539429139
1431497030661803376
2054824513501638006
788082463737475370
156582195122445334
1701515618984488982
247236266873800594
802093003910653076
159498762793259410
2160058068319353225
1658480389806644225
1833316637100203047
716618470990862391
1553130417849478028
1780997647536981251
1597429077778805737
144275655133522731
2255609290938152044
553222236669143501
796265123785712790
1553262770101853331
1867543700468914231
346845478241772186
1246245844079649654
251801445050089426
210757311983533810
1739322907826594267
1335033695055503331
1317698114571838200
1088400363047374074
148630604378116380
1183015552443236107
1366012740480113820
526357238216744983
1926198915297491390
378745585595310617
1130596145674012086
1176745206102931007
775502974246015775
814946040622996409
716447113521563548
1681119446734820072
950973041221146887
1780804228682520535
819633867222146581
1901662985978821337
1026972168272683720
135575273342562974
2145531404355635763
1140752567879692965
2023079336193029035
1709544397729491538
691709180800096302
19914828920804244
203023136337067554
1284636254170932214
1031035710967523745
1782510501014360607
1471831711734627140
1875412892919111515
2299721283319829880
811412584643927890
946626545447834005
58730109745946753
1417590414547931711
2037618236417891474
1078871752316610180
1855014503997416178
518339594519955353
1641978354447166166
279557620070210830
1615208558039686915
361149891617316295
1301630965498241323
2044062231268966331
1050376418632063777
1453922138350769075
737857282687229249
1257578889982886689
1661045145188550444
590059593368491512
388072915378253512
583045736721608423
805414892973569230
2105281437017593665
826686780294201576
194778513381731427
1275023417044509710
77314528670099843
749834799502449090
1742511018259627954
2257250097767777281
223613017967231044
2214731918547848595
1197042616449961561
453566437612405101
939669090239643962
344362179705767265
252155894241570467
1990930130284281560
1406628364917229502
516974745692179030
831612979475088769
1112524100145016537
1290581091013800651
801926042944862594
906428621734628766
1120034980890910365
478200660316443870
56591957818649479
1204983660547492906
409170134806015713
1893166351420278433
2239858829241039499
2294958138699442897
1788839100332789813
1057362730166262913
1001073708474879273
1055721908285225839
174671647210648320
923111518870204130
942101632966374513
2169028285068016769
1841544087312097832
1011487328467479871
2065981856017070994
1091654929356937147
134476916572537073
519001072133175506
544404989039887441
2034449253960048551
1025918367135391086
275940527021331361
2157554061788958221
2176784849835864874
560947632378649580
1335513748752071416
750987396411503122
663426005289354183
1881718628675847458
726260706322378664
1658949406048641524
366852411977265715
879874631537682611
1797843522322290263
285508983865117937
1154188252798925332
852622896671972164
1102877698000313194
2230167335549950354
1419797508091317913
456759674852513449
2098559414847777047
1783223202654028584
1190713346597339048
1183596959082773180
1770162335857974981
684507468639205037
106603724167182775
483950137247979491
1400174798878264318
1522710962392371588
698931881414777381
23185051853707704
380760084591849690
651050063930883690
1026095177539115207
1301008597754301491
1269185032774238457
2018625221584225312
94781937398026095
758688001241379382
393488168858445555
1737218886881570396
2025688925818029257
1894262092002637466
740366574722116507
1361338129662412877
456653014426925938
578633453442007647
1868679892485982127
522817516774381065
1521245497319340126
993553864209838073
1220770808953767089
1112438548602764025
527833538304153678
2120127022640135976
32339759935760380
180415622352058442
1677331091281226282
1472695451518598246
529636302706412387
324121394696629889
1866480680503379995
1528050636494910749
914035857924321486
1151898766034182607
576538732973428466
584889682930416354
1273138002568857422
961865572697370627
1522011523003165586
1523849874335946853
868500981672543060
1379838152614069049
382920769539696403
1306398821020118088
106594833617808128
358695336862680838
1829471010439137267
509226952298464361
1043770696080532997
1482842706935215693
365462369702416390
6371710784405639
1641666380171733690
1404074572684152827
1352525780268889806
1719186999555057736
2299782641327782782
414248998550713350
1008803788616658678
87630803121312941
264824326211964906
413957880475934186
86679943228586620
2246490668972156283
878210056252747366
469982752446249479
1412726247293967072
318830432400144908
273162163794088672
2171776556401863239
1549412368758267926
536272934640343218
496487031316036809
570500149264598165
1160838752636496445
2170115089239743580
1014840930662209818
713216169253774991
1499692941273654981
1649913210873885054
621662074845107847
1298661579677669358
1342171255414883747
1724767629886385220
1539952936904189268
485028517558336891
643729044812275371
1584354639587544894
398182465419840736
997222208760873878
475969166135905069
1898895934352163745
1630232869026891834
985752447259658724
279662705908459896
1755183954735757619
2156013490091166695
1744866684304670482
1345166726329543954
1916786503888159601
1385488712268397600
1875049125275388899
1535633107344330767
283005000284600421
535471875284560366
1100004415095076366
2178876918677244795
1198356580918691845
750790968482823729
516376279227825293
1530639088705772668
1546460695028298231
1306564984521722707
2273611377623863731
1798825762967589443
2244442486704732069
1636530281888818064
919218158947998026
2194698705465532435
208773741706975419
1477798490976102362
300068146214559171
526109161500378827
2255636181375490048
1727349993920124031
468051639474740284
1642808458414784126
982263533958697724
1968594833346504364
555586059407576198
840102524205202799
1158486791886148973
1272789894973002914
1588032634868958478
1592339377910128674
43643620489961611
461388629143473341
1427344392922191199
733957200181515002
1490921885461382717
1226457325193801857
205926126886323723
2204515625979393822
1009438919639358476
1955303576746048460
996953317535176773
1015732358683638745
928691115083779893
1691281152986288554
1062140758533106405
78450050203601808
871999409319450470
1734040450834238562
1123991105792691884
996645644155684222
1580936776672072920
1246087800857025428
2132595978459152652
1376053763996461741
1820093265873761136
2128757039546575996
563195542252943753
1885469563718284168
844703379223730873
1586089046200502269
746905411989228355
1416023470917773783
1603006796698164612
1177929697516702133
2128552528441514755
152723919495291461
1549037275604365750
1841256550065857009
451843700556644207
726346963602022553
2104070388517307797
1526526403797351088
147807526781189355
2214289001250873677
1018396248783292184
1664780010620512767
1950857004646247462
1732247835706964579
1058733232763957505
166127074206574830
1305945909477469323
1672997593636069563
990197257779816393
72851947291359230
1214934501499037241
84460378385300068
2175804561765154255
1470002377704650560
1665129687578978729
2286420801388488898
281803160038896208
630023582953410615
2210488323445273949
2247395101849483575
486267387952703916
2193290118470250399
2150562557990678468
591598820072957418
420577893107115836
44670808032716012
1229494774047329177
490579287655775352
355807779654397185
1178744383546870386
1753897318279735076
1754606772237475177
256292661215083865
1169028550979350748
65475071786158433
1037823126111056271
2052411906378936086
142005749497027799
1110286020099836054
694810317358032171
350690701413194305
85282039467869713
4938237245856886
985696353041953871
1336060576322040336
1077719053796049609
331510935949132692
972343361723534244
1224036383747890007
178036489454691654
382911407728446664
254330663321573539
684850291663356842
324939207122288197
2161956597182915106
2299420428796069635
52503666543305732
887127331882131101
1097402344250222932
24300390267443862
2200857768852306550
684854792678852470
2240761569752590654
210862549265955474
623562625119853413
133339219385071415
1531982627896239093
1260722466609346598
481350431383900454
99073411980116164
390823607175243047
499404235958411698
727134867990925749
1015443357850787528
1485366683618741226
1777291147891189018
398652787958440371
369670000353513428
328510020348255601
681039491896735532
267291192688669049
1451838107368562719
783814222488121484
69878188861411416
1652520643020778497
2066614970822291149
1174816791386011905
445172547045985476
88647969756863531
1769696173567385016
307435960618493510
133456233607851894
1902657152145691733
1275990153431035136
922543358084929270
1277148375279767907
687967438812955855
946620840192745962
203228681306221149
542235902627040015
1528491616040638196
789638675376688361
474370796363185792
1845018586144323010
512780124328067569
204278523745898841
758316258613372469
155946957830254940
391033241213182681
174784171667326640
2259213563727765120
630996906945447368
1386754428202272241
1319487224659198972
1496406297900407859
922812182908732195
493157174887889541
1500464720110074725
1207709741147154199
1207249432954633232
1007532347375502526
631964699205108188
1019403661898614664
822547750686365240
1461026846075225733
2301780783517201204
195906828656145179
181714956035851196
512616322031670793
1850558106755306079
473787278321160189
1029962533657669452
1440261517396111093
1216244882330591433
1428424426213932381
794224751031948874
153835638035082604
2226784447821263952
2078856527658443719
1732795621123977063
630953548629895122
1459357284876196532
2002233137450379707
1740148973010882480
1114365196345812066
2098063649695495348
579126847118549799
793813563739753426
1390255833695666252
1436789860659981068
778418252486833290
203622231380399716
730544764829617729
39824843701481376
1633946552753814611
222966495322571191
936053947485895092
115628309644249177
2183747473046026860
294905842625921929
1047568445787447952
1025852537302089658
1432709354128571165
459508386465038305
614254190814877873
1139594677455644743
775089972005709396
2088058023772957597
348619964367488030
151951628584659775
199140750402737891
505424765816165714
874821821485486338
1952870237712965424
2276064793945715056
786656710491854624
1369017688814957395
672214373318260717
2201152069350974215
1685750923195455808
234622707576320760
2097856183119861736
2114149429129289390
1402064426643031269
1379953505568936221
1854974255089682419
2045798957963341175
795865143807762956
1022426060951707713
1034733689853926437
1873136978502869441
1160035302126860476
2202806599635274925
1938248664295916162
978384454769672949
595045575382120175
887216676526090002
1190732423406209911
1301261313902469876
1113744711838693277
719597795280109719
948046057059138829
826113155652499790
342345833482606746
704467131534509348
10413467956824732
1584899586501748724
1470531690894720790
805262470903148334
2251883944009321364
2009483729035083374
205702410825808067
1946715574556723139
1547946712694761984
1896462359136659676
887993685911804483
532589348187521603
1130129011352549671
262846303379926174
191804861555158705
1487339827834425030
1560616527141983265
106233066387573216
1317725871859424368
556194357646756785
2238884288698342685
215270887340279346
586011861206946658
2154042359061744594
1403464236947912563
1329938993023576997
1400094085152934300
734412962145997035
98218546368110956
717079257887137583
1356317188656609284
912974559754757766
551795818365236970
695485810575071421
1171898302978413504
561161936520891033
1825528405867071048
319418995063755890
1018070182792543788
1661686424264832440
1139523142404814948
172649111381291399
1927584963027529578
2187311428218447301
1770252812537732426
1335693307858611224
2140203614542977223
845145522628486413
636292074605610850
2093731420068375035
659447961005371080
1052499027034942964
1229361816936007167
378814215633745003
1694758777172992442
306766019980204667
1160047740175378784
1636754470721980227
1579746298181746167
13480807387264357
1371934947841194571
2121468808721354978
1262974992948130474
2285243249549110621
42994038482009695
1491017555010715907
393577115117303966
886555159654174863
1337344641112712326
697104074051978429
1278689727905568716
501985196150042785
1386276877265936184
1590490340332669837
24181401296683596
2035694877969514716
2126485238023996200
1900018782743395113
964027656251239907
674644688306014036
1210052290041046442
1739363506837482544
1506920532598268798
1114169990763961365
1060098222427018674
845051755693142630
1451444948416680553
1968207952666279623
1663856848232352270
1645344241887262301
202606180970837631
1379682704450566727
95326112004004325
1121277735711813646
1792945301872143527
878282575268117273
218408831926627135
1607810883907743668
1452495610534447147
1388865565647912131
1978602495246851321
1190270362567713471
466743613608754232
1079147328765672072
1149002558973210875
1896671400581848451
127710584858248565
2015791557811545726
2222675434296158656
908557555323780141
982027685644943583
1312267104750092248
885443416949782412
44725479416353747
191079774834471555
779242891192182271
1968308185077019184
1759085569098285451
839138521897804570
673644141828796694
578124859225157249
279391392946141136
822286332220278385
206255221039782640
848165397766009011
609313206353749076
1479518314326434222
1093954427264634669
156975347229242528
961646818486554116
1982087436405295956
2217992631024377639
963367069842170080
445636661286877847
879051790821219396
1379647549170771505
491823058945911774
1075307383069819359
2190294936708650303
1032911013522904454
1484922454401178460
1486159749314409213
972317307675620371
413235622441367902
1012501971846282995
1718821824944015726
889583578816269027
209130337381753700
1797464791415295388
1521083223999131700
848745296165816171
2281314733338725993
668524964914571121
408425775845842203
1659638125473174380
378191215450802299
1733773147420114246
1813947458862350011
483217413108385360
244127007988472610
1258007444327719483
700336441205875183
2069274103719413618
1797917110363737165
493196400455010123
1719253973679201836
1701688882073265737
1674290520589565759
1027189824074549355
1024231344566212307
1632980742522633219
1289379287499953006
1412583699966223204
155361724633104605
1012903648607239390
281418694155918520
557883459433497080
1517390801410643123
849752777428401623
2076324912256681546
245736187419657801
1153513774968082838
1899814105951568895
174388777814074563
1577827192616033897
2206498068473866417
912814112795108323
180853773647165632
1644327815496801399
726477091702793961
1321391704660615361
1941623951489127376
2060433623684041569
670453810236912473
2009178107378957702
450188923651503705
744095318915324833
762609357050942638
1042076297909167844
1225707431959213090
1521694121685544335
104218673585583115
1495684617076237718
247537106216295718
1222843367286235941
969811713393868685
346298470075149745
1601865929013364981
1293743362118042967
1006807907256768158
195340177627086499
1308198869496530326
173006943721972097
449019407513747548
2133210397219845412
247061100772956990
1761803306309776177
1934624289710228559
1231063722364981102
997266118861625557
274781312847767047
1844427262105518764
457274512293380754
640709448990422234
438761176640555959
1036385665405543264
1422443442023025502
2197619282981525164
1072642208831876420
561732272140617308
2085092088490299403
1010663300543579004
981273101705941175
1986046487561570874
1508791913863657602
2215647294928910293
1339732094619937297
520190725063903787
288164119842063709
1306769028158228605
516435154616558192
1732869306560400713
2091974587792040597
1222036863032755842
1349354344017057703
1376092468851911684
460896672238650967
782298297870539099
600878606647630420
300768020736454746
366849853040474020
1249815733506787286
858299933701489191
201103987288479480
1972563089538318802
1968400381142880864
2148870794233139637
1801907246543242676
336472210462716917
312101152278076522
1907136788614011488
1734969709618140465
1637205671451262272
1637831760330682190
368827858382319442
816790701684560371
2259973301288452719
950705056647068707
1504577999012754288
951146296937840185
64849033881336630
1682081601894059548
684715482320364393
1415157938173123793
1265857992233575012
217563896149922314
1040120462683058737
2079002367785871663
546004916412642760
675494436747718906
2154583158902560520
1594602513772461860
422119586392321033
77602146715448570
227257304638903132
298389090122723265
998196024748436250
547882347514069770
1917619692772142234
420550696550365699
286223044207738958
1875119835583050601
1681786685614618281
530701235588321556
2090862774754134983
1151833322629020105
1419565276192868643
626871505354203572
605329290948438238
154635332204145258
50834999984521451
1629179775589023020
404379402444536458
1487702760594020664
985777103794762835
270386935919634274
174080713867090013
275221428499608895
951162539349907524
1675272550741179857
1176400543829570236
1100583797437235538
1125292122362973
187750646788724615
1440222637222637552
2015043649404104374
1057779161325684552
1100627470100496156
2132030661012137632
185380069136604730
621428977704395639
301532341169696808
348924332672402640
45066513412610898
2209196412284091830
2104316167403109870
1940151575555286161
981477006168148191
364567354431846103
607626896001389061
1389053943952099893
207636857422764212
602550704928847855
1992898574372245392
898771185197915528
2280432401885189980
399176506310428166
195332720342958336
1198235302632785528
1268480293923672484
1897050477185599188
1654155507080656724
1200274005827111437
726424683796469122
2038285481092046864
1838186723313166087
1875173595055016907
851091287519483166
906564440188526941
1294835888653689913
289026657625478791
483662895146483340
1905122592529914406
1765536795686279074
60819897380556522
225788887230240230
2302042418602353174
1142139672861194807
1361481747373464808
2078708814323533473
1288363652439329551
456218503015559089
586803345740514703
1575785762913246442
1063464537618484113
30037636975098700
1063377341709909679
1904238040134543710
1109712422715519549
398745948681910857
1794161883053329133
451607271846858595
1538452853726609857
1192510421358590808
2282532971538229027
2220457234232870776
703430334778314273
1581668109318453877
1008299362992205411
1493217996792253714
1500981103182034290
1466628668979316764
1359927355645802974
702358671945546043
1678599395901550971
1282107508972816075
1819402131458678786
1609698274777174740
255367732636882149
871188692264021159
2218729627733270216
1408156482227999560
824864107858078443
301277974367601773
1947979905411997144
1495198906131030091
168262951457979417
99551854491136308
1118038425456381527
1535075467511907903
1631020745512272568
209948428924124390
2042435407645539284
2178532469689923432
953433372129606374
405933470094152266
334156461557661377
888431333068683416
1552233959207940067
900595984250578404
702941201254519084
1240111972538275913
2179769380976763200
1048865153240446660
1957349150812172795
2093044128089944863
819455307908863998
74671003085861290
544843476105015120
496717151768779848
695415706340395651
1372258666990418539
1897502348021459106
93042915755946704
2110703330787566193
2153279089389285785
2166940791912448907
362265318840885716
1276911157053178548
1662911973030564505
1916833746965496197
835589601540958189
451763022318149174
92078968815119830
534054381805226161
1721704832455195088
2300386242021142909
1978868575081255991
1443644160236656054
1405061174788263873
1108605562397531325
845518954234739800
1293374907377496429
872459912588978843
1030911734198784612
902736852979496852
1521142436907740126
1233497170681311408
1706225433974476519
310206727602489479
1914611589718346401
1360514213253269768
1666632863940505780
1778711717888569777
1379950177528563359
1972241693709215722
1753003562876555131
467891653727039450
2303111113337951900
1649129521678347020
2051679302988784553
1470342761743246462
882950299244121663
226965985559456586
1920320218394066936
159631960294007092
1238469874986920861
1812388510370432606
199810087643398986
1474408324046097122
1037806133207760032
2166689874118074657
610110570193726239
1366048577004824490
1846092330908824708
372869256960549465
1619436664815687343
660600469864009973
343875992089090818
872344101226565464
1541554024989992431
1246770565054287284
2081909792814554102
593097753995390078
1682303045133345115
874081331792444608
1602803520390938893
423950693319119415
64426896355778964
561074634626043535
289590254485469482
2076658528944804043
335485048822179562
517228799398101656
1437098766581823687
1287335621783554780
420766359944379251
1404880481823898498
1853559506507026167
1356305838635396492
2207156087988552531
686613705411841586
549889323450815298
1448587630687056815
587842560178907076
18528202504912941
1462156878944546100
2296068848968436765
2270204141221912103
1653501725505934407
1713961574188853465
1530364594879005434
422046824380632688
1815163114978912699
1378718123135844311
1014643708156859332
977000994933787929
519295982442742226
2030629526299086623
876942027699256682
1381142964225871089
2264336946239165222
1344107393391406779
1487733485435020581
1761776019686038794
395039417246197481
1864071623418700022
903340144119744056
1517823598356845341
1493524974516331956
2295407666582369655
2295203973854601231
496624572211568852
1323189613685659480
1253880708696868768
1064359825201246891
246971378932700550
1223351731441032441
2149435645387528897
337962124816340823
1877753982606256894
1925401867009657688
2057933099667166365
142931908278149299
698870382618668989
1471287614418672353
749116726759666840
870062310901596663
1976824788715102648
322610392570733334
1486314850331871838
729586656796695523
1068797929349403063
1482433703958216142
446291871675630524
1106320917539355891
2155185331875658966
2032142959432258240
416547848582231831
1465114191732738539
1624006063560284408
1421098858161592013
431709695609190521
2093890708360580781
2201121600223789936
1157517844388075272
1598478657582105040
362069872656719023
55952033881356261
2217396498246409528
2166312980958243046
1835159703014736596
2121255799336637205
1621937035026070685
109609499195158535
1280537095414584088
903189676792061413
719254704148825790
242220026221080309
62909629357529827
432608496709303510
1149985174023778659
2087319814833202871
493629189631213281
321397598703799390
56493642306935545
334439479987059462
470178212225920979
1270354886968557277
767445893994075992
1103887028299527326
925796142296889644
583151746314205188
100037476839054713
966099362670827266
556855968271915854
782646960820822564
1842276019304371632
1609096466838152131
1744055764624340430
46667262135301417
1195714568053752526
744470522041620960
729122299074098561
1986899797905229904
350444146156675084
983557575167205567
1675323666732623615
1688823623638205841
1582013426037824501
1283212852753134837
1444122626093113782
470790961602048351
1319220133676663111
1259301968629422890
733448568126379737
1981068590912253194
966511214622234669
300918411715099076
2219052874459094725
1508551209975188953
585244424213846233
1582624127851574375
1858081589252762422
1390046774072883301
685144833988919261
683748107908808339
211866377956447024
1021401865358985115
1806352478750037754
1687538795914256059
2275221175008003723
1464303310528302234
2107241398467475330
1964019296674113592
1469370456223055028
1444659124021180139
998147177861586701
851590272007136190
606163727165478106
920473415779551919
1293950502877121918
996248841788950825
635593457225361216
702108988908341656
1281367591246126150
1561851515449992204
1480111656514563086
1218312576476943865
732335771599906432
2036140753423465848
159823255373698378
1451056860763970641
691667071371343152
1087408229166694187
881802337439706409
1568185184971974094
1736925904352913961
689547535026734021
1203950293356923837
103646714522728949
2269763030810266822
795685118504083629
566561754973467693
133986212372870088
974964993080583527
1328930478903109
969720401600192039
101303416252225182
33810260251588540
347651477794477700
1481918491252568849
498937017490024620
751119786418685410
1906305533023434541
790735018466141312
2264565759085240845
1281544418471508920
1179725333700037513
83806439500875252
360757545856040153
600952299732770189
1596017702009682855
1246461954529413867
610503336520732178
1813915618180924264
66873455577953218
1866358905132310900
1816822449892026643
1184410192464030217
1324273187518361984
1624136377677835978
2083337943780602904
63226971070667384
2207488435324478395
1972054806324472983
1803170875348012756
144329424904210223
1159697915579711716
169521229602771600
397970171557991596
628342256509284205
311018311922241118
1045376356647223475
760617773792608360
2059209582043447841
2170839494949813420
137265832710735458
1388308518279966889
2053647919860612448
1057498138578872442
700933297337400555
1458482600503575047
1988489736737648326
1209011171935786724
2121611228633375400
1552922043116226480
969686038543713939
288696158264189954
1400976819437157664
411299316719423509
526163545828951197
2228493757965290580
2059476205071029748
313978664212225099
2041016260849357147
941562112033244284
1846664442954769180
2219011293557266054
2288505906674647084
2174561732993058479
2114238769860677811
2239840137658196108
1331667390972633261
432309525944697074
1317669542742957409
1539989881552345207
725559834067408108
1641693417811601517
1925564884024667039
153677508944097322
1485888160178164091
1958503443337982820
1936834343870171359
1916721289182130379
897219145057350559
1193508800597508365
325346546385450273
1219363845660544098
1642708885761655239
949430587121958912
1173185902527682299
1752536381696217668
345657897890661841
1565894706524627196
1171156415830174366
117547686650290890
715014032141982639
2262002454844473450
1082937193798470646
976717128192784474
369877450443508501
1291537848203018362
2053324482137298568
1407075278429372110
2143415944057297887
923793794997349809
2098890675548529941
382379155783073635
917604151806879083
1081225102384110881
700420374199370578
1409966166022106199
1363918223971457462
1553490815729616054
829774418285058983
1084708873969150245
2106684738461352994
1315968284459629890
1620007769556147321
1148528901175607850
1435290167307689133
1499915423987637079
1119223685683534383
571822585003874126
2047497648633574892
1843146854765751528
315091699589098765
1679732405999409128
983838360728281672
614135002544958734
2032178748137350969
1586165549344510471
1427697639345858725
796571222926330678
931472603003109542
1123058506885470111
865149213885691195
534032156725157309
1722058323338518831
1614167249136097979
1428853186282579559
1051370674463940561
2214405109500381928
860605090576222088
616981326948379757
933151104733371653
1079370993219459182
1866387413424261520
195578832079997681
1891267844871723483
466155152652027235
1200875447367369946
2158795974652623661
1184810985488175005
2102878114487848466
319177757404834691
1509042026480114902
2118051195896067817
2126315107867830638
2028014455293515313
250417966133323701
1749057400920521404
744196311266649059
1000301339124780860
1867288236975247117
1313911508374647450
944252477346022610
2198464856763812830
1996167206253783215
2111216153133333967
1809172067149374755
747091364161021649
632017904756815680
1047700375823762895
274839828947246049
489792502408837384
172349379480053972
455421744102438889
334745718358664780
1291517247519249484
1582672807700242982
270062343062153436
1194292937641806296
1791548892006658841
844944755929195160
1886493899772000832
157324275140083570
204784231211951224
2065905088696138311
383315708784392893
2095110421641464529
204688728375271851
899626984552876002
1296655723114918890
1402598309790584654
435317322878653887
1451450630282305444
719688386619912493
1195416977331547828
1598545184058929534
1718547442684551727
254011190247447173
2246028351882921497
1875438869948861662
1462523336047596533
242328326194746032
50028987123133388
2099263200577916118
276261196543775487
2060351076043067736
763354052198833052
744376220141537134
1798179084089635896
1829578675499541945
880071773538809459
1509306207365395487
1084385666037424664
998226679944325260
1243182052987105301
1576428064405022097
1119152153032565526
1544403198950372811
1237633123901659165
58505426399470409
31862016721692640
987308423185726075
68837976717792581
1409853197553519868
396762874532026225
265740141181387601
309509275308819922
1286797018972806298
686342488182766033
1007656808440104421
1476725873500373274
2053558648972552861
808637417287979077
63544019859409778
1908469974450458546
1850680795395364486
875481132255865178
1080989092949027167
960364013514972962
1321875600358315664
675303601170711364
2187393950030363309
802657699361036391
2039960281297484401
704009566792899195
1655139592042417825
2104998854249129117
1456323102418302356
1756123130486021726
1826338042730031853
950131690483746077
1197062882376187080
1153495848150898338
1163538578761639040
1199800006067299662
1297684922561891355
4979479885824365
845943919541326571
1460140085604112369
246114326831741363
370459658146537808
1129724203913774847
1604634449858987506
1010199615856516504
635194020043762713
1988693947517330921
237795655640030257
1623819309508923341
1360152521035950611
563651379567035083
198695779864972592
1173025430897849579
1456886109361097269
1894280819258526574
1611736337255369430
273687515072944055
1363386869636029818
616586984712068504
942133903547364134
670269570615972591
1460897865592730337
2005731429074774136
380374681328824141
1267381111609663822
2268103654536118724
132310343020956247
1187946476860395790
281463054266684979
391628677006964447
1657683119841201910
2160362156087206179
918490329759214475
1178626984169118556
779013500242678717
1722608842315310
258949671610930021
201584785698384888
1487854269554026449
701857812403165773
791880129355177764
448238068969400421
2176062976606315945
1750716700730797142
1525887676476696557
189422574976740949
100454495358156618
704478872006087764
1293057874520962557
89668014976030635
66660131817807032
2036155573664446695
337444674504000653
120933186652218950
186660952526646312
1808294632352995772
2175109444939107174
115503227188396888
1588791132024532296
1017216671728688499
1909334392875652169
2017963917204141418
521870366428083339
399235268672976807
1649352226723940730
1068867928087110750
2246214722744114735
45133974919335636
1808997584720556558
1904013311476625089
1485439048937031964
1049852781975261960
1799068716438692927
2112434923146941557
180893593165284923
1664151199787542437
767424834100860092
1833742483658451095
2271420055164571930
1428227952922353125
535014597410554688
1736987240869726713
642804379956697541
1103314887568114225
2050115244731568961
1734223049723164868
367925919725068591
1796902851576559548
156117139869943215
1920767632082738612
1359449846442739002
30628370328139698
1116355951039534154
500631652356092023
1258039996129163316
525786036757397965
1714070128521326951
1662536027680482455
615929544353607877
1797867932467319557
2165249188091654505
17041012456725692
1065991128338255170
1765019335863283141
2244064283578496902
97934109417702089
2011411892379885522
1987039053927307213
1724746648709785160
588435300061885195
558682377248004615
976156954365103505
2162235821854225507
97110341232660450
961553938704097887
239142177528532032
34874408308412085
1458835585143017269
50862575321402553
1174187702257583271
782280644271259574
501975353042660125
896431929140909355
149974422076452532
1117246438560093225
1818371837738540625
2057652800299322612
1338745656312750426
266991997439284157
1858778468187494969
2066922412951909491
1462045150419011761
1866620027542362140
1281326566538635780
1834822149603302273
768490117929866675
1153281037764235614
479085454450965445
692410274478772673
412603092868137263
319482647970191092
1375485166149613506
1203375590908726277
1355654048792083361
322281629866141506
1878645691214933097
1313582444945422786
1902303214150877851
903185752439207365
1045802105759395379
1440195305454033301
544338872874791146
2254404032614742582
455262539594114777
926080609008416534
642585391582112003
2029802660789108796
1101327460124962964
373141712223786239
471017482810831442
2083332980670822595
387240209507787310
252340598087920663
928339425498054687
2138991077727125974
2139255838789260343
2020149986258268185
1498287178768070910
1276765643439231532
1139865161504956495
1772905624185809035
1457334693821159027
958156189781942626
926417037802376961
185381978588630309
1823370971655000034
1771824821058723810
2173316652023113861
122913839766276791
726067433727938155
2024044666301059211
1796255580955403594
127805789591245412
1689699114140571685
689044850450410704
2087393271773863260
551351384117812525
594729093967771977
2238698445253262162
1968853671271577957
1827513313793950540
564401858943751304
528943912934358868
2124275797220442998
1915146465656959716
1055928588888095574
20521716110601713
1205403944382043694
243699930297358167
1430382740632755820
1602679788505894097
722817189168053663
958581311000176274
1388990855794656538
1432478355275792864
127712810184927840
1694342408114963844
2305393835091613015
479615698500329666
982550803866674371
1272599102713379313
11044605276858267
145082129798724495
1478194675121335727
2168059605472751407
839209510319234710
2271701986143327741
2075153464320691114
2204426339959575062
2156415161556090504
1074746939772864532
447276182056825966
774310098809181966
1117462195907921206
1138332884143590643
838539996580707737
163884437971679840
1892438340535981176
2216967008385037675
1095915775241985777
1362684054950411
578788269072737366
455929560404634444
900606507683897318
1151415781514849874
355562045792684549
508262795042153942
1387792851380636150
510153097196455827
279738568306930699
359286924856865722
1628902319100063450
1253602028228557691
1398094042273008560
1812825234736729517
862256417771900997
524669149999516559
242585560292678809
1190399713762938522
2228219807432281859
302093652495128695
1219710412794791858
1624980118066928980
366860326774743127
1166129117376018506
1399396226534830811
1573236641769246928
812626108416190456
655717485575353476
1086615014972067413
1885593738917615725
259457753064974939
1015822932156965338
278418355225334846
709746134948933330
504126923087980410
817677485463022048
1083218121635418503
433021703778894682
884753788644521333
1084609091111542870
1687946549346128104
1142140231640969446
1863882623567584375
392447041060248690
2007086928839451490
1233397828422846437
181470592704182229
72761150420915281
1114229436457846184
938372417547194202
1073166054417290402
1723301763764091299
1362244435254476539
910509374793763559
1949967622016828221
459991667871718375
1406175172680491729
1833202750333866212
60473882117989302
1567553054372039391
1502814540632347318
1959324129528169564
744264061177329458
2269889656302694665
1987102943931242437
817977768394042844
525506334532163447
1125044940587446360
2156649650718910984
532406597135370726
1227500125507002914
2052393107853163377
2161022973621279355
1985443538445470266
1014444744977741426
63835119057039322
2210355942511748351
1329105627433210783
1996545887468506355
674199292669267662
2237615116522126311
1995916980018126256
1250491589590258744
850813121528195776
177918268780252675
110305197396986372
815451556670510654
2146751330499241854
900793796678870409
385462592866798101
530561767589821550
92432368388427955
384478796738722301
1591911354569263235
697086112145449018
78301341668356607
942286182746192436
1551325884596892685
2096921615158867444
1371953624766731407
1714640949789593172
2253322854448418531
143374445879889382
769804398156168311
1214445434660856209
96808485921589745
192188596299421823
2144114209570289055
188975973900811438
1422767408697904220
1223319312567848310
31805618039899995
1179113470356138120
2035921729701548137
2215567285992073427
15043747078296055
2251805689602795347
1131663112102445400
597302325875729616
1405545537201688377
605732974732757713
932059586203112412
409870053048165674
2303591161608526491
533911414579772499
582123087987361205
1510521440525037226
2260736513949056280
2044038496603204475
146478408285385017
872163323355791727
2294114083899195358
821427840622187015
2052230333037151405
1890548597965797780
421570937927025748
1414329019377496839
1770478151680161659
1618009836181289615
1854326448846022711
1880817455581586148
1631908585741315635
1773851334561185591
123356633039988801
567961415674394129
7230161789485947
1638944667705130043
2298514659133550817
1309198788861119435
135384565658223335
2092820073084649619
1093692900550672156
1325852929526689345
1786162426051962602
1295678761852475170
233951035942679683
126928304208295900
714665294081644113
1731481401052272236
1313155123619577068
1815512450749352405
2143396842992540573
1284104317436875618
127550774053927281
340060766786430672
2289447729809228314
2076035815872336358
747481828306234075
1092346435728661360
217502557406796379
1109274161859353735
987398412173723916
2056323344050041062
1690113155834535518
1346569988240024692
41541624802072797
883528517112774079
1812255746170520486
1871739093456773006
1995403505077245457
1577972732408686972
16298918958328437
275867774413327318
1570474515305169372
317253294526782363
1091895455932720427
268896190932478690
1668760663769941660
1481866504702467851
1869517392093301652
2072315826764535823
1565075499620869275
1676020496222171043
459270445798829812
1417984289455723867
188391959725817133
1861025295774669329
1547399918399307821
259517596158676259
1132789922594851605
1361975333472501348
724612497748528730
882235866965147455
1393385526856306373
1551884439034987644
2034900734385104894
1385232041508985655
318873206134277659
2100504614033384513
581760934739492223
513175111934362508
530163448210446070
2227717914197098372
1886844241464067428
1820919771841243010
2267676294701344127
1798411814833738323
530556679103034670
1697810726744744638
1446275995171780379
358586688278516175
1708030297147240495
586274724747179917
1031062294632308636
1781604604688154309
1421120364635517254
1121387269511246174
128595643466939187
1166401970935972982
651755829434551739
531554233936461374
551012835289851617
1446798704285849517
486231888581172466
1871363350186624846
1901175110259875897
1877370887901020991
953977434122989431
1671604050524108542
2169989227940180515
1887636752706655940
17178686515176233
935048168833990178
1459760500969723823
2266315816027437797
469801061905003702
1237733912443839785
892455230018566080
1102813251417315447
1579853031834998654
1886183455441184781
1030497819091033423
1098539887151138950
2111104346458199688
1397256782257967254
1689860013867478353
733130731075659864
2288601121665791229
2120800484216871742
712375941020565578
2294891542106029704
2161982473211554157
2145941959642895315
2200009614402468993
1681447464159853832
1804011700469097196
1571480800591897862
477278196900364584
507603327063017914
1850997324022791125
465257331301818288
1552820230281917189
1011439438484213999
1723676020236968055
714152203254325609
507225940370956114
351859297975971424
543501612896163418
1563874749373549623
901099895860710936
1121205925880426664
1059907186905899492
1227210484298590165
1895129706468768546
1955489743040193009
906567244099233239
628637324147277765
1559876286052741714
2287380767859594374
1903446416521067326
2234302420000425713
1309967692707312482
1971682912323863657
87467757791044732
1180090757236238066
234519243734276330
541399032188858298
1534546955338903116
1946140593688719414
1774823477227776074
1199202207568529099
1442788353782217138
1738891859966953010
1645827215681865404
2109156916057151157
780262320298587576
102068629036910298
2202734144340789035
14954862776030032
1201461656759491042
1857606295434714497
2202308356413376181
285738750136355220
1824526859587867154
2236027507381583961
1367777302377133953
2262525504748294479
629041949502470761
223152378970711960
1771892561233202605
317812907512559221
426791761886387010
279709646553802953
397638344423377557
1523423791639069063
2018198392644027119
1937518186227699442
1042742736851366342
572260505651787554
1675023244864268521
1237167960878110584
2119293051008282798
632237478876242509
880903123190266613
1011701027683230578
2013517201377185365
1516882387554832205
616999323841954140
980378144043102946
519112306957534898
289298720867954146
2166759227245903074
1363363384254904268
904344627193907869
1326652007005600846
1672160115504367732
1841061847253369239
787679946765643889
184664118618898180
1097395041241080100
156070865442034888
285539729361136401
1825823702305822894
1385045333763594938
326172804538359397
265577229598464799
1802110396424708243
366327876142254134
290468921995556754
1068775296801263953
697065372250682617
226291541710754108
1138085967642056242
767076835135991499
2092825770997685865
863233854303418567
1691377731074041145
1014096466776440510
149180706321241527
2243239583683660108
1169091630605107159
1001149934971627668
1174529265192116336
2279260708519795943
1256157725684169025
211520851900994634
157847621603206585
1815626629151270708
1639642786420833743
54047274533528722
355540520930559237
740082316652724010
478264482496400355
1716847144551631041
416889071993067478
81063126179845168
1750442747113584014
1914857241720820061
1777398106379837684
486348799093144128
251184456549096517
1989995588044036318
464340735277957064
1724790949397961286
202205462526741518
142337665884605253
2288945777292632460
829249982747002127
2241074385446124065
1517911753705740481
2302330259206593191
92046188925415278
1917505150429077423
457925506474675891
1554717583005089467
520528624680200813
822211330923478928
1887129936654546000
2141613811654257866
2303045296805210134
300996336233113787
413518486559318334
2040942701686973266
1657232301876322161
1137795761410301409
943759546045882091
755468419403856588
1477092134323232619
726353154152707246
207613472687161216
674402241280114845
461955890881915137
1637869493874136107
815811327076217917
1932396642932816138
807194157272608388
1132062272074126918
1318991381255306139
2197608722014138761
1458990894295326251
1061347951404781078
389494601778061602
871879298085273606
946660344295684939
1847010577994299489
2219885366201313913
1660427255528987678
2182214655317588214
1734554210734458541
187348609306890815
1641352352544832841
1280211218391041502
1160766475928359601
1352750047140658641
1590395434717216707
320749250681986426
1343025600975162876
1390429245328613093
2055663581890077703
1538854057764040334
411482970697654791
1568249078228907733
485370860076933166
195992613456242620
1812723750615709887
2192051578784159950
2200231555763902027
1203438363392332572
497732937571653196
1717415769453159338
1363180065444542910
1822398934371901952
2200208487306475152
1845442812043616931
2142577733080249820
1102704403088861083
263199571813476516
1858121534084804414
1937170854307697637
1270593109522175870
1880612463117635902
1337850769978056876
700858723291551844
969664480383444250
124218530259756066
1625202332282663097
1978882700647627371
402912576947756612
1160554603760604278
1147509052200743401
184663933051349240
964127759644401632
1507199315564463787
678774122909572786
2004917102177852283
1324454099225546138
2071030055480676782
1176539630758140482
1789326949954545766
769510668746263800
1431891913003517738
1102303047454503214
1038729964051138266
1353624760455496485
2058629343837489777
221141843133683340
980503967886003769
1143879560933333472
1963520879882115720
157601296606599771
1320028779161947472
1099088239186366688
400308948501961332
360837147666557960
1502549084851441303
223363292097140143
1798068491569855212
860003896626012414
292510944065116242
390394910637235172
1059327985931023463
1262221876552513786
495207506643555691
2130796272869965459
600109970390307732
130057284973182602
548615895977826190
1383938421664732932
879297446298649257
1800349146545201526
845259196158219171
710943750148081030
48095343119635086
1529688394622580950
719699777095088418
1313201742243540146
1407926785127870740
950352107320159996
1858069827746678448
1909231775269488110
828052026084149162
2208349643576329873
798736544290791261
1270325844487497092
1471072525150064973
2010786471314896075
1692901486345689220
481282634164903711
1149049574874181836
1259897383872620670
1543231096570337219
655428029198042376
470884321379532550
893082432286868568
762794881864983394
75330851925609205
666044416373669410
319321308853650990
1524879102259895594
642272584496803706
1721887830975584822
1177495766109571922
1525299339933065460
1722532983971360328
23992229801974948
129690650954712086
502894759494601327
2266390713697701642
354319139946731171
2043592647413861598
1597982182419126155
957023017743617807
1005507801555171205
320888314014199140
1808947357965989293
1112856979089983291
1485459329355063301
919731448583699013
368059071157228470
2014875284752102674
697049693631728509
2176840652588106588
2016554900856909305
1479309133489209234
1401733171897325659
1203678803781666752
1764736142665662050
259276654143455178
841577301134159478
483880184676926465
1086842245882902462
968859572663887302
2270684060173482605
368913767988877374
1517780220269986283
1440445281043426715
1759470095036975891
1154641121227553791
242536905676505604
2096555518710102950
2266653116583413148
1976947292865807941
934513453587763646
1090555382459155919
200991608926544405
2223043483634208577
1384720527110321065
1371255414468705005
2270777683742080096
1761449854458805678
1606141906270467699
178698924441781061
1815821601207033988
2079688407192111561
2263781834400483425
1971395185622880624
2140713176309231337
705250806620279394
1443073616198139602
676288066934415363
525696929303602248
1592341176280248911
217075468439395651
2242497915845427853
1058921902984250203
222229985885520184
1588944624668275988
634779371268113996
22066767469251604
2039510560989208134
716782559726408198
1191663786821223163
1676725310457285002
1915725621184185664
200250658615261073
1483738132054114801
902543030248638009
1318321698754911632
725876188180775835
199409222268127507
1106708545636333018
1321575398417718835
1859670928316503196
2135796115309587290
1005583065892161412
452395487399500206
89081189028969678
1641277464433385595
364701156324258160
85414346101676308
1169006110681969052
1394741899944912724
2261132538570569209
710908441839800113
49340470939156216
652431812753371171
2029243392897865369
277150977591435435
2006130862678615979
1792760862298461919
255037725890314712
650710211691027176
606674655112311561
394866771407159905
1418269096223549738
268331474430733285
2147170290190581852
730478760099981970
381381250057383541
1506953228744946846
194615518882657889
1587349733331661247
1914082671818660168
2258276459035894067
171620709897050868
2212731802144546750
1677997210095365399
1192319760779557722
1997616480840287017
381521966868779428
1071901533448574999
2010567869160522998
363018905809484674
501986262419136818
1619239725506164548
547239199421780383
1420731814943218073
2004790812053606928
61225285022134516
1182118847232231341
1084601648146144361
1580502449577804182
414798310055209374
944759984438224910
55809547330848380
2005627263492872809
1333051868735957263
293482586986970589
1349139647916164288
312937848119079857
2094631213251366844
504503343487688835
1379715744989884542
2155783303198540022
686894309721860831
2284298409842835384
1507239081190328883
1126170882104279854
3427120354418700
1713186785528292428
1951151118229083413
779016730258114369
2108905395326525449
1335586917320746006
1097319837297349111
1344607578751391531
1809559842736440145
707066845180992314
1484282396917823305
1239806738133026588
1070026330280599309
1777552387617552544
632681193103749720
375537892031562409
1685725381765245513
255127790087848394
1027319604317244270
2273869921775865042
1989475982106239290
1199890206925529073
1133101201600626157
1080809677963389253
1919604151555067308
1106016095337265279
1224613714834862184
1833975655672200190
2174106717772858361
295294139847810463
39158769027632848
436229305953046364
1417639120435547749
606478629416529168
671555344410428031
268925022118779882
1098211334056304062
1051777928913897260
984950218711992186
2293373582703732698
2067596972126794415
913706452253441661
1103448870571650556
2022157990783603931
2188384245758701385
1623112496318347996
182350438901131156
81849461644570587
100056799909280539
1207026607375873470
56567968440697680
272373544017104458
1004220881658326505
444094690507810733
641037749752211242
1786284337005898222
910807397523723583
178619715026587374
1713544571524145926
788520944367582850
2102216684847115994
1542539665111877592
1985981261251505894
188611500839052760
1526537890205604520
1808304157195977046
1102674490953928548
318063826820038668
954248781831697644
1867591596055842013
1972711104983668130
20020894874634902
1235797865471045246
582890996422735158
529274872866284566
101181610975644833
1543339030398132497
1162749366730876969
2249177327223047834
2204530166054634615
689930391733598551
1571861222164770781
1892032241491061565
404563481940822593
880431789898626873
681871880852267370
1551607643749728900
2098523859535977922
1990309806953405769
451072976171865301
353137582896227065
557142444098821628
191428344565667061
1828431197567913675
1302638226653610256
1935539326611690141
347551844335534805
2215957929287119732
392105213636151315
630561007995889548
925313880277675262
731937498543868571
1458864566250956239
1579196392343549196
1377901928928935364
1663840528348230857
1180911056571620360
797795514768109602
2202077041105604702
50761823056691464
2339966806507939
89768180077051975
1076222788430767583
1836940246265723654
1424860912530440643
1831761664342802705
1390330614134436255
1364729779817354502
1657650627977038039
908415361307282229
2074055080734735623
1639719140539199139
1153040113734564672
961799402283578137
83077712909821792
1895452964188337992
111401104225211619
20371789242821565
622289001358249463
1964832392771364839
1500857562838354985
276473152132998588
683575855413277812
704150720266989847
2192390458517172418
1262897007450930786
2272388913011634703
625740103722197950
2235543018156795918
80261977161763343
303282536664154835
372793416790317450
19563139183457452
1027357714289219301
288141777598531119
960894053483832451
1593875390741027513
1333288854802349017
2262031024353717538
1814650064721973536
327047514285709978
1801762072378675816
614022547708771157
1817449431562120285
1852894975707812806
1160937728998697433
904849475789145457
974310105389976931
2055126512647556780
1288794709860089037
1517809025694085153
1959061126582650938
2165523479374289700
1812018004483376942
2123229055081240040
2272668757665585197
1510542071550176114
1733283129459208545
343427568342507500
1409073306700457071
1984648434665219845
2014109476010653019
1122820035445559056
788767984955512068
1509343280361523397
1935741814971191531
633279601654607147
2302210810845292915
1650463630689468607
397290085303491571
1059266539633624089
967470028873776440
1541744458543597281
457344940908842084
101553967046214216
1594670713142285729
2119537417725032344
1367731821908482265
1049691494999160571
550356419389837704
1388851330135048021
1792744158044998172
776401384097460332
812070141979125388
1945877326461457175
1801170800670823345
949523311644743749
846428326145067764
943395216308864530
1338750820317453369
125478318585260252
1326379937140923619
2170538749312470752
1606872639553546193
1122909581661094323
467731491488350402
1156591320121019311
1386143061826203718
1132231809459207588
1133361176980251553
834380955312440291
1658644728270704899
232328228108028708
398307112788580414
905641476948377673
85879403289105188
373647036809242764
1602601355766283199
466816591853906269
1781755283040488147
1966156899959581942
1404643382337869331
932249810858148782
1217628376044975877
614197859768671220
1360149130155381735
1197366211842430102
736890429695578845
1931578965666973158
438087947706014857
1487383482848609222
1873767333279213991
1840718953047400539
1278117715168423431
1997826460788111221
966472697851689852
1359684073430862448
940965552236356249
1295807666793539800
85261481469628205
1803861095547952724
1798491821666690577
1804310332939856710
2166831358112272904
1117124612716324252
1500824655759038454
291198498420565725
178534112325741512
639962051882984205
1632319205156090858
509303160030405006
307177347251164189
1035160396911161946
605573667020557563
1943473788570626734
262252085388438156
1214568392811419577
1411536943141408919
144767829230050273
872592226000583025
867031787539725986
559018827102098319
559823450687852594
483913049700917755
122343388556730530
2303929758305390234
2148956671168662988
1864617325488511738
477317647489558954
206577334612301491
429559057121333325
1161954465518781627
2075593616674044097
780198029663915783
1282014768234294032
1786129032007617348
2255883079350679754
1730391478369628724
1805327322663211719
320971660939381778
504494813928600727
637171940637358762
2024369810771690950
1079247550694387113
302136941784706498
1550668539636024742
772718848926002724
1301340730661403991
1165763330482944585
1524922872164098470
2059246637152762995
476123297335580763
1122515386937793341
2133570104810830036
1352920488919058943
1723129195323032069
1717581063397106991
169317926171642618
575863166617693477
1117180120239499358
1570690873809149897
1574520702182633488
369564900613217172
572398388322464204
418615403005256209
1087809317795936847
621638327715678375
1970826855405364240
1046789978938095138
517840167002146806
1740332297839358571
505930524040483062
755233709773925687
2017882139117556808
1416213356954852511
1584841765265681581
1635538717236093249
1294705833499624265
620193467545833856
2105732805154078400
624319915988516405
1538577644328640902
116574522749374780
1301127394442669492
2259041358467089634
403539694340435129
1056263835606560825
1589504819294193719
1142634686280395054
449125814547046077
2179955891159748962
36499629826633305
937118968359875494
510695348208619133
805224800539972133
2242672754815082771
141883509004941831
182461977450741451
606904555072635615
988267408453932966
1955189001229130913
1591379697707540991
1563189202364291631
1796989984088346872
1902921473749552977
770296566168952129
2134440447234287075
697651648219251119
1645173964746071509
2149003681263513627
1023869428047756497
170648868935183690
937212345943869731
1076216385587513118
1816033857624410173
1543556630909710896
1140499027697092139
1942032396774981588
460789370553853122
847412440333985786
1288103465184891278
378897021130530281
984178814746342019
1496385968632530057
1142537491905619196
1269160215060970032
843204600807176164
779687726284396434
2262616806675041233
127777810081830277
600039594627837771
609441228392709168
617145943896545022
814077021741074851
599183334562137992
884671011060412217
23365120521889852
1917439379603104534
794661382256508063
1999970586838957440
317093643949360823
739506222233822163
2153244755596478191
1104614109235165355
2174997416568558861
947997218902442669
2301939038462201874
416151205445623037
2146688229942965534
1074920592364141052
1245019565091223284
2122923019125901661
1601005150617301362
1245570488734133503
1400281417664344860
1647749828076074156
612941100512511470
1117285462345209150
390443230479414664
1238245408700085688
1708183613612078617
1264606458911956631
1467317530767809646
1896705505236308958
955344634981946742
1978215729488352665
2272928846973727261
1039942777347031193
1482963526111725012
1308092430944679708
369168812273821198
2243170336174083022
1650207811543477400
1918682238029218964
1878729893850354675
2294925042626692673
1325095385368523457
99813245620332059
1762185204591758816
1535334862182329058
1136402880229935240
195088450643787566
2165801093754256531
306008547079873500
594794113955029600
1714376180558619146
1249471460355397621
1229902241357085759
567034381151446327
40226805247760659
1394261133742816522
1420741086181825433
299874894240234960
1848798571779650853
1575643810392979215
863122752921853905
1897443447809239922
1976556902403963432
704587105821764403
1053931842740961279
875755016217207401
490434539938770002
1592139346218503627
1894486794946722033
65203634685047696
1481080705444910324
1013495872462264173
739554730689442827
1575005885659649380
1915366008476492494
106543671030637516
1405248127007842224
711880300203377808
440914069072064338
2006791931937677479
463569259418677545
1926027991142442769
1025164905143210309
1528913907144065090
1959052776484664278
795707145953694467
933925244756639944
1775447924701805393
1940568603001692637
1211219754054075472
1789644690898359135
1962582629098207939
815943919694177193
1569728523665333701
874628458683545272
202631851264709021
1601499728830525965
1101598249613077347
1755991942009811325
1425782487375694865
616134026324889540
1624734434157109250
778960529210873677
2059884899534231880
2275181797725251614
1506843524874747449
488064465957822064
112129488831247706
986385145965792885
1199663032664282817
340501581707428202
1727621534837244522
1563272431129242
2100143557502374177
1745305753465626152
1231143238582802676
502634859164473946
1074449602581943738
1242186097803465079
801222922951756455
594508379755550840
405637610949516828
1066912804337510506
928368151398505634
1572853748254435315
2099731975895967699
483854863078183284
1050700786051083653
1987168925353109448
372820790126705741
1202462676317285546
935095025639576392
1973739331505320656
2295462526746565617
1145810637698638198
2298343273393093900
13890066434384503
146869049078924603
1738748488465190017
37255722644638090
392203605489532321
563722189687104620
405740490278111390
1277444011079821375
1694787596469976963
1834629587883581400
272945032708823839
2262604061104793472
1280886794652084897
1348636576355927324
922010652027906030
1825572337482163060
1514909716017966137
268905577760191019
2240437916359035117
1187270842884676161
223613127470076146
1690949073833318467
2226679679617205955
398505463786161601
175906036314710937
412838085022986378
372759402260459204
597757032476995822
949090188065924944
1957423190747049518
48054129733499493
1581061735832324318
1007467523948332638
1795092099409062219
1586282608256079593
2223733417461569069
368436103082162637
41095806219566103
1954315077936820193
873483231355831559
67915087640264543
480030313883655741
353789419351456069
680312718769117007
1644503211995420101
198659963861463063
410487214985404675
1088650764080975906
1546131181371744883
355872580918827143
1429344285500262257
1395174155382239343
1835695254087634100
470334297392349392
1553789400249093460
813812467779402992
694131294167305696
1099825464797131729
75246756048463836
455569729885022792
2077319242096437944
894636096771751843
666566772778535409
1943229125125066139
994497193200922074
231054860559527395
830094249891393648
1576093645466902679
543064711116689279
1556046135094780645
1258830326578264041
482930601599283806
2291509611263649258
860487463786558458
2192634374614609102
1262321997310576979
85168163260042073
779706174336055342
1213104589567977658
460064298206532345
2154084647385090994
1148110293927018587
1643981254677177393
1376629866586385392
418650970566651589
320457938671152687
1999117251326162766
989145567209012118
1325346304569434767
847287813362792361
1469831296522032720
1191683081433674287
1162990522380596795
1957495509488227399
467995683922115664
1206714467353508587
1023577600547281205
2129392130667616586
1542115398108159964
1519708180509233495
592636311425324718
224691177331810390
725280411795890596
1234434980758162400
1705386010692955775
187448793031284453
1054685364584990231
1365555850056581156
99853016083589450
1174711332478408234
1977794637109312638
2154969843802964121
377347406285909019
125875262618575326
2147209789721152597
1666640692712952173
870642525387627695
991949771917589689
864203390782665857
1625510363289501139
2220419215923473587
1716978821697417100
2160930956984954875
1339935173455044052
2068204867840977301
1606619102281102388
1706552789198418301
1520114844041146602
1037002335393622997
1339297111641781264
1647143023913368038
253467693702541201
947819244107220454
296367261373025456
591263551849699067
1874411159735216395
2233493259558704270
1977700478911990219
103632841285342908
1129722025901367298
755733369465753090
1366443438166826040
432660986425811546
227082254772601780
1789865028832271471
539166341206698609
2269337607781854927
1109062035460890992
1407872001155257818
1112232595284514465
2036247187696989432
966955340492812592
1781810341320940069
587595283556630011
2142376583804810386
1858686753698893135
609812119285711508
135107527011132544
575721653238267629
1366176409622907810
1988814769342472889
670961220829908509
2301289276420311729
235740378456205170
1928472181178842540
1212265686767047655
347513968389139703
140733537482338074
1394305161241659137
1193894182442438142
95261489244236681
1236162056747539786
857669798177981249
1961025598216473088
2186742057323342358
1400199714047832851
1873939924689732922
675821625036840382
14168418306871957
1771001474483294061
679322488951559911
1065326910282702149
873040503041990502
330023566924030570
1116678726410072765
2216064121819699236
1387694228415082129
928737815935444246
1447636020073680350
1747712461087110454
415117919099271368
1228390809676266995
267199397409642210
2058129610429665287
1639364750000497514
113780739762538853
1277128749226230110
2027354598977899622
2280357066694909502
2023098450996833675
726302713871540998
264374982273933702
2005476803689974370
559165624393679334
576059941259595786
529640563092171430
2158645074604313582
1696768883923844365
1164819803705622025
2062930292851295631
2026142118612524697
2229294435831064168
1471374695161087209
1520801355015772089
410981246116087937
1762169806016794229
2124086869408048896
2136782170299174892
1178862523390920116
421821185713867559
917012245477424657
797758943873945819
1587936845793542339
1178633744604075185
1084089259135336281
1912041502037767387
1288009591901450992
716213888163885057
988372282160036898
1405392427659591487
632343358317690072
882815639152944865
357438657390637790
636790365064836356
502457536619144061
1095330839276078023
899474084235101097
328965691487018792
658272158116950895
145337918372014716
893511211744734777
2223041519256225103
39355576945008616
1370578780291628791
635838150764838735
400473433512409140
1857324041701505012
1933099167585979170
2065190683236475953
433460790043824626
494449267948914461
619162525276761451
754083070423745416
405665145097209311
1747104465195361504
2104588816678868827
1470830606179832604
998179750763675557
172383289116759586
938856384350557181
484008318409949764
537794275149668439
28189032226925841
2031584915905946383
762580401515951313
181429821142422024
1895710608476261334
1655444461138391827
123859460994627504
322766281715206617
659671765702279698
1810688246147149542
1861761395399517825
1282186532266386629
410318276155347503
1849608853010379050
617959510677622533
1867043647211402316
152560711675819186
576348001102563837
852634774251571058
2000688302050949635
435271663317436409
948241220747678507
1937860694911072340
920887002826372234
2101213458644891718
1690529788740001032
724565035384688942
2195117169244466335
1254356872849310878
1818343778971569289
1106737424237048224
2002281721010876738
842498389143298727
1133772071197367527
859354855838721954
1894806475177161946
522372398122054738
2165203894249512414
187652190574346533
761107608212624900
552010967993601398
1366304394420258353
995168051344425345
306018920764122912
1601667477070966122
113447893409096018
2281508986712568322
1112743854135973660
97430140308469330
766681445942531296
105663336817816228
848174894907771229
609075338321441001
1927619967491618734
709395131075150708
1586038640000886686
131057389668319745
1081943835338655610
1693462495349988336
587550037071964349
407788292560289292
144734984022604380
364917538772199805
1586400177670431708
802822721787143570
1513654262900839130
736784196326556345
474232209391025924
1560644891887459737
372163726779386285
1703451840355284779
252418279498186638
1114575245724794143
761365516158344627
849382667622104272
261717976658534097
954950180743910244
785730452681479514
820742061462294068
324180200519886999
1893946046915930204
203138391677886983
1094182716654220717
16434250109501316
2077886458083179084
592155266494196283
1973805836566856181
138238743861130039
270916197185148716
135167456802025409
1249779666255397651
703037666762684354
2200412487256187943
199202595287619172
1306511028438776679
1231490512389628631
229136253761016979
290434742922219996
846941866007439191
149367566486300090
1780693414714271667
1977378553672439117
1463689686988235372
443544466096583108
932020165605027484
2046615266500901512
1794621516786490495
1257934493990894389
1294339866726424346
1914265514462566434
2231147739336242316
731028904677200947
424855254364077895
946207990259996448
2053293228289638838
1360076438240309122
1601202371656962837
69480844196862997
169072359031515191
613319281126322194
31516887543167763
1298811233205534592
1304691488800357963
808854219987481931
614464179449505007
1116595119010895396
1974939311744096543
1026366356516109677
2027250352469717316
1042394501308402171
1426137957064741311
1427462324135135987
1091788789157396252
2226869978860313253
116848553456384559
408175618543135830
1427912606048146780
2190065740973656874
655777596647567377
1090071135310488258
2010783391558177329
1251682815902083293
261927229665582740
135037819221691800
1204217315832944794
2224667517817403285
534804711531080579
1494344862253920861
506070966938665372
424810754757075081
91887870551431406
844812779276561516
476212343063749864
1027944023800162045
1194793720134112960
436444301786292413
422326687260116337
321877281822329396
1798005800727369123
74350116574639161
1825656230482841362
31967269732348710
193477254431472227
1525146458596389198
404326372257782909
595074731115363690
1792991751279026597
1706372355434180159
1306052093136084368
1006919518680901839
65741837453432557
1014614696799093215
1056904452645382738
1486729834332441623
1171936586771465135
2239541774130569463
1468657145758800179
1292983732328013893
146034946342344620
131085381141053387
1961345541039049617
1911540053183415484
2249059050081624128
2006548206558363087
1882941755699326571
2171020582234035143
752276715179668647
599836474986586522
1805829176307063785
1674859548284003870
1626331451394983622
1356793137901127291
1330707427866294391
234602061715751678
2166295440902264145
1419487793681321246
923556553559798240
1107243327067544330
403556421160182144
2149908490873367889
1417691503145527666
1823612874269210361
2155914943285095926
1202146384319592294
42307374875457155
1676763615026679006
2262609081758227376
2281667896567944954
1644793292963352585
357874369791359369
1826300102460043509
968874487439126238
788129981628310567
2053138614476955662
1606582780927809502
1149561532856622466
1694524142891226769
2023772203836506713
1329022563895084952
502414291695993161
613852008637415343
1680487916139251070
2053755825818126357
282061890042573932
1322060949707748775
933752944252933557
1606481751469444414
880997112173852858
613028086142531489
1918990098833025197
1468166971052829827
600841492223439833
1869620449857629318
654627652670853519
977225188577229872
1931018986418397490
1476757753908118631
1308850240462612576
1268341930260054149
2279400459656912668
2225407661732316379
255968151521903175
1951334564435282314
346489044565140052
176770329776533734
934260369377091994
285419112308534740
120973381597294697
757651606857499349
1973019757573432324
1230780110594097378
391964728460732366
1151444308868389732
128286357700811771
1459515996967876250
1660965966294043909
1067882392253880802
225614657191047392
1825121943254540757
1650559107245537110
1051339478786439093
2182614784109357647
1710563438014654948
2277138426354914598
948592539939585128
1137575582268717173
994150960279081049
926270880976413325
700034619138285448
1853413643671947808
2285972220133991986
676568295089091629
581257023082187983
1586009274211382412
1844847126709453402
814699647708733391
775964117135953980
211858012095920108
299797270459712941
1468300382354800905
1133824770475969913
2177330545829998636
1050447132191373906
651867679991062256
1306092844438220185
1835636042959683799
838724686826328838
334724005591658839
901944843130713548
2024350674489838760
527801589922829239
696708841694136242
32420093369825076
1554445461183199609
2200184506867739032
1812732290984080233
197615332941713892
1876816830357791358
2271336508064116942
1218777455384965374
1942711392103178331
698955868381025678
1375596077674123837
423653224403057316
1651987854869312542
236076567906379862
552891050309582490
341304241092290453
1734287767031801261
423990704861265502
211045109252242399
1998556510819812766
1639814917273924968
1168938935131513277
364578060188025525
2131782358203326437
244780830853224223
744149485880245281
1525499232694070576
171584278066102277
195792431346128835
662602175839515912
1217611928537933250
1706954836811339745
1405242678419787122
2025045446979711240
391429559622339440
223409450220939095
246641977468730266
1604435651415111943
2264527603104665358
2010860852859200092
1974752980635645878
663787736091082381
660891646575180256
83796539578610286
1965088592395733490
1556748395068528987
608653323495993038
1445781107242539793
1568738557974385807
53388833029802317
1118458112854871451
1180029722254682312
1948078281679535283
568861889905613901
1342636692187647801
1131297277422298986
37949427163642977
1165959335972784955
303682129459678219
222274729007441906
541567590078334257
1818804499209428870
1957533854902801454
1874775104574298254
1941888205867515166
654699305183888322
118161374479255898
460329230776763056
1735270200923312254
1174626101750857449
735239085649635813
1659182322906376789
1708542328244782579
1534298152763185431
969443218267284299
1532224875978303648
2227841780334188236
1512289799007197531
2273999121833918367
1974201008992222218
256219737541770777
866237381253719738
1107508035657849113
207350968880778488
1022419016066639068
514660295727054784
157614240713321869
2260248819186541022
2116152617273589830
696387162868967845
287945323659832420
2177371440341273068
324417426948831156
1836416013835973949
1509274959223196763
901429482393270625
524211571556633800
931692222402876357
673460594184196770
2152223436176619276
1053658795808856869
30360596035708877
1226508953750297634
2060429644358246551
1996947057593658400
927034560189707618
270192929500518513
1734228441061318211
1321887365056209724
1549275948261554954
1249791989768497565
1578446528400434715
249448602649481668
1266693019478641775
1485337776684373750
448540416953256659
1695860137954544762
1644841887918468914
1148818560998364307
219990750416702859
2231623848637591082
27634022279823009
552794730595796144
818339792044304412
613907125646178049
1116081287833303037
1648029632169613890
440386041724790386
1853922682387882287
872234085232724265
1262329552735240934
2176152203785064276
2247849342402489233
1145170321284883944
923500300453953207
32081871589503762
2252699798918579379
472350805456743893
1082142389301431514
269339453552076498
132846274351411516
1888704273904530986
403543634454968288
765405314170140890
1544267334945058325
858826315399503228
1273405890118836549
567156797021735841
2045454899333741856
753328845449454607
501699166654794039
784328432861606068
124323170035526698
780504162596247517
1406685631718029163
1230576780791643839
999089899074194043
910452169372614654
1534249616762101783
704747897149368540
1670234357973812357
95340350698156922
1844569521040328311
725641349401494599
559851097719080312
127606642631122995
2093286992080425209
1109837336654984343
114838928018037081
1608577181219850361
1640947679937349573
2127480879070433952
357238985517513862
746270523100235684
2227637736920093938
63833467534644036
1360538680731216289
1500269224841323142
2097058302057515457
1594447519943074655
499257758233083658
97881893515544868
2077517592725051304
1433320807832647806
1828196896324322178
289878502416903388
653075204423545922
2175374702138774309
396280476008095153
990071992783348510
1195577093324444841
623938034544038479
472216547869269384
20381887012048066
1829359522322442876
159515204376999716
374524808318683146
2261614139267898414
1258463562005121445
604095591263015424
154954277268574071
665057665962353363
1409083784181885989
1813999853017153299
1751944039450264521
2230574635651603802
1004328240604729435
858310063406754396
96013640950425406
1299012424182318219
194652031152854920
1257268210080265745
1566985484878633385
864581116703234348
410144341744407505
2002880554895019698
1260547308311244178
392934333405638670
2193026042563237992
30619445422010
926390286181978698
335449912397308186
1934429365884102292
1846906815764935033
500504034833612382
1222133612696703182
1487864125250512234
955063525583327523
349734352470346376
1103591374943526673
1031856128622750568
937723328096180910
721031458211053027
883627437117195246
1756789697687163621
1002829891758477873
176893055889125136
1436109050555663686
879352956384919917
1090137541554407506
242230601998375029
1365505629780032681
1538043619959932010
61749169231393531
877517267013118674
1375307513953878166
1525642516603490717
1505364617331085027
2256237870282894191
1376341377259719582
884339679521505055
1499516079827032699
1872758245567524795
308021095469241233
1356831273643899555
1828183490829581196
1166738244673532844
203372901691953691
467345781779053433
1322197741827709480
521382304586995210
380394922079797783
1682673329267143498
1625495591867294576
1682286738143815032
1658355994772072543
1223449044625242327
1426798938068536831
886203137759547245
420853091981809303
1525259929240846841
760513677596624583
219869843462200603
2278157450778379607
1270121969818245302
15072655615368101
3314503361657649
1387397545782591600
1323773408485788433
1955055254442387247
1157704058822576425
61658980852499724
876494153314185445
1167815042495689030
1665803968609305000
317898408298487292
775346509377535526
2050012564781386416
1834821957412748348
1163884462228547787
726170914209668977
1594756418731159931
1328958204346990616
1697825371560308601
1133676440951655714
956406652548285673
1464554789447835440
254763777359948680
1908228296363771807
1889298614419197828
1434326442554458101
2069071821177095795
1404604360558921348
1901751113493382242
964470347053846133
1164251465523928077
2265801889522858747
2096473333835493607
1764759696911021862
2248402927839039273
2019233453043117365
1590811060252911348
523995548231221013
1218811868793076641
2160570319381003200
441641230115197793
1292279298572168989
508788578626323653
130843191192321419
1499059873169429864
2209737845201970539
444371411557489754
2082512500306609723
1858457585999528021
225057208847776548
569301913745853759
1116484992916474099
355032509310033617
696742619286741438
59775996069453902
2039617011554971675
1583140590646113039
2149493100788906529
856652344304391580
1889794227383033378
396132798137838120
1879999541337525401
477306242801416284
1420535517245121732
1414000869179941625
1907610654904492607
1860274830712905276
1162060041245070781
1815757905720235933
1052647104902545359
258487539983532690
1996195476996177086
604088497738375095
1528644426463961863
1678688842142263199
1570163574160249562
277574531313894206
83019069672825945
2217697426151200409
517959108244593822
1437775821501273664
828911371176104391
1642444776473205519
2214582792817756289
2103439447230104438
1661778540953800782
894716622378317983
18770778270963456
333011553468161139
1157358955737268512
2143111494297942091
167560750864083457
663709649400588661
1072507757147655431
974659305780862642
232708117567678050
1595351723656854534
1039403934084019606
598782369990997172
1165697155983700468
995852313859897519
509041178164124879
975175068036937004
2177583077286232618
1346683019254182533
772311040980314963
702024007598944038
968654695074863498
731825503632999381
667396824953170002
2018833154014154643
829173159666746314
220555227898577092
1234860654156105403
1674029692955216479
364665897267574738
462394148524028025
2163097327749864122
2085860622858208305
2089274755952921787
1750899256528184499
358847582458011148
1654833757903245525
1332293915335500540
1163851289584308936
2275097859754088607
562383236974863473
968816822755702323
96516797962414737
2260258678095216100
1653281218722255763
2294786038744565933
1572561025819438683
1732816352319523797
875506442595851058
1074248110145599806
1862382991526660364
300096341619901412
1942233559256566114
1097099884476767028
1194672477662906845
1077248517027872294
973091882456237104
2011585290558764007
1226085539210812544
2214344529663403658
2076816747999831740
637701923076513177
2135611423754247470
179564623586815976
432207389974948651
2139411456512334008
1199834562413654339
97295826013327469
1931234062725255339
1197117929216221919
1898999602996943765
1064478016854371683
1228552736955852090
363957991437576714
359624687297593391
491639766824266337
2241963436915177215
29836176412611638
2213858595329075186
1154283989119009830
2257949442992026590
418302343087090972
764486753332243009
832513739713299107
420266217272295306
118894297847957620
360759132279930273
107309033782407500
1497913963977335040
1560188278641058081
945622134575630960
954449178397946671
586692313712549987
720216228206398910
286664718369828773
825562135290343267
422578532802232214
983817867626605210
1690274449118005652
741553026710723029
1023620333924510531
876524551780399760
703821065366200381
1486678561497499206
2185376861662916467
1854478927218595118
806592185105476448
1736183362176774151
1519878515614262942
1209567702829793569
1374841951345913077
689431760823034697
545669805342793552
1623220807658221369
569578105963103682
2133929562764813592
1004589274904084919
2122881777345235698
1859109355010900129
961319563410805489
713848634717679504
724958258952655663
1840539004370220955
622459354971127481
2288353017176117652
339180133043357162
1381567512061612713
1926998813384988970
1318505355474561787
536068787460412288
1286759056438390270
1719112155545082659
1962684250657175390
2154387112033977935
1818396454591000903
72788903478870819
1416738896315140109
1437054174725023605
2293814466313975323
1753874955358189348
1332548021726513244
1791409675098494176
1505559754986134420
2036270052661146836
515946328127592671
208143115027430895
573434404419147557
384116765673143128
742316864432937472
398506084812926026
974689776579216422
801019124809736837
1346641208462927857
986712025832078837
1953213987456349490
1121956381907963766
2136871055216717279
1154747042328435588
1617745850905565292
1294801535874451158
1369895463679557498
620910062522093567
1079961121136420168
1931535197266580840
1066557512690818896
2044331898700411568
70888092692091832
1315007093263771326
312429681601389185
379216635912696195
686893663563632802
1462305706294708808
1817628229627997813
263278897486999799
2250874199022854847
129195649814978282
953901187949726584
2096885123164724054
498603409835999063
985838828225622856
750471126635117752
1840617984571343895
116401606076790871
2158679425415862108
270589489772006505
1522098863170203617
508327025727168604
1835000143107122006
1346336217547714912
2212078275555433401
506947913623422225
2297919502359814263
959188469957413487
960566298831770911
2271284893490306557
1421415399966074675
845748543707050809
45812005522312664
468519032565863326
1624477055733418265
2136015106133314427
829557849562940120
1395887175670637216
1531424664372813560
878114510816795404
765808020406563291
1416547479495666850
1801426414318335575
1319032520070722369
450197326351742771
266381009035482201
1168311039017537648
1091864545526230679
635020670373883733
905443271933519053
1338411273968844457
1937710492468967798
2300143495627464799
2220321236417655220
2100893757823520416
1190194906397743132
1598363582436005010
2004360517206481017
1212122564738020372
1983973360353548341
966910112480295839
176870193272874048
1770407701528971793
1177290961925510774
1718780219304535805
1243807098322566073
1808221937923714328
2161392217028107073
323385927250343284
212014032201794732
462257038349523284
994885244850115556
223735394456369242
403160525211663297
1896500481208009432
2213807483207192938
1631114775631172209
353189721240725921
716883784715762877
1267828549838166817
447381578647544544
1064326000758060384
702561694042298996
1044655360426127479
629944737886254274
145731229770591781
66241517382408911
626530942897814371
2171602720887491368
1749116670217260073
1047800605329275039
2281959782715210903
2203495437545400997
41166551585501726
132134690170912179
1564581503430997552
50040991123673503
1835714934444551686
2035806099554180660
1768704774723809366
1858069201197740880
669920781147697046
1934611294297114178
835456524000472395
1697259755083818316
476363526099439966
2151325620318747653
260336726263430612
2176064850530779150
453245890853650298
568996178720865636
354728077137152813
565723551997606521
1391318168956059209
1993401318607364306
1553907094632049170
2294009876927952493
1156043002570306495
633965420284358356
1648028038630825146
1966966324355756062
2089274258440001273
1887039523226190061
784948601309535453
58170856691258994
1055339876112513513
800663196190478811
588140877814333356
2180047169918132018
1086538528049562779
1361758166076243042
1527370597469270735
1521624625648634407
1599385842983037507
1132490704774720060
1286958728403076126
824602688210782720
947229845553166792
1142491143032017638
731669422750987670
841902388888973433
1223054196973522934
1730158018800570790
2162316818163140014
1413177337107578052
2286321623896997254
249013226971556395
1932658602917844782
88612220789673804
1643039761741078460
1217674481951230930
2294508935114650776
378642117442757903
385881805525700213
1204591796090127865
1995553763725025664
1025144064978582378
637697361147012393
754282129256164385
2098629692765586636
407561626051954934
824297599140083075
138241793781146135
987686177488654156
798634418793778247
2197893037369482532
134844852044342792
1656184653494881850
1799001904710138887
400260574109820149
1110202276541725599
2032553239598314521
756634968439187400
463199611019603844
1596264283362921416
894698054127470510
2260642188770316742
1924580155098484645
2112489068638137783
1720463743930658691
1612027608795916394
1244990567961261062
1006032391111852751
1648874743167740335
1778551993877696700
2097499200893926543
1258903778843344354
1629595869201648482
1117201967530853541
779614329241155516
348507303522279012
1403351798553476607
468527238348626462
1174584000043324440
1984690469240931431
1394982605848186928
1065779829098948041
665740350394467302
58312792015104096
2148034938159361466
874468651207764586
298742920271302632
1827921509468489390
1062191939748377014
794687609172530068
1599323418682771906
1277550394305913902
262999557847136257
1276627449470405373
1617078742234825582
2202781383992718176
536805001279704723
1009369482086456371
907621253021498
343313632502234100
2057887000677692146
1637739793774716081
18138713927770036
474776980141877012
2073289729516191390
1728617023867054586
1635468761172694865
1377221508998140648
234710588393399295
219295215775041540
1558000405085711588
1474585604908694668
2001287855546625335
2066680145495440599
1670060591976413151
151820850693547354
1729957524663929871
62664352488643349
1990485350426447915
1112808409209388184
1716252949070163517
794045787655263955
711093295060374135
2173247273437167568
1000259347715020778
868103485535223483
1970045325379646435
106815906456124789
2016074442026465406
1858048159216706536
809782694317984965
961793611800297160
276326418267446642
245365630722662785
991748889697268998
368382355380528086
615635231415974993
1018252275560770636
1291967453874561405
1588944220001917691
1317162731022470716
1493305867880461729
261456137852350548
1134632759878736790
1279471092248291867
302765626886811150
562512606630056624
364586248920676603
547319087568334617
2128407547334038344
948372556669466887
399118134827941164
784038307109570140
1031772081310307166
385413123478464604
305449445071706064
196246940723379370
1273276647321196598
77459537493597284
1145949672167759318
1408737479263992445
1203925715657698913
2215877147862890209
114734634989230082
664029600502816864
1253553787026333326
220242857732206725
457331506495432395
79381672533293511
1557489966684771982
879686290819443651
1045142891071117455
1458882380601770812
326257454155248919
407350575480715907
135753213202903912
1549552951837715323
1819331899265371090
1029399459356190042
1131531609314141210
2041894394025843935
2121842917704955911
1279017062613651287
1085101806659988568
1727618783026125699
197480899100150870
642555852694663873
132465934833527736
623842736592767872
1698105117904995107
369454438277510942
67809066743002484
1693603994182671100
1145354727478350299
2226263947215755051
1505460236449284406
339700095101819917
2174253151631717745
2287529472766900131
1324284881762213479
251344986122913671
419756490122773807
220519555484161007
1882771626288697010
2117246104851890822
1656668961491889549
883821954603416083
1083120438256434201
1986453631664753845
638642127218697885
1168223450037172012
2243602433860835056
1892428831058351657
629930249524489235
1575526443401380138
1986077584564178583
570270790979694074
795757279929908817
549180331157809487
1929981464671955588
1393652662109491182
903010142211235415
2028562541223496823
1918919565436066666
242548054458700464
929127340890942467
80641913649606744
29904274701365075
2173019746505233616
1262086690727051287
498406551545377855
1510363383747362804
1334178138609331624
1956842141891992366
156827104622296432
555075962383043449
679693415212210198
1485612366995571356
897296093367225956
661424430374066195
832243230934827923
890835863146626129
458656945827905039
96575964908045272
1343013661846655249
33219943781088382
2204783862852683499
686434908379826916
1070302456454851607
195350053926746659
1137217042396140109
52405456978534509
1645380554943761607
2162140059195676031
1769758641390722041
685854499573454981
2271257915052532278
1633796082390753131
1697512527985731807
1521759227698155051
1462695955640216798
566260678534232387
573468709214655550
1193575862177093034
726784936691033278
383895051322322676
608084980631418563
1193860004520707043
1867843234591106248
296899417178031975
310318434029456824
1709721754097776495
881549436378373273
1576154292506373824
1055200510378251098
1596076562248219700
1370330697565903237
434071845779172271
32450555533692341
2105822778023829932
1496124279168890504
981223086800375261
2021214480678732472
67357619554961228
1079182457023449576
2021890117940937469
1456887741120803419
514778889252845310
759853819924555720
314993186439114005
1434891094405495229
1821600636544429504
839938594838877382
1129652280489004977
609435454304338056
207924789922160435
2004574116239994249
383632250603106310
778795548863044825
111233313317734005
698279342154517204
1873472700046058681
264370123432115451
412157608259204081
353425909355479416
281814804365480219
692197959688853904
247907803455236603
1597325909495353720
508841118003540975
45517024265160260
163909597608746553
1429357969169095087
421330375625455449
50011227578871500
1206764518197774160
950080088590515709
1064328949749718300
1816673391554054181
1343291714793999937
273049118078541864
423762943701428673
455640402254564097
1715141280706006857
1988518482456342698
923733741082644640
1645787498619712564
1432946954084505511
2236048608530548741
1004585101515061004
2009776333225237259
2011484818301176078
1870970209558185453
113822558898987770
220182198691076697
1120024497814715520
1454744096874045545
371138750930745300
2073780359632719551
371394462133362510
899789701008842471
619189594164473646
66670352491412617
997642419404640224
1979517757883155989
1160755341650588202
1794444228063859523
2104322072958990414
824717847849725052
1721690029740428295
1594184956762694291
2142928905394570188
22344050958698147
1786428409814005465
1942376929448948095
1604082513554433083
1934196742031393846
1317054615212128636
2065264969220688189
1704481006189012190
434738447148868523
1591088623398491073
426970964878695281
424946969831365796
1717256264104997615
1826984873103460226
1802572399494283435
1199766916432536187
2107669862668283124
2131886006569160490
1503482304607846555
428339401209114885
199049850365390555
2131259883214567763
1163010698835409965
1104396422806578790
734552122584933118
547298090327648200
1927191249398353889
1350416592911096829
25392864125497477
1446202530884007269
767662319089239130
409937957750698728
452842653447100382
1337737792601094737
519812541509170674
1683253354234339190
409228617668074286
1257982172963480293
1606424161084178154
757755573617851454
1449165027345176916
437045930469881196
909763859708783587
602554114707299602
28598720327553920
365037426393530764
919117894497784173
756863407754191253
1103043714274163934
1707403873771814612
244951595967342592
1310121781233040433
2276427785965527518
1253483504362767282
332192717359495051
2126544510878363809
1130154727528064336
1022014203008433499
434367420666980862
675349249501786917
359784790210615396
1399396537436165482
529968753985764941
100434291575379603
960005231566510674
1095498018881778045
2249905029918121682
446460038111588523
2072323168657054651
2292390486462781962
1243430369104081185
1215878460437167582
814352952463031468
1190702178000363296
2245191537298427457
162446161677381452
1023391927418317366
2012746464660641034
1202705765484664866
644499918515197145
1562864515646244710
2304166129694754705
1925475549525614312
129938728483596248
1395554987219516777
2228479094384197850
2004879813201325390
234235436506197323
543829596678555603
1731110946661934395
2137157250395283128
1071880394474809278
1596114560046066770
464553943844267899
1900349272630210494
743700942183202596
771076049748564524
1164791267584544425
1914792514188688117
1910872356055761862
487280096883946082
944091295826110315
445217638677937111
2171790635030188359
1894583105124295413
1291700924106825666
2260934775161379053
913527411053041776
1765027911745338448
388389030654435627
1462464810162578445
2107316620800044880
1126518086598680325
1972904892002647984
1999159152638682458
2193828184328640795
1874799814988425848
1853605592614131823
2300375740475229449
2282972544617206817
2118566926683501274
384699346168854314
1328924427419590914
796845262221010208
1897052943017185723
1359888017025996421
690837388769457111
1845732849101870721
1766605260097102963
285246489740235783
597484468679600194
181894092078331526
1078808449404792173
1516478299120820116
334528978596168379
1080808820797892232
2087118120289524476
999577088960275827
1407380101053351268
604797974666184359
403918547637645188
1968563714078954397
2222628685563278783
824536886325776155
686090553149546538
1852721731246569524
1833049367681480676
200872351857799613
811951292455683106
86083282501025893
101984824638569370
1624140554029357252
437716223122134738
1426950162233900007
903638476686994888
1936545147198688822
192310988390256201
867400676491436568
647912893727408357
1327044984991099334
1059907120111962613
367435531184820622
1717958103870028777
492964189090018748
1263951060924985783
1692432719363528856
446659839852039366
1479162056690952523
1437317911756089214
133848371523011710
1508420887323180658
402225102856711374
2232857158437048913
79478967468501300
772236629437058984
2106537822464442204
1568489664380235860
614773883831203877
296352853080275359
827844550333070762
2164037580899361455
465250064398289
701863452525988172
90275016420106838
188639264068472078
2093346764568181685
562453895414921891
1471718536478824406
1970002205023401494
1840334309062299997
810025731543539009
197340577184912577
888162525431203028
720620320196346293
1291706073943553241
2162818756917265350
720268124159163150
741421335329777213
1162588686485067832
1805002697256621352
266395431165233528
204677057070787988
1276394292253458715
1265855601298836186
824964063490822046
2179913531632539303
1636353219942871661
2261377349646182750
204036679331604131
2014683879622129335
532812576619860199
2191459878532210442
1420533279050004288
1730640115040300090
1590577644183786788
715197967875659963
1254577626612233981
1589475284443255840
2013974363857639607
1288319242500244234
34923430380250378
1064753946125979681
2542725587610648
784228769376511968
2109497250305789226
317352224362358265
970010025904615424
613201192820750022
1199094343639142903
1979053994734495288
57989771649277090
83600514857882826
1236972838169603582
278815574998648887
927053014268482549
1750552311367064974
725707659071385617
1234191181742965092
1748395177532026296
1260384488871483498
158968514234391158
818911381236236216
742319971628944564
627445149713223436
1328292518119175961
1233924362438217004
1465447552322528697
751526981384645389
1094392121698251647
1035192076304439048
2129889910550654079
1055600758072580964
1049027990717200177
1760156677226569110
412520231492798244
1739640464418823369
557822810708271012
309267573947117971
227895869557332544
236645115859671933
345786880306928731
312980642290361644
2253204034122536307
1609074936021342982
1463051415412896697
583311517724633025
2211524963278647072
2096766607983462745
1059166295688850665
1445284704786483649
197382152737669848
726892469770781615
1084217752893023213
1954732962247390508
1205107861924312985
237302683766615467
1063435558928057789
1322024990939952129
1423526025592154950
140562553883190384
11926966197665766
1439625215210592156
267457953598705794
2120925583487359714
1412160759617857745
1983553542230055380
2222017964466677559
203300621109559661
928218079552968468
1844320866558092423
1816974586175450065
764176550339406577
57791619762815468
739723899496053768
932201242183498055
1935855810712096271
520339337417377094
1480689594305652326
2068250552113243307
566941294821715124
1017200162121567949
2280721131140034461
2102069407572298848
1826427375012936582
2116972964167302659
532589712633021231
1790238766887023448
55242274575726675
2133440533680941750
820223656857484007
1385870460246432693
1105640882438746469
2293419531529942391
1385268253315805000
779775582260994978
2095119419029647619
1286989318025808829
357038389045179362
754305865519807344
1957707476157235670
216527471468860249
66289525146976433
403173334801058130
933811367643592583
2067970996771619696
1491478243316026201
2208834486732836737
529892263939233952
532723357649825857
1253919087612881107
555178482405340004
1688428957864866136
1201435382384965817
1662794242890489814
1659199746846438727
1633816834179645279
518210156818265189
674973135277186840
76212113241840699
1666912046723679191
1905391760447195854
2244056786825643087
1559903435521318345
1356720428611433215
2136807611928365843
1588131918037814621
794023093241851272
1950858956557047052
1457913338884005430
360812784566794607
1230226994227112916
1586479485514458331
728493043232356445
1279095089678984644
94287227672182996
1290552551384183281
1422459514496068586
649161777913438918
1837723625591279442
1224479108878175110
45162603977144824
425737000934864758
202551245301182381
1940950919293068599
302665262891182895
1039971961389683685
1397234781468352983
1724991842181071541
674368221283879916
1091079439222548834
1867453663316292920
961622866389325270
1667953577673439625
634818628343736767
629181632294098272
1474498566806844861
1637015076439858665
243241296684815609
1242570729628803502
2150120997607529932
1493477492581181566
1605155329155550716
904014415309325870
517241901713815953
256941773631408152
2186171134196731332
108631376204679751
729184671754294681
845037830200265831
637904766154574850
1494658968540268535
1089626533809776575
394360875877267462
1707291317442714066
1332671247454003310
204777177942011684
458125075413786492
976897468213085741
1566452353868949394
1512760561361368260
1391744135445712625
1627378880995088931
955078291777901526
1000550613418572228
1512722041686420674
557586753377703081
301916557289864059
1593351438325314070
254293518674130956
20204491287453360
2056787424647625581
832016820996570894
447674403688778339
1755031292277767123
1798294518786469474
1002646395802168281
1387847813634308272
84213003261126751
2036405466068746791
1175746288655438443
658152684605181908
1975074725516980657
1601174516430246503
536027732784822738
1222108735590290527
1937462581481127200
1402132684820669785
1182036367481333459
490704621198690301
1469598193967060196
1724475389898660726
1776427630045810945
759111455799738741
1433628241301442042
1523244123219072104
239312121914713142
1991563350780847490
1017162038880931601
1344719227412281580
352980374516400436
564139532331490373
1427468686138726930
339857479506558733
1470136603943198411
2002428671665302622
308189232870022934
401152475741332054
1031848000588286512
679608125537762801
705881269344028807
752346365874861856
680302887208018801
328405376763592031
1956760360193676443
1417949309109645896
2280236387684995040
584307144327267830
120294768815411018
1555044518502523834
2091993016235710165
2058292908234164148
1891551017337463912
1438600508532732843
2164176342050779298
938186859710619027
282465434436937718
761021168633952747
154780564090315035
815669157126103201
1373076755381703716
559604802768678967
1441099967240753543
295019324091783178
153546700533925860
467204149781625286
355898044050842366
1862973566040367221
736301074285735075
1543358014745991552
1024199545392309034
2019725368193444011
2054910594945935919
290575658915245184
1201052438435490877
827170125784367757
850060196078021372
2274929623851790975
1865002056509575918
1938013333081449522
1890038319084014393
2173812079144361203
34306353957213853
940701009019836981
2247753587189384734
709957968636285133
1864393633664403626
218732558574608024
1365465968198740094
936019469406701454
1538436077597069505
969800257150633334
152352927363273738
425032866020087071
495302639944089070
1144265867586079752
1608680726209231815
1114776406254262176
1274228930725246343
343911514415663287
1693735599868312840
1130771356340820030
1795395320181265988
1737204909275277775
1042635635189353023
1351370882478455998
404929773779477468
79629589284499076
475933372278084139
206068336309173075
2158858820090586661
1164152440391368217
1284643092092922411
1051169833497024911
2105347196334318441
831747239382299456
2164252667965032605
1682265565561088328
1636609240439908679
70731669053811553
2008932979958009288
97104049896019136
985799907133158416
1215321606495729302
1880310661088064339
557552059936022109
2261718605083485856
655091116480431283
418255246181969128
1106563327509999293
2292935021328094975
1622495683861270193
2226056518123315387
1430367483136645331
1110592124166507456
974184181017720912
436262971047481290
2133040368895344195
733006100812248075
943145779788788634
1067856563167186259
2059515681579602535
78867585798138692
136400392699962745
682604024438986287
327165281709248205
2170585624912114267
118365301559380365
1145449250822438287
1245582311719450748
704956946804922430
1788725284054380993
1486861514342538175
1005488167984526179
646529461293113381
1864421788650679280
1917531397130590903
898244373650238665
91919025726069601
2117152028962866234
993073079579672248
1915412926544901104
2229293778882584380
1493131864964351176
283210125513380661
1501455886120809779
2267468197009251562
2084699379608772297
585182592895663561
2003235620948240276
1033401294547050217
1826739518226601597
140740216004118940
1350620028365113301
1392503724499854188
752044469739221882
900868829170874095
1480160886785144747
29432320942781317
352382292384565763
1811742326093006010
381492885014336245
305659527269290609
1613775998602758689
1065514633024393212
766611523445467734
1985660998808588402
1339926495893921093
1334218053404843596
167207639237979004
448536722557655332
1981453148339145218
536494359482686170
448102622924426657
2077804526456779107
112417516431822091
654017981433560359
382859415677621211
1386144918614278455
1856183710803069341
801885000540989433
475249066048077541
154479082052113954
773884354201501419
1155056760907832616
419845033560536178
589551130750439082
1762796549714839070
225822688195640281
1688170051629415738
1833191193306257998
1054597043509989868
1595857175461109482
2087945835571606900
1768348202251608498
1095116661173036494
1581236485172342665
576215515779366185
1721149854561299933
2148265127561928443
1231691957149747711
2147660622452037046
2289847689797249334
2305501239769794332
771405290676822112
1746937436065732953
426804928899936213
592043162762444946
145079884789179646
62936558489635828
2093063937347849582
950303738438266495
626108111150226557
279490440565440631
1563984930856420936
139287993522431268
132943921031053103
2228018098825447887
422469628263927266
2214511316628971415
1925585413669686771
1827764549035732311
1642305155429945466
11241646904140810
1168973103377959888
1515759164827583108
1137807843596307408
1093929345442526985
1238728949276792334
702768560518596933
50865993082634276
122245611546759431
1792219792752033492
1034780749288009644
1461139347159737014
931382640000266230
2298731713586347920
2268138319267401379
1997492742052054366
192826757642694480
1906793728738548160
1343038586477266103
1121224835091890156
190387256932773896
1934174219700271907
125948616742267756
1523748542045418007
401235344522085502
695315214254270413
1426492676212348030
1815582445468295813
1853138207502418359
1730619303193115031
478987111750320409
1532049293976226164
811921942033512119
1188297363313093281
1438646717596022823
1445320400385872151
190313756673965751
1549567837863747402
953843302954778305
705017401593297294
942096684052951536
1634310745522303659
1569911058010062094
981561047951288418
164224549224357033
1118356492689122683
544976143656943934
2081280430295920573
320681614512372254
1326982993704427190
617037228983015106
2042562507584000692
2067044611574582066
1769411724582949183
421023597301434198
1653906936181818462
2042453232238764507
962894119439840672
1728697991663045549
2104538906626877927
1164813834026030475
472621756039199966
493650754684080900
702498515946377104
251174060296265294
264872369654242151
2059950112131990057
1089879304539642173
1838232011555788923
2202828486817741085
225236742340494267
853788761165792337
529076867485069698
1801694907618616282
763918806245418358
1779275130819049547
1897428121536277622
789335460965478350
10707604996233576
974509487389501652
570714684931000186
332934482515240163
1290101875751390553
1996831398309345300
710892476550422530
1713916634740459379
404138826014274140
820773580864972299
2217907239015718204
1385535342636824344
807600584439691562
1329516976584209922
2197976810157140122
193092980780625153
905580581424132560
1472444516174007547
1107601492225137182
1819322198223006156
904461670802218264
1459975931826935680
1712022103207943964
2002886542909284727
370460629021030161
1470698987940760202
235021936813881587
2117396538116647102
1303654770358498408
474563856683164637
1466283442860287755
1173446723815835595
779690736372946176
1295427991044863584
2074339498628452288
1118247493914469290
2240660372381384509
1529534058081666275
271347532807988127
1231519988438538899
1900805231444401977
1838077043481984923
1077550822816076648
2136649100617272899
718109467219439613
301472908726961190
2304444160392124938
1733373691705166736
2255356916861944353
431668389193072420
214556982457301463
1296322922287710932
97151125099770009
714439019955344302
1106826480970584268
2044212783130153962
353466362825067250
1087276377336303041
1425523337536251447
2254774596510834033
1185626828216122807
1286956319522528594
1312130616110570710
741154318667617549
1021601743038338216
1735515466109747227
673599273322856383
1042812469480568528
1030319827416139910
414773420503180334
1635973597216344117
1059284478132479211
1037829744929989998
1071381977978898317
2305643216588746349
689692890918922776
1257616119880560243
551079561283050156
902660379495102284
1879644620321227994
757574258781505838
1632829501113865697
406147384823696537
503077333868044592
271000812053217887
788177679039175011
688816076580543850
1901504101174434576
1494385479280070638
863243604892618840
385117531739178969
1642306544162084837
2093445146401059879
473456385001568439
347828737704562429
1544621175342209256
1098620322814102180
2078736038944754114
2270999495391227609
2085581831692708524
1901887634904872724
1049121988611479954
1084258563011558218
1894822606030525742
1423616466428318449
1059119441319944202
491022351099338987
1582541748612879260
650810185393570056
377134095362292222
1406830623174973330
311485216008310461
2147379162862050270
1072305703339475053
1128374900067775775
1394476485031814539
1765891029921227605
1659551652066190268
622790025845592138
1058391676148906356
952944602615350367
1635034511933248741
743216670791336037
645422044618524091
1599245937110814948
1423933330552151706
1509677001169715793
823292557586142689
754404946778395532
1126822353218530241
432847300795372411
1264582478283524678
1594667624062255713
1208762432503885069
73988874865328244
1650252865800681966
243005124490854781
587460987487871820
1193548421839065072
1195637172151035174
2221889134629568010
916819483755712799
511353692959580707
1962228220330172016
947242044504962406
1509334485369996921
625370748606640147
1063774739828582896
323950318969814681
1305262629747533091
20452470918677473
2223170189752889821
1339131710941467644
1008955078716033617
81179223410893447
585211148070637195
1967634977978594932
838201656255795958
4766061836226678
148938176636034802
120780535945288598
251193108587476671
901937051388658947
2006559234739273911
392233707194162463
1459472203562880342
2014146437938931708
849402368125589837
1444994877630577794
330775463580706989
1583411749341500193
797499224049149378
1246479548875061815
1091333100067321310
221503460757755180
1794278220263912281
1738069270066327158
644700639767040715
2144868566043074401
475797792260234854
1716079256655585528
1256453994782822095
1449513835763188126
280820736025665843
783346771077692385
763214392325858795
1249235931907920640
1359117491932189858
1807895304999003112
17758608839305309
452337487758366792
2124492948044588750
1774019395839732953
1531262070856350392
1962556504724379526
68735645096081480
1754734213599215390
780785669580461223
583303552602750966
930600507942294430
2087758835507449986
83755707373744519
1263088198907507313
1664936769040710630
69075897733183986
1119201110386136190
232593503480765026
2078251389853808093
425009987192309491
1714467597029252276
1828901054752390753
746470529556177509
687237109545382968
1008986931680054091
1351677155560784965
2100796740528076933
1904018106062783853
1856214881674692507
1599749666959330600
1479904252247251089
577067330010074580
663198161967042416
770718030553432601
1032051459560718539
557537999925473077
2165385977789374453
1458232298564799114
1612165188775033398
105987299842816666
1158274740675317979
46286817296214215
79562324667595407
1706194560896356292
1737490741568277982
2028844469805114555
1523344927759455696
1407394385312461721
1247557338870693455
155106807620358547
659998888852763014
1844906303814935123
2171609095915394836
562483792931350442
2032816871661333242
1601904911386663285
1894258926454842029
1926971493115976744
361871645623538812
870918609438796547
1166066446014890739
1053263486892125175
1484649851069934828
1458801168043622536
436438309013364783
1550240234258643325
216663238556153723
93627268346583013
729192079589574261
539134103478051349
722695359264509525
1303896005566833677
1249134867545427848
1085227407108981729
750158052036650398
1403442506379125836
657395964677674872
2028830678459495316
1184329881343046878
797345415015936474
1709961221217972131
42127519057924469
754784987972717137
551433883901334808
1833718049359128533
294452434256005312
433584009748604201
2295772442220353569
1488094397464628653
2029825873052172564
260904644059486554
1803427245215333594
1268813228721868878
1723153109943036209
334761929520895181
1480515168063456598
336567824303711042
223467221736836333
94842985583754832
1454377744865213460
2117628558578749472
1481519569020692061
2028763785728746563
2234497450297386244
555742888014512160
759936564558890548
1261640062951865079
795267122253205067
415771599944807343
2019280386571200986
1234971346836659732
1814800720042400789
1938963185669940942
182547330162213648
304096914769824268
344007857410169518
938715573874199968
767958487337534498
864105756117735611
250213463028016130
2247685474547180774
913849245563684176
23941127223316904
960067735548292811
1997343281117463427
630458874593175519
713419090587448675
816106095569671964
2028139291393264498
1597426625380637808
1904656880747301407
1642217946808539573
546491684465301478
892742185794068239
650043263881189279
515858153264089744
705531556282349524
571904505372772301
663883580266069556
1261908925647020405
2209384725717720826
750922203741616278
279040747198086478
1100033305642715579
912557530976290559
892118159785352243
2088387838838076153
1890669789847198286
1830757013795509781
1324917749240333098
957862632442348915
53336696403731665
2282096151881610385
368218031198359315
2143675207330554028
191251909949973222
1605113391609517630
478222406316499252
2092750618723503572
34164619831849370
1719898540536456575
333555483758207110
1120734293275715113
2073212651784261673
886338218755305971
1724096431018099902
1877130410209947360
46023674598500279
605321991120246523
1997610993177863871
1994816690155433960
1266179070087467672
1409061771161675655
2051331873832153767
494083543507998381
868871561963696092
1762339401112603136
745172685998956952
577403156986740385
1366082601218792972
1648593695837413377
1999701170863268191
335116270809342010
1345270035348849444
2256220345442534896
1172925723841034471
1634742728145915837
1552310848464548402
662073996815734382
79840575292802198
2059954142864058119
1886218256436325635
2198276821177852828
1562869442542165615
540676892094122012
1471947974305712107
755048092851379104
710467800977711330
1391424437603224141
787346038449659079
2036261858434237122
1179566962354087905
732692291542321840
2261041211599501386
576779680214148026
1172790197500885608
2021667704104227231
2023444895106129398
223535326061770153
676301987494890221
611581740041419792
833883713742658532
864394788606209973
1513691334372454913
1448454526964375226
93531053543046167
1055725640990781092
1302884815306740659
1800362465149704660
1911872671865591040
1466079574761000443
1202550518027656570
441254613462484118
1562337616193127896
2118573602273823339
413512299592726410
126203581299262426
1707265604577135535
1527921504023974988
172083935379558226
1211235191320504837
2164198710642022161
621572005276874493
1926671558714449996
920198062627417527
2103989245666265612
35425313344306411
1728248197094794975
1949083646754774074
1299859994843737581
1086350252950933005
328814881216659421
343321904620469333
715339553072204190
1616990366558507524
1707605664728438251
466481813095876254
1444052482433585807
1087099931787611387
1075259334017373808
1464103856969056045
702424504323244534
1602113704459395996
1558655992008305832
197352167710101043
857955049774610099
671091887587034491
189558970686545503
214663361201374438
90545516800172935
57227012232922482
275924301286211446
2069619418963166298
2003746889449302601
1977481759937326884
795167931198704507
116263355072158605
1404124175496864124
526922592346839889
1536531892946646728
1722837901915450334
1705837547763743353
97282621185652391
2225814877544244497
1854046243322569943
2020093035763440484
722719746976491865
1979473097425851668
545492906243009119
151740987319737232
289064998599822536
1380969027871705417
64970460077158241
337468334765476010
1489461762770615015
570201146657115611
2225341881938010911
1745737186187236365
1619699120095836504
116084354900274625
2260542065897279379
1991618397284372928
1301486862086927519
1542815742798816031
76314796851756275
239802972207369189
948508720379509239
1854206511211874386
2205656341711898730
581331703915520586
2090023716203166020
1817651184664158540
1039171384153301902
29313366973075688
567644376326949661
675714382959941075
1294210699920570144
2243108310300832144
160190023516297427
389313036108555131
1977228959021309021
953992398416481805
56247937309228536
1978701142063379003
789890657448575319
1616309131712314437
222750533432123193
2301380610973890813
366418291662055413
1674925887732650961
233445452512924562
1041842236137397316
2102732387580095855
2059799572721539284
1732115030007698673
358231936829555027
1285987596505490947
1804466088753226451
2127509134235457046
1881202298137218661
814919670783910744
126032683954115402
1090652092972420865
184285133762130012
858493434959316534
1339614170038741909
2102332450473604496
372230734664465199
302935430921911206
1212113864973117643
871235659412039719
862686181263509738
1871252628289386393
573747132141039243
1386208473179931904
1628166655193049780
614247251856003800
1674030258351111446
426130044601520573
987370114481781938
2047281161801466204
1159514739221195685
2293855218318745425
1497558189397562026
791420289880304233
202295314760714894
185713222862814138
2297595737637658515
940104458258584342
634128895218074118
2129626979344872623
743871771825337029
1448005808440313192
1282277508926233093
132576908033039877
1066081909172123422
1431035220401203485
485549247277783132
274700512783213588
306760528647466400
2170807867212498200
2126102337245668917
539016181863914050
1856053557738481865
2303541432198771787
396105305679145820
364189147785131084
1128084562872975034
476398113311646834
448664694726356733
2275439306702302106
1886266593747739587
1409097194334093337
15644710247643617
1039896401877565230
1073559502789814729
717712142910139548
2241786318635294846
2109105940210471513
1027833016015530362
2015793219773555599
1901865417520582673
1523009895834047986
1342140607277485378
765357579015248184
1703675436486450695
268064840258094049
2234082668169916850
2254019375966081194
1110394805840549271
865709705932749549
310212584146490281
993001622195342485
2227327368203075439
289957593475848221
1837140161424316735
1963198101436162920
2125137708403501352
1741954728398066346
1782356253026330050
85883386783658008
1878536573434349178
1885277411805916628
1644818627672132702
1156606140171549106
1006192380781088143
1958314719763038377
536178844653730025
2302458783017095316
402719797126386377
1342363227877966591
2108414940582304378
1944213849148212684
1613123261005273686
52373550364007487
1263152221436863688
1534760586984082095
662833777413692742
1398408313230941275
2052302472285204756
1479251589244163550
773625860768999956
946839361740786306
441735307257329129
1402957354849779441
11739274419713654
2278173206160101873
1304513699503389729
1125219083295945985
554710764126349224
341241666962339170
1486961039109313737
540374553811682582
1194555721739181111
1564084636424977461
738617371021813513
1492466141229445626
2279484694293892916
848348113449598852
702703713692780282
2171339987994712710
2304849135158290838
1255249646515623331
997727737015032041
1223467855069287228
347336853349961573
1164047428014143925
802961173472415418
1869826061592724951
1905566245884959177
1359001006135340077
1134584536801158571
1490831710040724883
229287947171088834
1500620196747071659
613511936487852787
1924560115832431376
1858879301737542256
1592829696651558854
1226398088775016674
2014517109240753567
1585839268306515801
1743181184467144474
1653874115055795885
2046374888928464759
971690993188889447
1788088654898485771
1530222288913020572
1506568210807987701
1479463716982144204
1414260470785425780
437335439533521768
566752239070096284
442035101239588485
191344614041509102
1318222709532760022
2137354520549593462
318542782961703527
838799887378488561
579402035713873597
624250743262310231
1531420695300587583
729981563013147564
1792866767732275760
1269931593988756576
1222884492368143443
240648237588549760
1523616111096070085
1242585483099811925
753566939873320462
790794751441757598
51112857223248076
8964116790802255
1715262057754999165
2088196367093148722
1979376101779909842
712612733203488927
866052422591593740
2305037993669835645
1258497027358497042
1737766235728115764
1594408322156330445
344475612034956334
1350449041601876156
181107028952596049
1666054839319083847
1486940109477111437
1216465700630029888
2224339385134407410
1832903703933587125
919983883077017509
275855983648988253
510400881386939093
325903082401526055
812038681857229483
240532402047095048
1025715098623547120
905113422467797906
324947581968734192
1823776197008527042
1300264072300054871
709486285228768513
2194025508910201912
2171179885084040664
1848930290611472985
136308509242380149
808351494236478722
36591846316768047
1454344087052811509
800616548862948347
1674490302076732421
449704892382387645
227899710403940090
2225119142575846151
132738517217514083
1827558578943141789
437605155104668685
1066215776510522909
1723169870676869072
1769836326676723649
1994455811068613751
1486436461901751925
1059701307004897622
1344366128735614808
236486213714132826
1576060894406820698
858949475420097964
102686434439394999
1838306752600666946
1625770549655107517
67562664497972191
1547867195154658412
1088166318533166511
1365353095568338522
1132169617589182229
2038814121321629349
171041267523302
1413073982309742125
1802815948647636699
1595531497443432269
568254120393498275
1294395639583306584
1838186624994601642
1730324973427575749
1870718619866876043
1408427900825957091
419550865313535374
92713962086465402
1272467646275002695
822356099740354297
2201235305331699774
1551290774916244150
2180718893281741787
269321043908966723
1198095529993958121
1748041530830549164
485448402980598140
46939222761631435
700287033492796997
1331082197768524499
1517456059463194782
1886465220945139814
1748442773390555506
1464124568299192461
1488389084266791800
1992500429871601163
1570724306907180090
1282940206745815001
128815279730305268
459963730303556918
2014380592188169809
2067420800547993348
1072612681303763786
637960291704439282
287308404366041865
1384357510925928847
1302650280450147575
753485070585318068
1194302983522501581
1223172554734780496
140387661357334613
890885855803585955
175158963417114894
2290443063112804658
1627253264939262972
892069127249893857
2057697383417346483
729421294308645890
1445203501045528264
128330892398063278
1241829614387185987
719096790367578888
1143081526726610822
1436105914318144476
207412514142575925
1676982094576376917
1550625305519259479
1407246489818996828
768511717791262731
196708967929983830
1114990021461087689
2218478237137673946
800931907618191017
334966329505496310
339487264173004656
201696792487972179
1389481843302323383
544778781076929149
1114544152091837464
497982275654964115
149557499834542842
2261304848237755766
2159435936227312143
742742765027936084
1535228486092718265
1146998976378445603
2278387637908200672
282333408555358750
550470283721502819
1284189903041316929
1511502218167457274
2106417188737360898
2015205345681239664
1368779450256714044
629663930364027237
2229638966055086064
1854665700786011727
1696453005793514133
1993764212913159479
998819609162849050
1650465996825223692
1959435292580330183
1097184369254312846
764357273599945718
361720257088361482
872319478749775840
944379428138706223
57375291449019695
1283073712477140386
223665624377524249
1205953722639115842
1234219213608620394
530234179273983004
1595155553007653206
2078866454565273906
880161850879776337
1675993145580755929
967952733945619728
2144182911827665654
1668597311378728641
1570359808027843098
302960952550859542
1149492647537269966
352089379275421727
74045288331381647
1372752886422555382
758644095425278462
403006468658565023
1040084725312771749
1387710765509843862
2170971018411295341
721720276429436389
154442968290994477
1160042563567946032
2213475798912315214
1102660579261290859
1851970247565315578
894818112182874955
850076005541710421
762765488941058318
973595498720433326
129667310506437519
571960868238657024
671033539280876454
1723228524948249673
1414450652384154762
877999892232144697
1773498828506385812
1884217275322618162
1299835366953129759
1312420363528589920
1072874798689525609
2082011288612453949
540017725222577492
1004335179949944650
1360426539201972930
1110695659497860253
1750583612063296750
399424496463139885
654657817446906548
1067334146910691033
2158341272350581279
207838753829731615
2173315004885109675
2136160055392840172
2062381343129826350
1574062499577920840
742974484839621110
1963612353322015356
283262188413476203
1919640427159525875
2052391639821408126
1404982885571975342
1941107989234444458
1637255615775473042
698475297946262244
134390275662335181
1202567229888804229
2179420871566607933
1326924536408673992
1148876459875071191
1006426963752272884
1232152559480505978
297109896157901877
396993340847258750
1983876204072884253
1408718832626090717
837695193882884813
370244633590031531
68606999617543008
965845781598614000
727816926471086195
1665049619412142347
76156021270195405
215437715897130323
249422970093106912
1349644674909398627
466827136434924738
780282016754681169
322855097686660462
743966693220484801
2283949999178417868
518442148005059047
1447887671561080243
979962691786475089
1861758961965204632
1913542398897980988
1432696444845859873
872163279479599429
1857630133100422019
242036658216948021
1343742877304922581
1990999984973107681
1792554400208465485
1621884416346513225
911592098652678449
220867090567418641
364479711125799019
36753881045008108
1318802025844135768
2287303842866982664
1495195675108749868
376476680749288603
931811149833201688
2193175790047617067
1343405311298340139
2030113984228768484
1868302807957422970
731388952812872175
584214409429378930
8025504500886668
1577909830329292323
1634038038860083990
1440258754836465525
1450298664440248521
1821097073131886944
943311557909326572
1731620252777250525
1779428527204676764
1310932782862472753
1395884612682935224
157063882046047780
813127565403796108
1512985182769417148
133712077968265610
1279949021911794721
378675855536154803
502877884037115152
1095161722825224904
1423253233760893955
1543803567761643308
1906522382702916451
562248483056504372
2180050721954993143
9480344343568241
1336842409965146810
533081421489542009
1949125731325876263
1158015761361217255
529214962728667077
1904575462996253271
1646340520528475608
1982785280669183245
229451302262675146
260620390291302091
1970274632282799067
1432426432508086974
236835658814991834
1030833583715066566
1518203987784220534
417338407660027650
1877416702647902621
213506793249343306
522576678055868600
1905509295496919652
1810559426781662719
2209402260893641310
430565328572887686
1856635571674130661
2290578868658823959
679047281103373089
1220579136822580467
2017385420565284987
64388411149932934
675799434254633938
246244874202225569
218571653954013476
1741609902753444259
900707204553185971
401045660653455149
1334668482397363236
475564563857469456
724832182993524858
2074366944024966220
2181421532623383902
596469866535248325
1739028462603532611
1062425756028924541
1138626327027080275
1148588084965031093
1370410319860610745
1648722558365383302
122613459375260853
1144773737532966523
1775921729472513292
1768849146221161605
1777845961692640665
1055436748673380236
232129464557251010
1361240394180177405
451847028161743703
1984643635730913675
1207552479729861810
1176573582554773432
40171747554422419
1023946946262821121
763455906458913203
1041493643560386761
1182686517276989158
2293884351529045508
1796007453870902594
1367174109593504204
1196799592644162865
672295318191516139
113941969162965177
776897594326109346
2015267557761145422
919983609971257020
108046090074070590
1286230349397520658
1288717647131890603
910653781241518427
778566007735506802
244718129271717888
274144759045792035
1141197234419670531
1222503583075782948
1061420885899647900
750727777353481874
1263823573552706230
442079946597429275
1678426863641721659
822387611369534221
1462628897405811784
901126224753179612
1530029278039805855
442003754357569591
2142069167975595312
2055872887773133245
2271071141071660675
1968941465974595505
1950622350901735424
2123068577508833546
1915808047541306025
300132286087424112
2248667740318869524
1529899596631054928
2265046595030736204
2096186499684928961
1145635414631897811
961510302622906725
1039180193677183338
1352357980443497551
848038355979661536
277787548251183172
714121751069875589
377950301244309904
98977887153595188
1816232292482723333
1792697680575575552
2292030837616661217
468602095330646361
1064061129770929582
101980020000125790
823427010017479148
1470884802304939822
1534646802731265148
2206822328967921179
1158214576103391547
581003509971936607
1186231624229545858
224344136581603266
1576848101777303322
918076489504290444
667597578807729403
175427691065675220
1450939443610341876
865714815623542361
223122231116240516
2209808093335872536
2192171934581052582
1271600356823329828
284904692355402492
464825223739973388
1604613648125184889
2150300886957445990
794752176062017453
1853139303330177151
141213896602336162
276993739823777156
460076063989111850
215934481296504714
1867300013239803091
316241863347710275
1144272465096209044
133015786914298197
1095596857492880715
32730430044211940
1292846170431054868
1999248067797901567
503387063349579811
270683438008510471
895206814826126365
1757624808297173141
216402494876354389
2079384384176162444
1696946301174204661
3345153764546303
1027274546378223947
1912518440552710170
852156521243563941
293516507751167583
1266000835925821886
940800304954886250
1626447212997466664
2226888047974799977
1654388562099925503
1805921628287507291
2177879441800512871
334208790643514177
1690602703665023579
71485667388909274
549759868480835357
2121444231958013472
2168841857484318359
2034169707119800077
601951124136568796
2225658304431330725
602735471479458830
1115472574505425679
2032347896087025104
80812714319710872
1122341836904125573
1975542535356776481
1050512180417211828
1910368017350464640
1785984945905867087
2104370065757779582
1308131766160774461
203728619749366298
1068440265124077367
897373715216543655
941241805047444545
1136169676273422077
1560483302373122189
1108575810238072052
2229187419231120446
1415355923897701797
876234257729100426
830379122897393038
539649979315471540
1476456948133139103
1485107509375523300
1312870125370741512
1658207795236264295
583484334912360563
715382913152146450
977277471946829347
1655426517927987981
269470405145249540
1526065828385559369
1355304529706759231
445861406235887056
453423131715985885
1454713151476184263
277135601566830197
1890784974796630094
649841295672679951
412710467291398286
1092935816934973947
51442579459750186
268742853825356875
839392855428442188
1891616413345653457
1387331039352856852
1815317925590391397
62866549704439805
1065785294321827703
1691459773160625267
1476373896108290395
263929387723635068
1729650965243283076
873823472542209525
248732863717497374
1147682014109963902
503106779725760185
666175472534033117
1187071700076121630
414463741175199977
494813187636769742
896158481415827698
701047097066491929
560447082256120242
1534845424708299682
321451790442921080
79336645493546680
2064774875276837533
1878795842972801322
613510302038013791
1863873107989302472
1895590310398036576
67637628170810593
1301247406484475468
965648027623546798
1391273616878371411
921480892287619085
681601704558426206
1779732353517725210
1188890411490950403
495233872633747206
2057977888458167704
263531015427841781
64382277971716298
458762992696927497
902483653404271111
1826510016992841524
1097745310375284450
259541109967116889
31018078625516568
1121021422204488330
1037767203775154860
404676571930068335
1722592390025899093
734283006888977195
1431946459822799911
1025970438053826011
2228703536129170267
629715903128188577
369652133817897211
1600310809043815147
1380804712934895401
567521949950560818
1646272073588150357
1553707852161547167
866687862739530938
1306901683287599463
942663315628264551
232337923969865543
1943651489269258849
1509137888443320438
1303479793421959585
1682852739141591371
1925961761874978114
659720657499900531
617231118426997365
1239575235942135741
1613832005176643429
669126225749381452
2304602603003060507
528474518405309492
492992802686623992
498159452100057470
861575629222564797
1006978044598875087
512477830522077679
2132178606586051223
62717290213753437
1199658801332448186
1210683038757034214
2065165255321737018
255832254270696148
1155473159605681348
2055456083637684570
2261908090484501008
1468000573832264713
440931724404125275
439899431401133352
197473489477488637
464902731043178318
23519679853998767
1672871285643642234
2120596345204713301
391386852781189267
956113606548220382
1341743418017716200
1678257415016892558
2115614210726877783
734856890270314390
256675109025888577
1156748671313574608
25042876457709887
1305489744787431833
2037312454630767217
990707601065610742
60390302094900267
1289307901326648505
276314876177075144
176512975423690958
1540480916977144830
1875358018787879051
725905765892136123
1050608147465413436
597586584087765071
452803013231523739
2059540968482443445
698207700336020744
143691917415212072
2133346928035080291
890947155428006215
1773685224909622690
449716104463344716
262808317260247211
2004452735854927795
1462832012181278787
526806471802964445
2202443524145995934
960534040059281621
2205735092957103479
1798255530885291120
1575222773729301593
1020610313059512925
818148453200699966
1527858382792919395
1054561309207709892
1210556973420425798
1447553457602254691
853343494779197531
135318753727459645
213288625737546502
1767661510879654601
1512311501680982735
1689465589914777969
1829383135761226986
282053879353250537
1266495330486561290
38123177620192935
1292992784956991691
207291464454598091
1221080359599101084
866895818494486076
1652958459093812773
1473099165357080848
432626405961121059
2302133966172289487
197149185014181091
2056213071490770290
1352066039442321571
1567229493269178596
1176138337287455430
2039693197478577269
1099024454916184813
823010117944489673
1431169152001024007
732099644930389680
226393787263874397
738392810328402710
1474292275556496686
1405936768287091636
312066966249325249
1114512676963911625
522345334197411333
2171344198454753202
960964424016486962
1788610082577750164
1129555060365374604
1798077436437598211
215068167929687846
1196741951090624897
184895478603423979
390038132836418287
1070334263245473667
2114844301535781965
2119189045473248303
120185459787818138
2026371915823212206
270908085214864535
324313799665563830
2039547958792357972
1838680653760452538
1491162940118424221
336338060888232096
1678310264397641711
1858645987634391684
1887065424559587606
1097988105621556352
431917124234973443
1706305235642839815
2115847505453047823
477883010163156580
795097534498715650
2008300558647742049
2294570004596241145
348549893769278800
1217311901203104957
911199558108648146
337686016008669616
917529306107689368
2263400979646087201
1521763249243911605
2237632846026646
1806538366640948444
2114610831248303318
627170467316474193
1901987111644872863
945813743256659969
740222656560125335
803495749487600726
1212329220858246747
937462448233777864
283581655486317661
50039714248672556
193971855609388661
551861513494049681
994713794665734465
582596555469197161
1166218599281956758
1946731213070606481
1552058012521451933
158349276315716529
625667763199277260
5147408870111938
1021847118406082948
1939986249384408579
889503195767349801
2275349950885437735
1157603839094400315
447563982446006506
1220212677554272730
774436772144526582
168373004355414823
978027764825114266
860549448679777272
11725262487627674
2035711003556727673
931102926632934719
1710960306729768431
2251408152585907000
2254319225230348334
1645710264728467803
2153412581382223806
1945688155262212606
287210814203053858
228776056548242539
1621723085105634598
2135334733609476964
504736440665859316
1891057015532132056
913154990193195171
610794114409561117
53187049045059437
948457775412642463
505357580543193617
1020771223810177404
2011811094623214267
1216903871942190023
2039413698278678111
1183180280939271237
1466975702008854805
1491915270436162218
2147162541084631510
1682958537967135277
2262620464386108817
2284666215972603763
306666313522451337
2147007288246687048
1881821734419163045
79359775992195914
1387888270034026
1632431907307709763
1181346951090756217
2025739739524013676
118183121218871979
268159679727803544
1226900591604166024
1058741832541514908
468043343174304453
1165570315885324804
1424504547474885525
332053969802093062
2261875043058624429
109984196687509240
1108775332783920426
1958426854687798582
429015292470258422
2104629584828665900
346463451933507845
125607091589559975
1120616165628664693
983167378849396241
773486302734687660
1344373473617196702
1046239518569364939
121443889681079697
1711822681914524837
1539559272221782359
1900988669302085098
1443335648005634398
1561245423844423966
762290162891126142
1167442774549768481
203070310977004
739700583189085325
504698725726065535
1758072666362219164
555527526997182205
1299422032995104358
1148058564474107621
619411934454858331
1447266386747381902
645649997502949476
26552218598741253
660474399208979725
834627322900264945
981125338152567433
2265259950772816424
599370392361665250
1378548136123724180
359133590913316555
897177828654911280
323636961542588581
744688714002781708
670761461935436734
697367854282767402
2215813061060610334
459582422848227357
2209765405571028045
2131743090822828889
1069774145389579335
429341446432117519
80974200202115991
2007847295457560967
360636778761343051
2166779664904791499
664220198180988723
97640217981228088
624456410259927172
2031413654963243961
664621954295818180
145253443808533706
1570900679221409118
689815988491235874
1578305240049941616
1562873524510754737
590752157217631983
889679112680347961
933678860530382114
712453654316571646
801198136437646293
263367824935920901
1605556510185428936
86252470225693969
1492660140035231182
306498806931836942
1981659269815057335
254000462515238180
52351945774490755
918129505429898519
358726375699905921
639326161124190487
1035638388061525789
1735711670366627663
168575915073278391
1249443454997505606
1611792651906859254
1436508963093953677
1982832574695712819
541874034668468706
7038361507698014
824821692036030603
2109697231110542059
2114174368715302534
384206326409637826
2296881411596696692
1005708005396919526
899708126079760872
306267308839331712
39458076593808204
1816167259569702681
1295351403278448386
1465859090178860084
2247022439580470910
294146834020068845
1181025507877817178
795031137005113931
1851908347242350325
121779651894246741
512133113368164299
2095185229261344841
665169746334265816
28595286591758484
644234725844531263
791138555461853827
1481711233172116490
1636433572683081104
727822042396179139
1600209533370853399
421290465810909758
2080540190384702755
696756513960804557
3784151510912242
1817716060633240971
461623499542586729
556553554218349796
353511206777728724
1612015255996462667
2226645990355633036
1235342604468173607
1091962338280854964
763719554645076031
1442478551638885364
45257480709308872
1456223008896206757
1083276536730225109
1833382362261527278
220792808157548621
1979567735929240886
803873247149494329
1475498472803651674
7686007368608307
1626436643628378518
726127417857749630
1288436874924833475
2277531441693244450
253502444966727033
606257085798166064
123097855953503717
1058378827530342076
385191244393888891
1550091781255405076
2063013178996621934
39812193486656707
542768260795764774
1760899209621601565
1736747515019340084
1993961031652995702
192774189729041353
913578508746323942
2027945223277487582
370500073640532167
1866754434768924193
795317847381553419
617259102249023003
2113503731197374889
1808723368583355815
378236810550700398
1046869004818953706
554858194417022204
1131976777786870302
2122225143637581893
949896005832857869
1486368698742415666
754664435414185829
859544351227625703
999056384030101235
577565910018812523
148676774306238662
963417507465026573
258844473281227418
114674443627800697
1694773892578610439
321672586910713166
1046410269719057336
1807693850093375648
2081088005152930305
1856924533400607572
658736616077908814
1803873399988818650
1466753554454671994
2305618975972883558
489682934458706863
1679743567849743327
1383331385805058911
1621970666819758913
489308120584249960
1959642926777951764
1566336865999460314
230484234680689974
130197729742257613
2114752210409711966
1136624403497893033
1168766238410353986
1617734942043326406
1716771269806285165
108793323626488425
2292868212070851134
857778032585691943
1381539718361455129
238554211329528595
1959507417149188297
1511033994323123595
1959188003525612177
953230660336663865
254739892092542232
819573203544043193
735732828365247686
738914472862143857
2147897271132448933
371564080854418458
172184090415685934
2090701111019299980
1838801638682772374
1075425840486794136
3032706903241986
938874721183809694
1315743140779799191
1002778131947450352
1341974743919415330
1521601270016081351
1194691375580221074
1852595115975363110
195081607139867609
499911100486066059
1715689423901426749
2056448973304990521
1752423909249148475
2192628039985577904
866609291014529915
47884601928674664
1280224136416430351
292856553886678796
554714706834143285
1094877567069050082
727816086855006974
741708046223825440
1058763469289867312
1765383835520446191
1588867639278573725
1312717231747070155
618998157188619845
218324846226281899
222158094292502622
404574876794936454
1379014468791995489
56523001197811850
453030948107238144
1273378905877639650
1391441263375604186
28803353003430154
2170067980633279223
1661044870392755616
1366275299789340346
1667541243935156212
642589070131743363
349272231979403299
1574076498036549112
63612680029936245
119827060750439783
1923399881740088653
2042325717621707651
714833408597062557
291023316997015627
457469225488925140
62270572452813441
2266044606263629739
95700725038681799
1579015873353544545
1895216152249341638
1271247518130451760
1946761358328278523
2135122680938600793
46612213028347901
1977811376130537867
1389120989961592443
1556570632254923045
1540072045455421365
1758458248383890779
1478374520814939440
1878221907147819105
993240240692650609
908940286816301593
663749750611947280
163382559296062665
1706385430765071667
843215245524229207
544797955314847323
1194899821759338895
1645479900141030947
1188521017585820403
1961205822190731736
2105457749499905010
1556066872479769321
960540957163676109
1117428548211761670
2060361822261298282
1292936339194271034
556390932108967693
644495297217461
373489931114951885
410405136690442347
918724420505349239
101306215121415962
52848323874145343
753284532043930468
1512924870506004264
2205184920910478110
703840078174111403
581070014881215240
1764889540919804287
362866761689069017
290540339172412454
229849933348883634
614972591840392611
308954744665289823
1912375435251269230
1491535726314607937
896954675620593497
937822139850864427
2193389566947653885
1308717864041050897
1086978487916080938
1053183285058958677
104877891717326095
1769940253175759087
1797903642121435908
1851038546398170029
1514596140747296037
1928352148918628745
183695976618180365
528598896495401791
1992970328711101254
862071159757277980
1991648721716448659
1149287627895825227
1315451607231014819
2018293157520137834
310178170993045706
1860191742564282689
707436841822516284
2116575700659257178
710867374714238268
1894282136573554826
731057559074551853
274398972160710707
1207496413420244386
1730266366969367733
2302546464804508277
1840621169926702277
73653657570893268
747994648458897122
414692248668286180
1308652730056279218
1546241033004693246
720031044947728164
1319385815610065704
1566087191986599702
412451543691127860
1125305191625931659
452279579996420780
396687936695964621
1621777129041399753
1231459356639018477
2288140374504756457
1582953410363699765
2269807837792723074
542704828867185367
768510666403865338
1957003027372033733
1091274755718731502
1341530849995136267
1456024002828539949
471079002684316626
1701065273246819628
1943042639826107264
574355877278859571
1202285899175009211
346355909229481516
1373818163448674761
1615217274085666977
392446153388449907
1162287220573318476
91672881389132534
169128383258712616
1628665729435108887
597811197123234051
1980301624276141830
1271811887609733071
2241372765274256548
1748230540076057862
1429128083443333301
2098214966472789821
1382916836571501639
566426331291442906
2161677655907162199
2133105872390033055
1546568668897853666
437389118212146383
1712204872808432098
1736087334158469047
1169033313856146137
2138352047086638379
304677308130390442
184462021519389200
315030074624179183
2220159518286300280
2096366758273782238
352507699128654450
209953839939011242
1442118789375012010
2266077934449580344
1288494038951215059
189350650713993437
513826584892706289
767853582802733916
2215024597844619814
556433830667983856
85530246889118556
2276289998245672297
1046654154330720081
2299411155012116962
1732489659739624290
1526288992083253334
714757151023399446
8956753825798682
879078300011958491
1612798094154038842
1543044543806905386
2266326041592223550
32470125746291255
2076783272133651644
576320646424316250
1685243258988758351
620176120979914277
1753351165324690005
1585428327080279291
1834294711819824866
1409414196223388345
651797223132450962
2217380785507148449
1944150991960652041
2223637454903674715
1437905995395352627
682772675332438905
187350718808025536
1012759188167973032
1145202708075204371
1617702892446129870
563640011044081466
2175991039513909397
1572482736040684361
1428849427707609003
214539859786829543
1615499913391501000
513234075515221934
1467074903456379384
1497828531389652378
58857393937819830
1304943473840702362
457724819725707258
1500875295084917387
358424371166665026
2189219513776083452
1105981782756014237
407157171940152564
70604256364602539
332100136521220646
1176110386993914147
1418416400836273196
238521637415199696
502841039219967484
671265522388632736
2032540928431688615
1272527278678684291
759160688616019735
360480814150230513
2172249730745253829
1099467678126317901
1094207109819664430
21419074945879599
1849645284312533995
1715210960899655531
1384059653471378950
527935366013550475
205264683397916110
1682050820354942736
2177913152734465759
476517149420622357
1543360010943975723
2047809946367774240
475929920628929729
1978192618610189349
706196701756682754
1276448602503717783
701612568517469794
677734914957949029
79221137479783709
116320095091310303
1762124849302604988
1405271129067339817
734090451950449188
1622614748341183821
1537775307608295022
393500352333593475
1729585641681646977
735457186920681909
1963264145383976149
1287772582682465985
2292950933853937845
1502448418220865236
860847772370328446
1119667813451518633
1272949391845812608
1604392452392940356
1075985117311264244
653828876821096096
747848041695515546
1109927616803476775
867040637400625587
1332560851476561497
1489678803538896156
144262717340645538
778066541604753174
723664518317972876
894497124166332660
868677679839368146
2005306555824734652
278346874623261800
499418942454109950
1966496718845876788
2035308004703392123
1298384298718339356
771091603930838066
1194174158953915819
2117153180245157041
1702823295102138799
398608879737959679
2162838448947460756
386570841682217862
2116884349444884653
1494108942297660138
369893617488959019
52777692562121325
1635820171233745909
1242693263894465665
258373957893133469
712676277520140277
2210917290248823381
1043845611971522686
750784795871935655
1564863713189030047
532471067334319714
1050458374974222584
146166115778325438
1129380658777513443
356931758099338258
1622275590135380520
1690553693324898687
81395186135860482
1651364290103334883
2084975773126337892
1209083301190253678
579156438169806323
2249506245779704976
2265670802348611790
1461237487960130285
1602232629540843159
2007292903595494194
1452791746745305910
266922553690439827
1849389792364331744
570975682687334948
1767948012350418024
1304784744394894378
1831896286574451486
995903018292808564
882410950650589736
329364737791519599
14878114645838251
2066543322724298132
1155429202728832795
2017230195178932322
141588189537683994
238853626710520052
1672193080963442320
926432442041354307
511039880913645126
2045477737553251867
100327678735403533
1115800991838302345
258821249337628486
1738183064976945357
2156374176333210321
1255607296143088126
2240939026866379954
676821547350599030
1605273047743506247
297669045678211174
427408339466340329
2014636834074931210
1896183390825274072
528923413056175702
1572036376636916867
614379904147425525
1719222809512637229
513687424555880242
1588466594197786843
1880763119257150975
1517923981657792542
975760557555084296
598506930476893788
864277043639681994
1306474356998265532
1268955553245115769
1389587330940277108
557803347612316654
1888247001015616169
1797409449729001319
766167384610506608
454845695612346498
1616421885480366303
1637695642517438577
1223691704247078838
1911172105038226349
35603559168356192
1598779920983705976
441690500189361060
2271831949440144594
713504637154663279
2009665155331016324
707890187888663447
37338484371669295
2147504844070107318
498479238218308002
1611302870635790428
1576689461010383336
886501325397667540
1202713225231541107
1063021940166444784
472456983657436924
849797526739969980
345803166146605950
97374135461065086
70733071747647409
557792563449347473
892109398278120725
412429670995439844
5453951445097335
1054094013034819638
2235676694631780380
2277270681753761034
229208272307494134
187383599628216737
841421890777740294
2075817533044609691
1605250142308407503
793376214743471633
1582971730555772589
351569599770115507
1440580000673595024
649972924113297477
568043428109101994
501493612510576471
1089631567748428142
374315332497402579
987229050330694097
383710757582276800
294076838943948129
1323608622223190435
477118404739417278
390903294726759101
1651046610200759357
2069539334303847558
1110004966926819450
1860083895152351608
492278585686858981
707031700327429958
2244055551347366599
1713531396492863623
923924227337321694
950536849100733977
667772025472080397
182339769850157312
183001277072849005
1440919178248991283
2305021575048227845
2065491124137563296
664285294179431685
511656248219466553
244558863951595187
168935974459487967
1504756608165927958
474439755879898893
504735325347042394
976089840084842042
530881025531424094
1061412510068490518
1283697744064510248
2122900647676563631
174420501673623712
407388591332114056
2270398738733524733
1844518330226242227
1554342649162799576
113092387271341276
1092681438684345526
805258804539569500
2227241175690324439
2003670881019354377
953602270771065299
1904479445699992834
1885661687046599178
1407717599355728791
499864557620618662
2304365576337538538
1971286937050665213
1575223866677203759
768973396692642833
2213143230468349733
649670240266570063
388059751355907924
1480579233297659129
570813804823972125
1460992265291679923
1515987835012901346
1769934342106422532
253741598019810002
797646938038721570
984599871786054896
1028528563775768463
350970701920399783
810909485620252409
119852544622765647
598738666842857925
2024977091635703800
254521255656634036
2047564439944145773
1723749432749478823
259947203612186615
831847876424076631
1744436270124316842
1805858520402384274
1216044862042481498
423054111176630889
1709227585217591810
2082386853043756252
300289383353459995
1036343311849707729
1001006718398432932
117439214115866423
1738991944830030774
1602016650156028768
173376453187608836
1865886231291709985
607211314620853611
1066717636059146189
1619848595315859753
1459292554189146069
1258103357472749860
1149925920755820135
2227263167546942119
1218069980932023775
862646779313655472
930211280371891828
1940256927569356892
1531687704090022183
1292392505150220699
598072314795992618
1842462719885602503
1308642866340169929
1286066745512126341
194497516862876932
608759602290131861
98318083394402389
474368965975817669
1354433305271289898
929740103390710268
128128428652135211
357594226016989031
436765580073052416
546703171339087899
820651269619207503
485956020883114166
1388378627635047116
1671163971420400905
123635529003065359
1127713691670129678
1198384357782779401
1753015678555787800
561705316540773545
756462994777066827
412202965670315093
1362419249690362945
1058338600884675026
1703471736599109708
1148193459506059493
1599394887552751764
37031532279646064
317443361595727549
714713871836187004
1919536083473075082
1517468288542081797
2115982957313582798
1853087540505148985
369036227698676866
374456565331105243
2189413414402161536
179166626236687776
979846627415401646
1453185711554705656
1608858886580364863
1393468866208298517
1886852409381048274
1182766242539960553
9788373869242343
2037216312321337893
1839990953993808771
1480262383356498662
695506786544899295
252303950922706696
166263079938773031
1940843190345753116
2083404488518020962
1717461177224971117
2181386272072352868
974033598210622660
1937887769718831026
459358145425865919
1986842947128651872
1348699168238934435
1394421513257973800
471042365761905748
333599679911498905
597758747497962197
1235085432156146809
67674898348630522
1629298762729996786
1720593467894969403
860192987153114470
1388891507729023989
1857634138148329679
771737051968379620
281981238301579420
1862494089169328233
1477269720570155168
1339397068648977778
1577438215404172602
535335087364599270
416999502040450129
2290679522050639939
713689635908309181
941520589928069074
645713929817744647
1379288536209916838
2213802741545783808
1002436998626252680
855409011208326716
124526926120644122
564859134174667877
964327050170798741
8307052453281953
51498892440425289
638579424548808267
541451737184241354
1561871424007908496
130854837224409587
681766222107884249
636428664194673994
2208602841492992732
1233728225714594127
1548554733609339155
861229694302852849
414781506448018000
1112267391499100198
406476223834374452
2261128359319047535
1117149802320008402
526584517843720776
2160710453403551646
2158239795281208809
746744897106007679
2214400885933201344
252169241147894369
1486123717233565945
1463960672415607207
1545240080123699317
241952004809960151
352627834213271479
1803357688386862444
2145604099205499940
1733532995199547958
932860251868973997
580884073415931996
1624882256246935004
37507652176776325
1935452403966400874
1449323987578842912
489171175931283020
1156805363969398542
1526018070781841677
1338556465571309906
1114006835098656302
1214068528567785641
8995738406792914
2148532321999174086
1426283613537835773
1856851248291964686
1721019933833065749
2089443057554008764
1814185788290849787
553198093256973129
270179042913547743
2189840553710964917
1732863378990423847
2135273888751156830
2186399194177201442
294975552906128454
1637121132362744365
1856809515745148478
306079545087149796
883232946906933494
330380778042394806
688268231392301505
125041102423278353
1673776918951932706
455916992309386397
554574919013725093
2165192210764785196
546909015751549333
1667804114797462443
2209495487260214571
297032688197749257
2097710691957744815
1641192122954653638
1790412512132799487
1761400281944743967
688251694993434539
1447470814291708098
1099825907106936677
1027081051341807667
1022586305002367556
1220566964871634568
2260903540372955362
456477748619889361
2000033064477219280
1531394186515949571
371916571351774019
828883053210693805
1163775921223611362
2014633955803815905
737037847461674073
1256167598002939107
1187462233852130026
1729120256641272588
854290336665334696
267854241675132760
1810123238925742592
53290356386945047
83958050070507403
758024640475103459
1790128234412703399
1144711815228777631
1743762744817400925
1458034685526598801
309270799221446058
1750964149689549492
1698074365808879814
1072674111892395288
831041039321900912
770949406868934094
527710011103065683
1121004042669726088
1902303816501848935
1047193418306002193
634831357005348611
837356153117788520
1554372135194880207
523261297435733717
532439121327482818
374721298304902851
1979920909882015751
1879478258031503426
1468622418595723680
175657367994475976
866638059287671212
253881621487312408
799876330413668308
1355032823939384459
1632006504273206968
366593000133569137
874918570526187862
292040920836071479
672658336225106560
1151375604733924230
1675191497733645686
375944611080601810
36127536767147500
1604899476509146911
289642421541722666
308771594032003316
431473280346041688
319049162021910760
1512509596426701142
12041246118592792
2009051140185887190
192164514434778922
1769291049930197309
298321971847392790
790879107766708917
2044187845877798813
748094724890654354
1276752097552274025
169721935719416130
578515399660412437
1987202780778444204
1275375144511530105
1154142172899838137
809495727801456263
1266689549473772497
1516934619701003192
796688825555017813
1268055794736624329
469316869348908771
1415649822369627022
1488507872816248282
707279955224014405
515706563361515470
2153632180323812536
901014804677998438
1950803499287844236
2058858505065796392
1599845375140499720
1715226142291616720
602950393038971561
1002107029649134574
143534609513742154
2190895284019064361
1187806832858646643
2011855750426147834
755102450293517604
885717011399695586
1817598404700045001
762942654310425133
1013301413295354016
1788481401972018785
1559514006659960039
2228074400331378196
531439266824004178
1495359977452575678
2131211666382263903
838613455456891502
557000991379909406
1853496073252205675
2248375623717239894
941365842208914195
701575890284076459
556254926867877999
1635017620066005368
2008198004312695777
929369830647501428
2039806975171409418
1285413863242447602
541746991463824039
401753485938934538
138327760738421777
53615022164859547
518528571977482048
1595158541111011585
58479687836243499
1626252235025288429
1449735818624660189
208261859801680480
2103688365256005048
173127368958973211
1052133983334978782
1960758939607487949
1055156609270892442
1889105091973191356
183711388168008116
884817503287288468
892189188622739058
131644625705519731
578997310060136625
1239579268425297184
1951572857212141503
1804038800904434790
2068112744746052049
2251878542807158971
1867133317716791481
956888251594673346
1165457215326695441
1441696769054064940
286789625807809159
1009358579670551088
2053768705912650716
1254248367937266629
1546559640432601642
2136356426878863979
403710897158946474
1916075074751183642
1063840763366161062
1612588285447228115
1705084722256989909
176626510219524190
191601539720778974
1594360803042883340
1988316045537690685
36568234909811940
1389907657219557523
1783039611250860845
469375288880125006
868592254028693432
2015283559706766507
2297674492953689692
1986402289099782278
839378377837423220
1841225052119654808
1263609106188628547
934597998496644501
1737510944187417479
2144072396507199723
642889593614686454
1160662496352966988
1928234234137900711
410266631750234462
1276735996288325458
250778276188565286
1112536814046607432
882217101661927468
1526792997323309453
363871202966440929
1182666227511939662
416490160650082858
1358946664310135068
672530843191956852
2155243396270638785
57618006366682746
767863993585353724
991190064403764315
1679270457292883768
353031046834635852
52289016090815316
1964024511146239702
730782944249830771
2192092760813978669
1397901600779862170
1507954576062477202
1584737464043896673
1495702868189481846
1565061029223610146
1802746301777194931
260682286905255423
600387825528549685
941729886910876841
1605898390044804908
2082665835001233815
1979988766370813330
1792026720329577753
1388951540601766926
494838995219331761
1125791041152060091
40044173871019462
298324412883711169
109774812473164078
58369783804543037
1874817306110941203
1253283208978859158
777342248578658932
2107245873024141083
965825948747664903
2212126323250686145
852168035892235465
1022462085897813403
473528585089884998
2289281152434053396
2301351393084975064
261259664945189517
1460303301861950681
2154237338203946305
2061202557466323705
1855942684303792305
1749126273085008932
1059853732687501462
1458448261810262595
441185295585874679
849974552329280769
1084598953517693341
234860886232059788
1372052781664270460
1976971229732835746
8688443499439961
394160006766569358
467853839147172096
813481463175700832
2060556752050597897
1658282004218755209
702287852041560182
411669145417479683
1046273564715700198
1463498269189856287
1725758947707154601
229905080474500851
1855648192391451781
1039780338246201885
2160195263697395159
787182981357754866
2002818247423782860
2060247501808196353
1263427710754168962
2023077892436041731
1755258492059545274
2297190262196159016
1645324836097228886
1027818522400316529
486219334065121947
1300873585940874892
2253013164132934204
417020758577885503
1752851735927472731
245617966954459316
29447426712690358
85975060876302480
188013356461083897
1277026018236932003
2216993043482658239
1530629085752085343
1855784494672328135
1880518421521211557
1873133526832881361
1359372018627431777
1438443785791193881
1270213570037006136
1184294275614606800
30975400783713672
37449838181064994
1583009403459373777
119442998484379423
2071929433909014849
1574199826349897337
1742323378923662076
240330296571212928
2016758171589447994
1231934251731921745
1852313014863894937
147646702422818777
2206899095825549876
516565604639434784
981677843121121819
2266024529981016460
1940422629022926763
57878107761922672
1434025302011201356
1334757863844008145
337280921116016368
1933262200488520018
302163619423296253
2058584936946291307
2220294818584674875
2201126211927445397
2136147371294636643
791688247316552763
1456017946814847036
348066879997239440
1386186372804732685
1553917742690798696
1147734982507237234
160730164796315924
1385079950510019855
1184749516050546895
378684702131574182
400768525800966247
1772284647608332659
1833027730570930751
2016060875792626682
1990573494263731019
284943309481093279
119250409357890787
1499508297873216085
97945109133598394
827153122427128960
2287548902579508162
825450150896211457
539972816665568641
1165228932096014121
946531917218067794
813781510118430268
1461061315877836188
925899943802695857
1546509153966328973
1100121404977667490
2153479999694614194
2141745869980466623
302322828686029685
67213153744556531
2128769652615577534
1797415533520601245
2211797117612408409
1983635504779561839
653303552742394511
2285194645632033091
940576943395855693
881293474371754254
766947401985980714
1964958567219559475
1743558183078518288
534705132796849831
519199252665658268
654769365084512946
523046048795065944
89213794299284301
2203434739971338149
1156814525542101129
1105597536317613335
152837007078974090
1933964935343012926
983066829122387328
674049730557331290
1202634279928062983
1902902289066009221
170720743794828749
1952574758549824319
548122778659813688
265680576544080565
823095818860171766
1539232447382251084
645898340887439270
2199209976459105270
1597874903956604781
62182574543014857
1355683393190307004
1767218050540669596
880945146979118886
2114836113063464110
1458708090771139764
1062491758204270649
199324520138578731
2041876396619871394
100209288036558298
1421971024655842831
980454434256730824
1203313136719783402
1780790314723659820
747879048059671804
1497446829382766282
774032364889587395
1957091109642154331
1546631926022766186
394702744969728807
1830775567132105478
1567249185084425041
2159659326961271426
2136053930503181889
879793167431301237
1468166761139353159
1378593177004234928
1635470961105447003
1491894609982108427
1688580221811923032
2159940005822147707
194413212823626859
928448763400861770
1129167864472758751
952167788455618620
460186962111350644
1762107684465549528
576126117283409466
1464923221119020970
38586929137631334
1812397422578343582
1494549749526372801
1489889029360643370
158167801348975195
1817053538976098865
1553848607302453724
990239253761534440
1969153097694195701
1643518432842999832
498596945596198933
2261421262671453980
243900363512803205
374318049561141053
1428355095882668872
1605592502244931673
1984042241659873548
348808522626006052
1071704574899470251
2200453035421064796
190889821273561733
1098321647342893947
1524758496713376191
2274535215009537344
2274809455382606964
1803699206796707664
1958907817787119859
1026242615990831305
2066625175975931773
34874636915291264
1545595563225842749
814338293605523270
2269617201382288968
1642852797027262412
1758932233407997797
1670150034969120943
615451398660039087
453161590573163888
1275481661628884768
2124416125610108827
242967942785339005
1358255308008468006
1975518594894396120
808454385226605370
1879282827642613388
1097341834580755255
914603150697763009
1205576053271909453
1075536437020014148
1134030898432068046
2295974516706403035
1523242183369900433
2229211090538930465
1581165797672312750
590807298641392655
1379733322691148118
1998715301108008671
1200964456372891542
1137141824309147387
769524404901206614
313666003871381569
1222721684972202367
1358890492091180654
1695967577282701409
1107377434334172357
990504746435188292
1004396876011126599
2080357177057520255
1530786235847989472
477199853675698870
1892623362746922471
1523625202565398625
1767519483794297204
345137584790765514
1306266584856655796
1076884033307137590
1994609267628485397
2098877522692197546
1078596627529891200
304468675694520352
1840516662785766054
2238029790297105887
1970396183962702242
484316744307011726
290344186272908966
2122546135954324297
908289372168941404
987525695590672204
325627438264204902
456825218657156913
919264855953954598
474410729309042700
265006385172248565
595226819771643206
1491197974865156101
1434079252611669305
2146110950635757687
1548776608024009267
1549505057706596735
444076049136446676
1822217653317793141
850101792643809989
1374143947584085175
986046423458091713
842712959591446135
1318279988679934651
555065737998024994
1862632505646677658
1010765237698820670
634506568787308885
573592268273353740
677401158473271179
394401670313256893
2199804456754635016
1579896286553391185
448990363029318528
2261181104897793191
990847851568203542
1118970133422508881
1169180775406036116
1407853105107575963
890148908396132869
327281314312244751
68856248881406450
181783293941060881
1638830287947275012
1255265279767794871
1097810136904527406
1227388218893671687
1666182520037205452
1986469179256224797
1637213581570112085
1495887221517542103
1405957114932085908
1943568587581449728
719583470915082801
1972843488070963808
434500139031736373
2151215476317013791
1543705023472203672
219584148278048968
1270369180434497129
1736183282046835741
736751014501930789
2105813924018809258
502766827457923893
410124554515513480
960942021241335596
1193747962635874395
615403691983828310
519343881008616055
440415199183343058
1928838885056328174
1183354284548920390
1260285430571198028
1831198877978137561
1491259850391671029
1836508354032248997
2056313853472724771
1130367425924397947
2203032734357455990
253093321396656303
1004278249118449904
206810469268335594
921012168777085885
1543628071560191383
654062143975261085
2098089786047118250
353541341104052217
1604653111851961713
134786996472800157
588100820296806865
1500955183449220364
464951865187475137
1460042759200088588
812184662401560901
662108652673322196
1623343647443925269
1197922640342212322
1933342371718622781
1060712929521378114
2198670120517433436
2181747308827363849
1304790582254896977
1712599495747591216
143830719205429105
2239430229824065490
1072850262094898926
552692714213136701
525562775784894848
1618757115452410597
1476473182114334374
1717289763576887220
701556069255023147
557582715301357276
1455277427550794387
2278461720837174926
98713791506631117
1984508928690230260
793370098580064269
990454360604705641
552872218742418783
983026652182685600
1292682206833784732
175178345655989365
61578277998345838
2242768246005376871
358584690131067995
1557686595588481609
1100709644345168188
1858541273593996536
454860603839182642
880487382040676498
2220937882798584204
1530243464940917280
2024085288963328920
1724761266074032012
1546562290381574377
1686717724584245279
454179832717373144
1067820339130471910
1491502960410996314
439650934446338322
354460360718004328
1589404716157116791
313578378521633317
1792462959185072535
1230158384044254786
63842955045608703
1920471445599756730
1124077274751567223
255438678020885368
1029211497926710886
138133737384390538
1156845353195208398
532012481220310535
2192340451298978670
11255421718419083
328912118524210458
812456850461908076
1623223143947060077
1277535482340517296
1342946716799549288
1358225463523839713
2126575594736441720
1278077051316828635
2050196002979923588
1678462158733365455
160561119514830804
1370344345834696222
2065717534125983973
293406654737617542
1092623451255196434
1262372602382259211
179739419958371087
1820418621826691584
1384018594774275534
1484785313809879434
1122154991906532418
2169522986690505279
871834587728743445
727173745335195471
2303626042519613471
414264455330202832
1351505198673139078
2165090714233338521
2285730470143761023
2176285010954628317
43443493095989415
1498863044712877962
28810429682142217
1654896848077017384
232662405534625731
625488950385686672
227340229798825643
850290225701706
1702824464271130427
1004866231716493280
373996140611451087
1478400675110299666
773098846698893714
488066708356901004
2262080390313923279
941747482155152413
2199654288117926709
206731195442525498
305119361301417119
316473536566745939
150818405228805995
1779421353553060238
251105512629983864
199308770161629308
489394749370752714
336487480035978578
79890082874010548
2458159013395785
93643300235571312
1667321546165881620
1270992757349233365
1097537284852112838
1204227174798606650
1900759831513377309
408710118654900886
2036796539921639147
1269783983632252945
850818506497640478
2114971329820949632
597251045628342575
181154415221398950
104507616504485349
1274210418021434746
1284615086679709535
1454849267081420256
1110569336813944655
758380250790428987
1854288425900699002
1459868710848002182
2185641013995082684
1604210401379302038
39565348183692938
723220277585703870
124756798963611259
364312654346404514
1011095653556869967
373450784141803942
1165801658996248743
2142349367586496019
909000425205477443
1375042777970332321
177696160505824224
1628043508716795661
1714281792448139734
2067976221969427357
196953716528032109
1451843431022404363
2147647782305999635
2302893315094366924
1754237248195175158
1853316294866445026
497732883606281861
837502725971737027
136380074082295188
60460511147136747
1018348871857028918
1717488589026579131
2194672604478387786
1704581467133021258
561864256035512685
942993077124826971
863753762499168846
1746483618965434864
1465313514683596248
382921441484857508
293706556843422386
1785108693667452543
2091843729371246314
1720866035188830053
2107955854143085291
905634881611242983
199425966053877058
2012302891796998099
1757784335270740332
1076790005199791896
582282572221907819
282549784136706349
1330287687396313332
506598597083527541
989500484342089088
622822303982649295
2027455585020019108
1270319453134327158
1679855211067988796
879663008145989772
607922176236982414
1799829507799772794
963972837531916192
579107947085738257
1226520820604196814
2021785094371817008
2099553870786430458
1584227668308464408
1516250633079679904
966949180592973348
667364301885957321
733719123341269383
704861320342476864
706786902529682807
2291631518262090603
472788939200053546
910556215879171445
74928987364091535
1249574304383764440
1071376832435342769
1387896770596312925
570500212700681601
2185072389584297343
858559760085537751
2132997590009895197
307342733974603902
412503095355434354
692203193656263227
1923305372401668199
1815971466224985996
748000638277252039
1473448087338240226
1944818705231389004
1613656435784058741
1570090000013368010
1598856628569340177
1078653906475703821
1828169335960204576
825125652085897900
1731402063820732408
520357110367018741
506450644119838596
2054966970057070130
568260811555609637
1093285690228101615
777340386179609463
327155399421272619
2146350962646682573
903493400658293772
164951407875189992
1248801929391103955
1503888479982097290
1904251995605024847
347750177588963836
804301376913721258
1477319836784535629
1754719647451383953
2154275198703428766
2143640806864912770
974650448238384477
999534751472705398
217630424643809092
1937682404073027510
673788887839654093
132014303961316665
1954972041705676939
1117036704526713503
250336640754194645
836703895155435743
315354923576118787
2076662866791016091
914622250155584121
1619775713100580240
1003350087981876303
350825352188112656
689619693211826154
1789183570988680537
1248685964104525687
1437965783459601268
2022460792055185280
876109206217662625
223848200465406871
1584811053507926884
1393088342652393459
323094514718951420
850634308871875987
870006332118578786
1917620096121911361
236286222091093565
2003132467931650374
998681366539108703
1675886910731216105
1201674722328158790
1492009983510174485
700236406105565871
1702451964284164467
1738612797320483994
216669834422224822
259104852027492497
143488567186293109
841860882543475976
2105543063758531122
1780673927996300852
789598223903874319
1706158939094389024
5044662208722688
2298816244584313680
738776920690328661
1337462670979793967
1532421801360007251
73979358406184340
570302996082855338
2167947296616453044
1733385467049904026
1721157458059186419
1824386801234385643
246814302651551170
1414041342803737269
1622652887482365859
542465581179906195
1422256528753706081
1358423550887907286
1912062023614912669
610718011132492345
469764314197349297
298081682049090182
1464033987032360396
1615940335577612584
212210759956342510
1024530854559967623
350651472397940998
1728875934557388162
348029901924718343
2094273249275140189
1070935185798672054
1562117436630526583
1279979403905038008
334213914761693042
587305111065198779
1204843121733187236
1942141417999070511
2045331189906346443
1911744566645093250
200436629653950365
990148165107765790
2204134631503776989
464633956503082834
1605783169426387093
1857232511155592598
744211645458529067
348978066862241114
1395927996326622977
2231541156225223766
1950005916072732208
400767637990936389
1714492123890819686
331231157669967347
779595671148098298
1027278080521781072
680170931720441336
173200937475351421
1472554612265969161
554288468610666004
167358766535927358
476189787552845288
2253238016190963764
663637587361640895
575341807642824817
1098293549451535156
272597089977064788
650394662436270412
1877228596654095487
1588626828882662753
2160206977862499212
2085080997459049726
1170766575270230032
1132716202138423908
943419129197958410
74979500184799662
573203402326307226
1922313652582867944
1078594178115601671
1260298244509977945
1668059028212295610
78956107169236989
1716297426916740241
2127153926328429260
1170253190970729936
1344937410660993725
1507394530243001246
1186701321998476661
518609314953393888
988154915034975826
654430743132001746
1624221011585670250
2144887941714811327
1694073673914919698
40124922033077428
2067289477760161682
1691594724586174264
1615223104575867902
2121343469401579288
161386449379132675
1862518130945815462
1402160284097437566
1810760582270393944
300973105253628564
1450743660758936225
962812665514847696
926832987197549050
541134959683754445
1509912281814320559
1598893389243835688
2012337194955738561
350870840012834442
2116805018911139104
947194246227104675
1108387094599571463
939971517000234727
650539878417214265
1957963772983859463
1731203059770408387
838493907060945361
1093702582668060096
1480643994386717094
859037570805862284
1736947836631338053
1221478437491629727
419810971459458720
1033457347084730749
1654796464210937471
303334594696003462
1057217257557924732
1868037563787271469
880758454714823772
733268226311116751
759924297857951343
1589090171084388871
1158341415071642155
837765506672055095
1549361808031999820
1970788547582491651
855687588674283805
311210403626073325
2213281989161840420
403803881582573856
271351753922678590
1986753826354449214
2104950628861885749
1501916342335495564
230855132003839227
500438599447898702
1425439011115765874
568775237847219720
1960095903273278894
245403951549389217
1761864342199281246
964115907816819494
2130446236888118166
2054829141158834498
2262669560031191480
1807120774154516075
348244674798076276
494002486505676478
1607332307493031655
1952509083929061681
310742577597104175
634306418101874603
414685569952194241
477390069459481592
269431393133143704
977328740168966460
1879444869686808974
602775535040518173
1923918327978831278
104525923690453562
757001568047511859
1943194656657268805
1760423285622540827
386131419075969913
1064555057557711975
153608474144558881
615962464539372693
612499931474952477
500188201425672539
1810668255175269969
857970888206661225
977495656320840567
1636021937358406299
181500270496421567
743519030698876558
1508756981329046564
590547975051485772
1194515727410064136
1367349694840603202
55626993255363420
1523715990794068634
2129313084271774613
590239337126897137
2036855310607672153
1178914006039503469
1062278850163623185
1032096167880362828
788560502328022329
2026796285437412643
959283891885943742
753355304672574155
621477306686353349
919311294296943871
662685844583034241
2165753219158152076
921154281713828241
364484489361127109
2110883759015601514
1380708945733515232
2283460984536756226
201546496905939452
1817916593196547345
117679512292024233
1116332018535589818
1320020216962452092
988586022751268693
53294324975135439
487003139799844678
1736146289043885
138765269662631647
117089897514294554
416910042830370063
1670130561011020554
1705679805070096976
624017414363256538
1665952831655588445
589682929272684041
1034532326855021228
1627323725217956016
1991137872237821640
1015030955906892495
2042988221071246108
621545766142955630
488687068393604961
1412233395258137318
1985609045522387431
1918501770999631295
2105874068782238236
129589125338083129
189404780076022278
1984775579433202021
957678415973070224
1033128987067615429
388043119896892824
506773969818374817
254817849899344855
2267921055156325347
1539477874142810362
696355093552556368
2225345909008375384
780163926893526437
1061752690388092765
743878211807160335
1952418309393544132
689901510284858432
1444491383329963286
2173699065961666962
2289490052814988943
1399168946966346358
1689648696489416936
315590227894432623
1668961359053737582
1240642276408263153
630077899667905031
844748277016512342
139394194605936993
1353444935561323372
364538944111969233
922777346057543121
2030107733631260395
940983636312199123
341571037674555518
962778820362472774
1068207969999295747
1881325736510487695
391783961221158084
1502637904387050576
1764239335482902484
2135537506857155247
1098127380504999735
1754491781875439557
812756790920062250
1680387490544374076
2304109832187995135
1942350035576660979
1685274449880718918
1689059246962907609
1981949448049682198
1175366169731635382
1101353712225318485
1724038981799830689
1483604506937016077
1464851635319711080
448874480124166273
740118848573749576
149495983344016050
1873040291502294122
1069023758307730582
1367593264500831557
3038805618819925
1076088594624912277
354814098930043641
201732917224103606
72989369335804977
309680579195285016
506411889662279992
2223056323276064635
2217484082282198232
1630172020582864859
456972692875424953
100926267254546546
2074447909849228864
1573525695697279172
2198856210567682759
1681424182067485512
2185731222467150146
513277311875448407
1960751534457627655
89439375708479631
135638890594348963
1766855937596257841
1643009561004361320
377423316876241896
1980344721538096913
1831553077122162875
735239760572307472
1414754890599066315
1874547372281444824
328269230902058791
1229752596700030594
1845717348840343207
1678566451728987453
564871840174522444
699149070614332073
1665527752854970037
1113370790736843072
44557561922968076
973273279578831756
119641907227183601
25121632325285163
818147393423257692
2275686582366563726
1206237009300416513
573159905187377773
291805252817351606
651480197744480567
1031127166023051762
1593293186505361571
765685243755773101
2011962436317881560
371457037740821716
1460939541366428144
2271794185413094820
1999418533990944492
560683212971601281
1531237705054578921
1823059794500929471
233086353627489414
668247382447484017
2192912781430002387
1445604431911370739
940079724749218255
1809928838680001874
404554580677200853
54083883235349139
1203956340678887581
1265260475801900119
678957382470426832
1897670847234761786
2302388391678232918
811687158025989995
77819776881694166
1777744431271712610
1287488677173807606
2152312394453583889
902552422054030412
2250496418758758680
488354295388598444
1825304138793900239
261636516564426648
1360663132126652977
2104065650994171296
348694643716425673
1837311590198763150
1277297686627464843
1447565874859293284
289403415600417746
311205052460178312
1594644948390842195
721815718063414765
1052502070315778237
836680405592867267
1813216964468202755
222534360040211574
1699135785661294574
2045890042489342833
715827756274263243
629241823301264329
794295030944788284
1882429072751445681
246262894177043913
891998242390211000
417900843560015520
2257800396421189120
1182094708709291766
1707136941359858241
1286815671815565821
1759515659437965367
1731294200099721043
2073917180804169831
780454889192183295
757290331064852673
1108839104495989772
367963411018259861
1534630330351613461
122436934237920897
830785564526325623
1235016373157132657
1147913830659768542
1539523166213410818
239708451952011865
1603604312027631562
654152149126119260
681215467755315061
1243686705118685228
1871081891610802500
239397225913216149
1809744783227641345
2152436984279382832
748693230213340560
931077901594307344
2294163515804819800
1636462105037177759
950232220907177922
812015554629342422
892387454985208181
264317977846916004
659705962994593089
1893887716372256601
406733333621431635
230440885057087537
1515666182727650956
60638206911964324
616473732537993077
426064181943104800
725797511158810193
1486552558909208652
1997739574973283056
2190228559184645201
463445863332874534
1114508422146739029
944319796976290482
1762991871169464885
1824582229404971792
879731703150926444
227626435395874211
846071308964281373
2116214981891869865
1973419898556728655
1857705481702961882
1115553432547516582
518587025369065655
1254437718409626969
293351892201477263
673036520584923071
2067586517375586109
507725973062045803
1498091438291912118
2163123080887577749
2255016710734307661
2246993715533354834
1237256817050980092
527357270909541374
2231665927215535082
1428642832986845091
2108105515668948756
1787847482584289367
125648844330170586
68978436415950807
1429977290278283442
1644749065824932483
991839684699831684
1292074494074687397
2049089375263733058
1541697607500945162
1969363831608270660
702892426357356107
269251812876819489
2221249752648949604
958034425049620843
2283130949846296032
2003479409031135087
2223488456539213894
1288462404492058411
2081799381608769583
724975699663886915
1028290136282019104
846684128195251647
1655954349042627810
1018852209388084909
2138341961681310850
64677294160552434
64679022370312181
259164983977792778
1409125915041471092
2261294448896248516
777479334831169337
956456202619289738
353437809792780148
1074066013775701361
1066014483305421519
1967271935024140660
1673850004856398237
510761006390271946
581693861838498936
1981861168229675353
1385905319234924645
1734791697786074808
2255767705447723961
2161137812032162367
363291233386951257
1568193564591145764
2272543267634240847
2160014931422056517
1689516275337471732
1896812927303480783
1938956791466674050
1871245858157559828
2015942618153172277
1637111312125899655
431921098858261406
815194973011135337
614852711870345318
1986804132356231170
53425657914395023
2286323062516798377
682398339502432132
2212077213350086007
521175177243847354
1242887053178403185
1930177303035665795
442609823244341538
878000724343253228
595883260192188867
423851780794770086
724133569486198054
411607114197960239
206385925448828393
697923193939281966
1677417948679022781
167063299761690718
867242104812745222
1218615514279733151
1546765456396568119
1622460342082899235
1524708911927959607
1186763783675429233
907008222678210112
1207263657280154732
1839451476360880872
2084494915352342439
1110028400479683851
1736638412212862830
435371158475791992
1325819383869880723
1824166676730959380
807835342493869932
1880503299871160139
1495195500808403219
994256220955062270
1888022918475613390
1642175484201782449
1264083551897952790
1364761283347358895
2172554815969585314
2099706383787636662
1966452826850843137
392984759000855975
2199871782862511870
2108736343680715132
1718774785499368547
593293831852567864
664465562765800785
1924464114480738746
1544273198983885967
828176442323843704
1481196640277049619
1814844551677675195
2230815164620058360
2194617475545258677
262370911914582493
979919063616280908
1975007150297214288
2276184630549282421
1067769383248880185
11412908147961225
917502828338927092
799135892677494154
1606721086262639835
886556922578312271
1976836618116306974
1372791650944063319
477567479178896750
1779167949158612062
1143705896772685878
2029622049672312236
749264253098226139
1584996251236864267
2292228194653141710
133036369517366587
1814232729910880889
769271068400086670
87495638450694394
507034830051583938
76639564408312371
1830273123773425819
2191200136325737306
843663014594039968
218692712482275817
486899204517923098
656818186647274948
1311475515767773834
841590786734500561
416852018592854917
450506554036741323
2015150796672763729
2100981357809074246
51305426819248500
2197854812205630787
349787420555027042
2000230902729052012
988469090990041589
585067186901719938
2251351278770522757
261146395517144011
1003176668708590519
408887940199081619
1070121580617387455
678897890944993169
1499592982486408439
479566158027441049
2229541846614739470
112134774301752852
1343486538874499134
1264589444340917471
1523629303353919564
2225482531906657184
2052882342039084441
1932759226672740552
1042512198844872424
1673711086390150277
2081179412985570031
995608728671266907
2182354924209518515
78311950896260377
1396242878175236348
703667503543741418
1009348696896653079
1670964041567805920
762943926910425286
1950269756934504288
1820278848522597910
421193790741683114
2080034380606673532
379492295137145871
919653996095218496
2032973816366148008
1740546125384685157
1786403102200906179
325171754030838590
89172246741554227
1268225662262043627
237425038253613985
680263557568726178
415739952787754458
1825018196100178513
1724179345027025897
471555576799684349
1575245341208240499
2065962703660908711
783810322184009949
1599505844808851728
380233452729264543
2175270884233530403
838715436770221738
1991145201867601263
370262006917932501
1297792474346337656
1755465027714313151
479514133370675403
733912465796348338
400234367825458413
430647278746766345
46670048135325474
1092151329981459514
1779907543065938532
800797393843800409
2178284813572302476
1128252010897798850
1811267058067267181
1265328747737354004
1320673194130711048
558662909092798749
2164005766801600234
651396201739940288
99803723261468688
1635832316702550530
504820333145133752
920820768071067353
565416447501290030
980261512573515476
1303656187136811576
770402678497351586
1504657514555795739
889752403367011433
865147745877577358
84314425820154185
409127649351708771
844928802869814692
864282408579309017
85280667903263658
1997525255792939209
217652532603300680
887806493464461468
1153384457302321755
1756803576712880707
1063343369844996777
1377892761870701570
544135494969333663
1284021388750023755
1269698573220428026
287387157165806100
572586273629691967
1711958327294277283
115812273194579372
1487950652498156605
879127499995957755
2052002235029682721
1642683101435993883
1479098063343246310
1568870751130856506
1337802806484973394
462191170000635325
1546653584155135453
1376502179177874430
2026340876248333103
1046926238764545996
198320974980593954
649676594596533325
711304505387480493
847249712957775389
553151225630353785
566382423056532184
575388718902709362
627218592754730224
1726187521104268699
828332894044574088
816090085830010860
127892378977946277
1970079299626046727
1346933845673117853
31181317582330122
1422007629636578443
2155479877645287376
949109788678582255
1929879232298438588
1918074597014413269
1680470953479289334
1637528862931024418
894839915211664740
1597763299706503841
1349902943559847638
1358051227331063193
1463405173810569206
1314825912004534035
3477553006129876
225517088001970257
964123960450184690
1504073942211692720
471565246375077756
638846173833714507
671221893490678882
3456481602460618
1339948918042020130
989952040926069382
2236777550368880595
609651799486181694
984228801897751771
1600406984252446717
761482266900107566
1026571454575321244
507642008387137577
1163933410589757692
1413246564639740194
1791863970003421402
315052561675870326
125544201525031122
1016617090107425989
447171031075916277
2294812775502862667
79442361755482137
1466392001939424942
468787976947999365
502168928558442600
1806493906107715937
1754528883537810188
994027812265578828
307085773392980453
1341174604816192157
436931817791365837
875332698738087684
1960937460199914319
1412789583793299832
603469839670578434
1699021599694114552
398910584899214874
2072614049578669006
846925398551186390
627119756057453772
16765359755967433
404953648833015801
682604706238564700
1392381719430208577
580500326986218705
1788435210713254492
447776158539915646
185668879144084853
2194256663945521189
882541247479269317
2221176923764368
2033012703150589888
1597337195623003224
2119599008719435663
2031259112738159176
1143940198068988925
1577565448001805730
1486328283333841580
1193411355465419213
1688296324290195024
1505323291396285729
872476401143561366
732136033506858983
1634428316477573579
2100201118525355513
1711964904788184555
1796983645539794517
87110351820028268
630435292580857582
1525512528852222372
975797476551319180
228676554269991064
679645419340297662
877698530208022980
1565954175677025105
1124124297982116055
1328893679379023406
269509634855946032
1438041600266348416
338133280021613597
777888311232471467
436491563944153810
1780984947491338269
1198276232634168875
1182843813697334383
1653931819959261203
1841951788337764143
1329726609971932897
2189436323692415238
1247992427327771802
1623951824113215603
694481960315180622
1956785859379777484
1600661751630072036
585934412793421348
700611860912500978
544621749201321976
690517061044119960
2190967310869593928
2277137150626628556
1713740820167430731
387261887627161569
1742471399159482089
1758680428313750041
1116637344000757795
694964786799945533
1416952225344565733
128145837362085478
2020628333068834487
2100487088883384692
1229364311817762350
1669224238068699193
2282447478141213162
1694221630638575232
1135184638373867953
821685791597195772
2271212842220384272
466697519469955555
589856339065939209
1375508592299182677
935267793868259254
2234528212881288547
1812503956425683088
562178057665614218
2139848231696880098
1340920001190487256
977870949937961687
1225844854626048900
1904679455394499067
1346101335080691627
317775380673052397
1138525428969552687
183145811876352296
2118353372876946580
93590053194927217
898697773888237620
998416366065955874
1531356183608508733
918427145273363999
4685024656042496
1135405537287741275
980712524195920397
1948241119682604661
618208130939096557
277195000839498475
2127599742289278331
2109289657463577190
1231293874635909383
1817538276006641247
619543055983866557
492337244647454064
661979390427551544
1682133345046211459
833604885400754308
1671859587045389664
360106715275392859
1704515094835585203
2015463479231211846
1182026578334165491
686112732442662813
1692923673201147116
281224006786645686
1640857055081845243
1090729985530610900
1535252123191065310
1211124939191390536
1192032018622421322
1019049083497804047
821470915672037815
37768045353129392
583246594111714960
670354743008795663
1126599609913221432
681567933400573425
1510747249013513735
1572107986329387565
492654627586081920
315014075186382302
790518432994490804
1774790538993035674
1234982840336292614
1387882420396758782
214057882627987078
784486668805636783
1695622484305111122
183851747888910779
2188150860118328476
1951034514095657909
380985395162451551
2175300459321599059
813589278326756568
1110497436863417542
1911047090635653715
1853396292119081674
1191122509521964918
767610066130075197
1415058850209544612
241907146495695253
1239473185116168083
1079511447037014955
1946493275759306654
506812588976273596
1817167332519053128
63765668420330784
1474364604268759158
2223134090223836311
2164891434027669346
1640481307551986418
1333551525093097745
1506750457549792250
2192073537462998413
190279830811638893
1364819894788232904
1141095907918161060
1514839018579719151
1024820814186709961
1210984679187316591
525423469481378046
2291579587393163315
960608047399931061
255473704100151490
1909915058451017782
2256585112409414557
1536319506993723670
910189462234469102
2271979992912573512
1689771126875274895
1765363545362614460
1795373623755590824
2275549184526362811
2285756552279561011
671353223099879543
1945739308779884099
1013357609158256741
1398878298131840176
2066505066684289819
537367236938258192
693498777711519606
254368895330376249
794432549684122374
127116167269807272
518620762517849873
906251875660651711
615429717993592074
732189403717244580
930834398521788272
1450907459545130077
492096654367918251
2106890937435728552
945565775256570583
892215585231417252
836397729812430124
2271524624987087728
2051687041603005927
2073396739477860463
411884071917882178
335476011158505342
30710907132451372
2272324480800882009
1922604549736213403
747016674253838748
1384848545998953042
2266098074288215302
1888112777819705403
702257907650085106
1741564943728269812
1830912285670629625
75694411235526029
1130304604097678004
1604026675840333476
958501418611458661
347089683398929915
1659798099056463317
1119391910255064345
1898073743733160801
2016925044381680782
1650404956782900569
1825740351145344861
230891116457316302
1063723205249006998
872103842331205627
2198630022983444037
2154795081366524754
2211842849796455739
1159959285504660644
1550537318719748379
1919313018552204499
1319757797304121075
1445943482535504734
1526352204684779582
1282977421187293489
1290290180508689510
1820037854813900876
2296540757019418698
1083049646378616635
481662358072682332
748796425862566243
1525251012350078781
90129384909445296
663165068837306684
1217702058013710308
1243946389638755090
713984073082386727
263404388501860666
2165948354278438008
2207316977481305369
816873564100831374
963168263682571994
95183149347223260
1664655912663265231
1404558929101426562
621699831946353385
1519878502590000121
1718396902791220306
680559286235551111
458390768174827069
398361732315090767
525802328763319612
338793765032252053
565455003626972833
385497327038891447
1781860592481131707
850845805984092162
2212109847230306335
1700057514357219617
707608090538265473
183843181078361100
592967715286987814
1999163722957397421
107624465078115500
2064458456532234043
141537876350323649
698140953733477333
2108183550673331341
395141794411650409
346442285678974678
1716179029719067728
1652651115442186276
23481424412685095
323634517057494538
615732939019785513
832793621624192379
2176608934930485807
2290277806562212718
589112951210932938
1674795734700310972
765954693528459554
441651279212701328
1269411795452125998
1326067146095249377
2094983938588419289
1608581506354129918
470301362829618617
706002607723692682
1527151326226308959
1152615246021494280
701029499255084994
840188163232865323
246946011845667963
416767570607038920
3433517901050872
1760511715598845660
410532727704904303
439208969534970256
1201222929889368880
1264854021098183990
349808614971654286
1249524891646622736
2094819251180111602
153362795447367509
2279873566693732900
805601086987291284
1375491524420182304
1616058650900099459
104399450754568176
1889093045115260244
1347651888870354670
1163173286250291078
2244012452235779789
2036393219101786806
1522460553039068006
2300157158115477323
1142881857301563954
1910420763185210334
1359059833045507663
720424903797331990
1769788937982590645
1937065216999012002
1625643359216467000
1129902714044916731
39740437438471880
2139421788315494974
1784331965656899387
2011471790936728927
842096643530010112
2185609853116667957
668366366933303647
1632001247285389081
2274086523872560477
1847219404562094785
837460045095844895
1500272127128089993
1722502667361830864
1927144364652217325
1260332662040622431
767477486871893239
1087029988842564152
237503356439192650
1045447550339257868
988471005940005080
702502418382160875
359451293452227269
1226205690240976397
776664593162944376
2284881229925180360
1043773509120232259
1090774089891871164
1524156343242539216
50549752782859881
351955511855444553
1642814217912560960
891452764823604174
781314226581888470
1801918829053208127
92166220624121460
681051479374565469
983925866867476817
1394915055182356922
2193342562385517754
1414481153673685144
1706824313417199612
743263283744207602
1112711715069725941
626258810395210647
1565549428540772898
1779830248680087383
1224467747328641153
1610773628056696380
1399579655320153759
2247762725077586316
1626839995610272027
11249973603337883
2149489814585839692
2257780692031958116
556918970649514531
895809883897926146
1118803202526501005
67817528157182313
629441063206345218
713320758642411160
2002558368089082623
2135324910398970934
904039393750265921
1221436989357591629
27917168753173461
1627888792854039719
1135367411899986424
1127109782606889143
120256323573430943
1465337011149940227
363586131854179428
1703139157491822132
1334889494940760683
440937262736476424
1772500483093539110
169498201290057520
1231659293789728987
419427343055360397
1656062465339604195
1486871546520026672
672527919447443859
949674128446660893
1320569450279981098
794900128680308753
1898303204936333255
1217015512751178782
1671342478542583343
442670212821939750
1114363017854323709
1349549672086864940
2188781948133430870
513427985172292458
640958305786639090
664661822477068618
440162548230710793
225273530923687246
196680898298302388
1701784717504899041
1030405939480324922
640831951182638014
2036303907794306428
132521706722558084
299156036401647098
752646901477761014
55570385600952135
804005522637037832
2100817638844415880
252460182787684587
1780525169102472619
986280154426832724
522680347482442283
1597359806745163867
654623922634248263
2221809607652232352
1223181714345648649
1603387320139493139
641664093091981923
2018180723729421366
334213777912761658
544875968439205440
2272922748985216208
1748854133628496899
192390423328153514
658030878129746896
307202086499253118
673026484454548057
1492875153461183153
1840014187304922683
1445656121363351337
15917518346147335
1066625087843495901
484508252297788543
1700464291222840708
2291002301597521494
1759938111108229046
778953967822931628
1087044182764339383
1170449594075599153
195419863074200821
1538673107436160822
1897822908302609299
1253283537416518284
1443325136294911498
651826266949159937
892792279370566334
1562827020037591448
24536254556543976
1817698240723398149
970264533181771721
575829907487285081
1753131283220881298
2030456706032305785
1139150622817853826
1042668492495282612
1502929483611846428
469967877960636406
33078576503325830
1311709921016379421
2245198305878312368
2146765900030580264
2163476204007460552
748145950753209305
1749961766064288322
2122557547554992684
1229253210019081833
1984646609302543304
1479106107679022800
985964192011877601
1951404776417071280
1838931456440363702
763120889105407220
1168985833566446930
589262927389410673
1333743971423391875
2246019600657691462
1468800159631123411
1099177969265227949
900875547167935416
1144159676344020063
199937049924510510
1402167810180148239
2153579844207003425
967516119993220691
2252412762937636468
308060489359467787
1387795212816452469
1405903745940331089
1714690530016636302
1630836790844608040
1873064375941646490
1402812215432707537
2239585832834695347
526643930930491330
1389503709655502325
978412604124831655
2075354922010602973
10781757908654198
714793933176788933
944032034168061126
1775716240873477816
112409258166703546
1139574686468519168
1191147747264610645
1173943912911428277
1450476582955483053
1537552845620445217
1792526941491511431
2245991971625337276
1384836406254325179
484609985302342826
2020034001498092617
1690673122679217718
631132292299481847
2009686758506712377
1052437853771322480
1682180809856775670
1019568063953409440
1638478169818360443
1588279201081205879
332153352241600917
662354794450812491
1369055312703880672
980478768082561696
1961447954131712417
1724535731734877776
1615255133469438646
1622229161144398331
640910687916187108
1607247745751302364
6619071182896911
747305971425596722
762624422764094306
2155812934959508568
446402902713438436
57991202266611418
357225305445022800
423604628831780595
1621101155165376916
2011227071480043851
997611339641476626
1815539431680613442
1271927334497431447
909490819664018797
881749567731919679
1059879908299243250
1437401972571070391
710248904787996761
672582610973283625
825162797274085807
876446933437108130
663523080513489854
1895705657344109338
550612784034715618
612822666574539671
1026203003677956636
798681804356178142
1262828338808998783
643925356345815953
125961211931428727
1910580333383034873
1958507779965118837
1245661212946316549
1153693766653355977
504670880483973856
1568127118833951477
705827413953230022
1889717510924303472
960254290050942689
1544159078132479910
1035901686969899805
499077274406735209
1492777205238834113
2240793515057885151
1715962257415929633
746229487427719059
1821286067219686539
1264999993860369247
1499752305440609964
2056265845418762411
1151599530958541
120753485666060616
1540644879920968100
184891620597947070
1727882661995903634
2130777529677698448
657078137970441921
232279730007639179
1243542310512367173
2043830239873904135
86043519554325851
1298076840632153189
2170507273870019211
2093712539238258474
1173678029108230830
992770170161598414
1627172971082227138
1724881688985770528
343808081481016023
1893066025444170174
1013759743146638570
553159863876772038
296945223822525456
9429157766688157
7661074722764692
576015669441241560
2099756829106541479
44848316347607957
265716725253900848
232412936706495098
1021368613874498044
55218133299541848
292926331963000047
230927989741544026
809819534290190893
2105438036141069588
1911072514538572320
833425308324236607
1790493047947084748
1924563664856547154
1320494638783879811
352151117579388529
886086141518074763
1645317935939722012
588064085434927555
169529625529103330
384150442135013095
1456928035874378472
995975382243488633
1587061965935702595
1333796292297847965
1296875479743179737
1771841396053562066
534222891547440515
138651035001644731
658246688030596045
985428575054681848
553332415573327814
25264771020202236
1060728271648518656
1801125250018308445
1531031854627466193
1883667316259542053
1664418901560574706
337451056970375029
81038690429201413
738009756715098783
2039422511313428375
1583315579627205948
2048702800070375349
393471189341366618
1875741762643592636
805928091494622602
2261477452800854173
1951143297606184703
1478294658674310563
2167892534311764250
524826613521651467
1606803436583548793
2276745438126862571
534845568847336133
1595777423234268247
1823818902764570032
1562305533384788063
431559988320578817
1787754620154984001
1200739694456722147
29152349904938319
80022095900000376
2026523013742113568
69148055493176725
698492415063817800
1189196051943726208
774393379986563940
367950585082717310
1699123631424672195
803311812276001815
2303675527989197263
518063907837412532
1762259090989625611
1157090694777571506
680991685720620674
21813867485970679
630446352011023458
934303923487862071
1871464570188190130
1481394946334681748
2281228051456599435
2186327481604274153
800928254507092850
288111924802312870
313258366711526981
350759156164293221
1715105679376211201
1274465065094092126
1986074747352219442
1990819192349794232
590208071385269678
533614988588745834
1237389790254712666
2163147273426288556
1122778518069454223
1024876437606094837
2011290934502970089
1428965451974012714
84117796224096439
1219444454548684126
977454650915698875
1497910048153094456
1759442321998968394
2049942754011613734
551905467576506103
606475471031891406
2015238327341568829
10842555051577644
383995016262764663
1375755847658354679
772398140873941087
10987689927413491
98558472957361918
2199653940216764139
1480774503372200173
406037274488210265
341094559924552960
2150315685653697100
135293427325188623
1576838027087223767
1830108328119170968
35991439759727895
1646799117508627748
462347679406744417
1196308837250761108
542839592441112043
1169056697364656759
1512293974709331291
1627968678104866560
2144907106920178444
1046314646746340044
2161093519460075991
1917581030885240622
972961624762915680
1693390370977078502
2070104860509520728
89528373445203694
834691235966857828
1544198957008815688
1069332437455491610
1786074813721192592
1035055009026864523
410555620541173951
665587190448625921
157610027514841419
1971267250328332543
1546221108536325868
1296096395590726622
840752440571447749
184853251624589532
1163683651101248566
1034571586434820334
1484750426409101098
1379838129146360102
2045912393357291179
1885043139652950549
1730889808801007319
824297599711508990
372125577865034801
192291763778207395
383171958284292788
1146932578563577758
1700306069682247793
765674768942577484
1474748310569880136
1739990262535798332
866389473412624127
1654524719518043055
2250997404066058534
2156798681681109741
29634454110505024
381197977962746343
1138865334157545133
1520859754690941559
1817332556105596248
1015551382500319181
487093752737698624
2012828929926712295
2259879067685904888
907713849652613762
1944013806981957744
1487652220411346788
616504771066272588
109471934910464369
1256472261828248910
584749237439794205
2102892291061519774
1571038949047288198
100314403074833584
801048624983579950
2092463851846842899
2176060415333408769
1011019740652231092
1807725828194184593
2149369117886813632
1466126168098725486
1704588226871649400
168597482413460169
123054245088674137
1874377166168944168
722031121733690564
675352189023843097
1912180704715856095
1622710258952940083
1555299313873893309
1333697542962119045
1323584017272646042
1611004017560304408
1602573717645633517
388070505120448887
2112009887966928994
1739188465028232860
2020362531247119884
1768911658406107275
1800065502565908541
1615666793489565433
48224625675627476
16408291243131794
1189644883097574133
2101992563661566095
1191086185709374757
446804197459683965
1186559007219802185
200275127212384224
76551637748743447
984394546710053936
1878530281724968773
1853793629831950306
863038974330910941
213542191952397189
2167416630508778899
1725452400527533706
890491232400577484
938966665139089266
892678854731450352
748503114822558002
1160135298606215282
184241575157376482
1031722638244825438
1569312219477925949
950288218566996096
544183775774941147
532166246934313716
915910457363392583
1361964737035629427
404471759543690076
2304961893206490166
1544178492992378317
1783096390906878271
1824634068830602404
1622097081409383032
1505280558932198453
2159941533882910388
851935467790494278
499180316287661605
1743515706068678601
437831549197415731
437800890258639761
877850125239522231
1629048951588299136
319099168610036274
2262870368067128965
1204537538706811196
1854595473220843237
1080956409451344780
1433344031482985558
123855737928160996
1174541807819440401
841412071837227413
1945522342308155745
546966369091813010
1679285432326772503
2270404719111431081
244918658511568753
399536375050582457
873438025240819520
141355552142849261
1040841731038409776
1240500497792094818
1420686973127635415
1338057982618361602
2118375320748448778
1714886846429466522
1457366800448928467
340836671360661701
1945376926044955206
202834711669654700
104996394038539455
1678293311449718909
204956149663295607
424500313235399180
35125008939732274
646474889770612833
1598143809662823973
1316388143643317665
516501025505009194
1618505690016062977
2199813109834550905
1429557809485384965
1408756547569813360
1718441191813913805
300059731220026906
330210299711410251
500713772476882837
2116728071104580401
191635160521642804
1958879102012368593
329102743539496902
473848478540187352
1802658654857170357
1087906495303664958
1259869201903169017
308057450644399674
1801858659501848990
1664849291606072758
2250583991260111126
1884017143611353173
1809030678789740637
1596653647754425517
1629862795783310368
370574658783921595
524215287530524860
1932665297586594362
650286452195974325
11358273891908472
1890722193983508053
1497694755637060891
1900974589330492252
842077961111413606
1665365357563749691
1087321980060571044
238418681931134458
1297589237567488777
456111366595115808
363403103609989179
167145399445479539
1212035580065156338
140831889951734485
1431216673412893192
1301747338781412146
1390469552793005681
2110590554220828517
1415525243905951442
2176473956959850639
1740853017483728295
637372512028128393
564602842109681541
2001488895649879633
609471091164994134
101965278235048400
1524187352379551342
951074551739435838
992780752779664291
1135796334014631440
2025786044675258815
1308387723202291885
1262769332779507335
1423597160479269675
1658312823829574281
82161679601893328
2102878287290090842
1364055974283727165
1483370177038526234
2029436972787714759
2296970875876313027
1437861224470456953
1433757636178448766
528948625567493218
1954103464765920868
1792446183300582678
361721518001493904
656512315380316190
93453421639717285
2067451182879717551
1725120618253425922
513176534245875656
917518922576173932
1442030895916365905
440419724907733361
1558339817816101524
453424220209690745
961155443581204531
1851924691549295314
227664739135849971
573292848291626715
687965468378203582
321484238905292077
522708692185882792
2259302176672421897
1349470989969706195
1422353042602617985
2074767003077524309
674761906888308720
585106181316087618
575471752056839793
1202331589297826311
1735045592900381365
1671543075642317944
902988896052980152
1687080452389242713
42241635274116158
873828355957078407
1747534224514270585
1691974548746161651
1944224091258768398
1701303649247987653
1989100941146134764
2033248104485397670
446317101096293687
1476741049128078855
2023737735351771971
1985271159946960821
1428295841188212199
2000304687846540241
274352049226474606
2186114898500187791
1661941325569158988
66521185238875366
898976296022100265
1011939196413363357
551028198972518711
1317031556092505614
271142484026625609
1045446251357844489
731252357251585565
78565911020422546
983733591108960416
2082653920252719538
1334269742930406438
2146784716231299778
1692844816727878386
1179909355698378618
1589835748613406133
444772253536092840
1359843790488136367
1957610184693508965
1202315986673758606
866890514027227256
1621789269492984314
440541048860498701
588622966486616527
988437766558947429
852660726390463030
766516532087795805
723713814594354732
2043631317747259716
220252288197715668
1078551699845860835
305133664129974351
1514213938209552320
1984921853761693048
2298597399513882548
1414211332574876967
1270435867926319955
1370058957416716871
1263151121455745921
874086009610724960
34542592553076596
366531823588245613
1286563457553270924
649067455095490287
1281053355743539350
2089843710347000286
490424864714059743
216324447843635076
446551290936756977
1928805991810663332
1716582607721041007
1172736976697173245
1463529561855980724
1262327676041264136
2291962672856060160
602140084920530303
1515576580946722085
1368333482463743124
1258768084241145510
781042291676924914
1413114871751824930
511722700988731309
1552988917919939046
1867920241336082646
1131318594590968626
527995036067224769
253607810542745421
1865272590777722295
2017917694227026659
861745657469918808
885961378833808375
643269587632388401
477335064900341445
1802729732200197619
255008452559992654
1131367557629354755
901731572603443387
1315059302572263627
118027350294830736
1096263688188701742
1665218442865272678
736446437927354827
528671171567813782
86556438107678941
706943384240582173
1661975918007197088
1666154761847356621
2169513122949629345
2380810964418277
1839177526474588059
1164616994983304517
1520127153261864522
316296237795719076
1317783163338768792
219893414091077437
2272013794913059357
616172187392260626
1109855616346719877
2039267619396678646
1635531892162002396
1662153962310720135
1028777690785497883
804765679904081519
1172591099009146486
1821223593805842620
1809319694963469478
1113879010734309731
356940245421414672
1394661924310601291
1548683945566975202
2140627507694348065
2245725046450160791
1545641618521881195
1914883073888768338
265932095748258451
914791331955636379
1642381932096555117
307205575860336423
1131707287088848488
1272822035450291163
1521113985986444416
121156662297771252
1326945853161805820
285748525359132531
537977064033585001
1917960117082017499
1680970802074047744
1021953456602339921
2171156474428382843
658796513007889662
1628434647995356978
581012201638814393
9051065142202233
1395793725797566492
1246814268982073466
123447171040281747
1539718402534878847
1330387632103133759
1231103479641504742
1049996884835955652
2120333349057078336
1730340212786708304
496479523979704901
983208804991985824
1421693516776565062
1715739024849063600
2304795562224970323
1086097109772900183
1462599006041046823
1676899007725329356
1546032740481794628
1220168820069102292
1184925591664917585
1794520337891571333
1143688900835238913
1369393002345747659
2234735032753518654
266284330842542967
845362559571682358
1321563816345464218
494130064777908133
365674340268490343
863499064615236774
1691730618903995839
1085555788781972990
1833738467725888242
1174037482463806448
1970111471897836303
972056468764471682
1183699444147944406
1638361538437080531
376347459883677552
1154314626462863806
2038583204609195107
367061139097755045
2222985884901409028
1446289544491792798
1346953333203506474
825803833482302984
842928634016088557
1217430443718247222
1497670883969682040
139477770573282896
1694113511727980675
1684102004809715665
1973132224977751996
1571523613922105430
1685781342805421224
15588319397476290
444569247135473294
367654700005347025
227365726534502617
1362222619355473207
150529520333266472
1972005318582266841
622657267613716449
2249753296146762789
520959254417417231
302487749620857276
1861575031082556168
1322312457225814227
1976317876301066604
1060895657201241166
1994826599839686835
1474370858233991923
1188221770395189987
220180443087237129
1086437604855804039
2184606432920229057
1817529168731711119
1751601735015195302
2140539012977624415
2007297679141222306
2125725962995039659
786985624555947840
766195631729622536
1268715983997485982
1282424192317136314
318918617345433885
1978127046644318296
1225520997315050022
19285998961123611
242467112675787659
1041518069568981874
2136051156339055202
598526953493006398
1705851787998975995
134059465703683549
299809584398058370
2288670619346659084
587128376317422554
20289593476940316
237215647093147389
765472038422500184
905145250932184077
1362817796099635466
1672955139011057472
2013845068724100383
273741795640483210
1026961677495083565
1614080729997916849
910253217102417175
212818117689142887
316232019797860480
360465347445486322
757996150061360800
1363846781367400325
2166532204832403833
2097997983954997623
1446803101794402307
1704352837490311730
25802337112500926
1513914959419621319
383880533210473940
1399383297358070832
2080849681153487147
604084206672100366
1663155892579389787
1650607648133062652
272937119321210085
1097988410954855174
1073927993716520592
1877113184213410418
1389029565033158990
1962672481645997669
1791960380166170418
1198146299355584223
763590643436944691
2116266408910223869
1045349350748380932
139530978174599325
867242757559119135
1677022927672566459
1210819984610836144
1290947892929893610
2146068056435901659
1789966903413577090
825597806278914531
726822113143207236
2056771054033295786
273371382958023790
899602907446464126
1466026462757946884
862666941458643070
139661767344831755
760456816897856482
1352065371173909233
919807085061109555
2062726549112635219
1580709344407184068
877484275662868755
1722679424594951049
694323175164464067
1067855145639961640
1368570823907426744
2257462017318129710
1977453583934774924
1346047022036799705
1643699110325954471
2060291999710075005
514792388145472154
1995953308804237761
99653262997651016
1582430944026809753
770085347846032851
368637742671130935
28285237196310184
435892487796150917
54128895571488534
620481152213197978
1655211278478372075
1837287564832386872
2304557698743003689
1155578643291893750
1712709161205720342
269232274535772433
387989984388553700
254445478722560624
720362795783720407
1601635147678948064
1231796145181977373
499782609970086423
1754570851600762709
1164273843087290305
496297690779612752
2238632594213410304
1859653536959492010
1392323895816993238
211389428908977051
434151130115646463
298028518586687618
1986832636484955301
745050329747322592
324848167346102500
1482215001925281601
615512823910107831
1691270369855077896
1067312727205474929
1436266133949528424
822168640779714587
2240794886729199298
1726476098726929086
308650369556313246
715245712942767478
938575260857431262
1551096937489348905
2151568645486010519
1523166881684916953
1392712557481584450
2055357526888749124
2272815967311824222
1705820174587208434
2190651523708545349
16773789315135956
158193922743171589
122283448598662281
1134261747858738169
76244189186171049
495997651618289941
1506393222735331330
767998239455963293
99018388436166488
1213043882915151358
356027587313661099
504533262563503030
1029031915472291835
671222526236824999
179953848213776096
112732666889430506
1254644498597694539
2289578247009975479
1740599697217482079
486076548364378481
1409997346991033937
1600864924052572870
55680345266325889
1682190682512710177
52327944861692120
1297908428544713909
1464135314321390778
1699413217196775534
2222782932642242811
545395166294607546
236337722639549733
1055312997666430232
1452128956732049890
1552811327331236685
1417173342004891104
576966365085625771
2185400450066726001
2268348408062704283
1666945645729302813
2005294240544548566
71145451900623913
345624058092766392
465407225428377239
1817368626319111706
596974259053474452
565402972438331514
950292845102853715
675005509534289894
962160233935121975
1652039711075034942
1524779905057370692
1507356197928289430
2271118473122117463
1379522905808218560
778868391680423010
1686924145990887108
1100784912602045017
1826262518064709945
705337089838296232
2002232127986553655
1241153028958751996
67832009966197050
867271798762710491
1812111824924900417
1102195909304570345
2168215694341374839
882858688897280767
683876202952331842
1469234898429133048
2304338705021036509
877053661704178712
41927195562415983
122076842450668296
1430433926274894172
1904121749831857397
1365491102968159827
1646784152855597217
1915590357981128529
1282879820042357310
2062786681238401448
85034016378185364
2089027602282182514
784207002097616567
424655916718369113
1001240828589184910
2111666016141987050
2197084051304467898
511453498150932142
375001715149658496
1444925135232087616
1319492478781165153
968142962936972824
1536956134127939586
1976366053974904632
2151553853350983684
1112995791329688404
483161462627898946
615801833051504154
953953351608474576
1634965413398908828
1873881805025924885
588946233224880703
1282718137582057497
304181170979614853
409196198791597208
973472738230237896
2150989022909179499
563714954935951786
2295838285667999813
1910379570974860872
138655261402355145
2106920534291615175
2169972248623632406
1291487615323025340
298234253555253063
1214039543695581575
200293027689775244
827900466682551514
1887370016037004174
996080426403605230
287617204114500955
2069304115397432446
681873555547359472
2268500120438636083
2236674606817808711
1816258161521108210
765241809521933084
476288440906920843
792977842679329694
1208927272302069731
649519189774832295
888449386630265889
1426361534338083168
1377827994673095926
789970009728896469
2226950984857676531
680111536042020414
1735285540031969344
1863027996040286879
2304775032469389149
1565407940638589089
819483196912804745
164273419851724759
1030903316126896566
1483975872726406473
156490345788616581
2141486104383338080
430331368878083994
956737324354838945
2239977099786859466
2049243105318673616
1215854196942762939
1575262606427018787
1950258521349100177
1647594700842454943
1742834572201985023
882594310955780984
856775143251774180
1083671311229974611
246789082063389607
1051935839335534754
194118836823583905
401393513686330731
249366127991682876
1283983915290233218
547945396470766043
162711905625711576
1943829118072010363
300000513131380321
1051298348144706360
1873314104138469314
776602746250339422
1130012306054960647
1634088053288941098
299093891379323954
525490558460710819
1914500268385416039
828160455999524557
1665903667343362388
1440825159383446163
2253065872768630812
1230216110820874680
2228252034768034664
1270699192768107646
1515696167436115241
1641375610747230349
1165565554069182799
1999957541617649727
1831928552732870296
1977361027916325815
1120898907445366132
783514967205552854
352227328746889683
1925819209181803514
2014150511790396760
67031806880518298
247099635470871810
774549159284165775
111210138191361684
1579868749935179259
877560187375153559
1310971556714947078
1989198425846574929
1762622134288791875
510538178581083100
1343991009619904370
17914703512146516
2168453619545580008
1794650155738156895
411715905938651072
249488876849766143
940208134912677200
2111705235273473060
577896919254222372
593506719333468036
774991703455611560
1058267325774770548
308614141358012132
836809848228202864
2161606851117146203
181389410142757151
681358351042406866
609896168957219322
1435546655447451446
1975922839938559838
2101300966873853940
2255634020907304193
1167788240181323368
57139179760955091
1088400922998012960
526395525809527996
681318915221989611
1260110213206634941
562502850777305644
1578775570276044945
1416426117296959936
1847247958155725302
852213780625094660
1844844882801460423
1733293899654338959
1562632449581887872
451089307279542611
150560588336869368
762476402266730498
1641011131859967438
753006066783446350
1323459951449374622
1185570624755738483
139282160856334800
741132609197193613
1800317981764991030
443494461697499718
582741356843605414
1290615428647858118
2213682067414225515
1008651500528971718
357328310389212496
1033394568370609356
1982122700321749364
1867979944884553217
548789877333232308
1291209152802220626
2017513279556268639
20223103530375549
2095578416977757526
2235137339622457987
79001700359614012
1849281058339433936
429078851402274493
197950976317508610
2080967734057624278
1359351948075521219
847565884292487515
1191609335110864267
784008751358934008
1117312462160437054
1868202438112948731
1118741618009007769
929754880257541646
2269348476092472004
979597278258183086
2109866909686671046
1354516130589172377
772190019716997599
1540749278769316101
1311766808787186387
46166333792344837
1452415480581102811
1984434698183449553
554619754417464563
1139741556794882290
115371745745346369
1140359334652365354
664945597802647886
106092773921748894
996856194425493778
550181300566349345
1392348818039796890
1672592095716145498
1248475979084999416
824240592021770239
1475011525204419605
33401707817471718
924075300090902419
144074314883870239
1014489723263984735
1136329643529085635
739547264544646412
1347286792669159299
1198942405298592821
1384964166675813026
620421120219452564
2280092690627180642
385514889858971769
638044363470883044
2300315403420820201
473673709719895576
569755413201233315
643226322661086887
231791727100547540
806603627782304466
1004062532573646643
703063476450990874
1190867925022288425
1163470185790532633
2087022502773483670
1704361548077648423
692977638616702529
2147045886466667272
829841381285644397
1179409978413413675
1856668419576385006
559836756708915287
166593569047152270
1473376253985984239
1557633339666109999
1880584644844200213
892575327492116194
1209098367006404720
2086928235945386331
83190612598724970
1992107085325534720
185651349408521201
529958904022525596
412921175980382319
2084132112471860762
385523016707277805
2266830053138382821
1094397367899832333
360428186568433334
169995461407734246
1303188836390980396
2018792493043783436
1906116006328196375
530808010918566729
527167366597095811
1087851261575085693
2127448324138473766
2025909877010324842
1473242995038448966
1923974561646348173
47563833029842418
1207020715095533985
1224852766574830656
695649121052623981
930778997558875607
648134129275583873
66455338790015057
493164041270096093
294947580029164910
361247275193625517
205757531198124352
2249613439520287143
87858967110041772
1837508759937768328
2048711605348034091
470091102617898256
1483644796449823635
2286239929235062803
1259604474282386319
497175405406587948
351879099471670717
743016427488037117
335211768518237141
1183805614253775570
604913579542321672
1392596827201340061
1162979461990936763
108410675146398281
1582460672791723244
450822550206580538
391087722300354610
2060879012916277427
1945763837982378525
182841976196863819
1630635988440466261
251173196895039166
449702572322642084
927372979691008139
1649833018238757730
359952550460476288
395380707983528800
2036907206686635971
1570671276600761471
203110344234851934
350496971926508997
1912896969757665972
797460521335683435
482311034113988033
1814360052447640167
720048293359001410
2232959089024646595
1385827259243274480
1124508382323728036
508401062336515740
1252094174987926415
1190349299518387490
1759092467122406933
590253769717005443
2281099092545137533
1233785958386196702
1970946489595643660
1606699835898801759
16739794179077849
1867921742975552211
854843131075144207
98163298790013822
1670300082072338568
1458007958355671798
1656236349906704441
2220584302183276933
1003459313222374057
1046699905830804358
144600470025582521
2080882748482606665
848013282159248945
221857246068799512
1126224405847767912
1740053900539231534
324953048330049170
338676955779673777
1198214288542072225
131176441088325050
1465607214772551586
1906796733543836795
1499313020965252139
1156940281314811005
512084824486305408
1214922548579890804
2125071207712309604
739006356881513267
281610826331546496
806528635347958212
1014631915975954845
1353449146556588563
2265790312631374117
672218290579814137
83800379968325064
648962108663444645
2178647784344723893
606424215928751275
1972769371918143491
1810080241404108955
579782146361351604
241369902896103570
1979543784637618904
905570330776808930
2180697952130643779
493180567986067089
1836094457492272952
1150243284161326664
1066136464816550798
692664302705038552
1790117948066412308
2226408606728400489
1846647581689409148
1032105477584630230
1684210105606311239
1773507705708390379
1520424573570166414
2292105022982730287
588223332455573689
1007841900543093532
1036192125792946185
1015855363407470073
2189214259857831815
1695378469926108438
1713114179056927729
1968810453718710074
2197585638504304167
1668018577228671290
1449500798088494756
768499272964776094
1552909636721572539
611938230063316618
2304565441154332684
1163311090101479287
1323529964341924292
2016357615845480496
1704325613222094951
1466995784830351185
586450623722198307
2294614081726875814
273613523450239093
1350040053024694741
124866042625786866
52587568673946959
2253872412956821028
1640544695047740270
454581533619751307
1822295487511041413
1624874334797607157
656681776777286148
2150812605842013993
262346683555794976
1283834655896300873
2066993672119170569
1168608022002536241
578218741787022583
959484344339562972
185741479402992535
1863437148040423477
457600918551144620
1721912857361700563
2186919930131247101
383632853873051309
661935631086431579
101949454343942627
539629374710909343
1925742684789464211
28998349463923184
282105178413278247
2248356255055918050
126584467173865208
2016052478941804649
596712358591559235
1150667988536374457
1877285154308263711
783606961437101120
1117241916682157203
748989548234313460
1105562685126084639
436834945062547106
1851857664564447310
1919666327911858882
1101942545551020469
2246930964027379554
2159404578693196390
588429929687006351
2089038920765354395
421438843315597854
1964664724235217214
2248850405584236924
1311448460989819480
1121904156859268714
1061059286550432731
1981954146983827051
521795621609522411
139337248336555115
1363036804149712882
1774514161214593749
2112096334887688962
894675448801875281
1997821237395714839
2029698860923828954
1126976920798504622
2173001016812693839
1618099682690662585
209316075190699796
2166182249573527555
970781865083097763
755199584859139795
2122293041255602879
1764719083988108874
1904635342907720723
810508412184649007
1447958026973956084
1867208690671264212
1635148872823443477
1986173400638175143
970113629252396139
1356290715893577594
1379663219994352588
558878177135915035
1389327576763559322
847583882266244370
1070012937256177153
1770802976754995374
690308965893328754
810908502422187508
573185935785365706
668638095673102693
1971184920734005195
2224256785700490146
2286026979806954638
2243801009738790635
88702269929071588
704157291306863948
1015050118625739082
2037476176796844267
1582037131048369060
874685796133366542
201344514766819521
1224102306875371751
2108379714150824882
1173367459226196751
1935029547044822834
341581422961676038
330652415997449159
1701883078400977732
1624671268939521107
322876069709390198
2165276394307676320
1474501644795888921
680483613052090545
1814262351996752634
234581818729381662
1300031670889725249
1019997075555905007
1047349827767981227
166431456580218485
1278201861215141136
2111434681460022304
319627597981122979
248428136284321410
656496853856843974
552516151188607847
626090782234284959
951404651648941085
1153415813958812492
1850624941567308358
2287975766631345369
165379696819371892
2214240046686965557
2107521023327022662
1185245112965832563
1199906924846355789
1243563705784204410
137758964632669870
518683330824072401
124916634923374761
2276596244870495329
486130139494781781
2226873157312225988
373615553585223264
1951520878853465458
834758530410232256
73715853318918951
