{"tir": {"low": 0.16956521739130434, "high": 0.7}, "lub": 177.2546549785222, "hlb": 451.39687683172644}