{"safety": {"tir": {"low": 0.7459366980325064, "high": 0.9435414884516681}, "lub": 104.28235991204703, "hlb": 300.0}, "realism": {"carbs_high": 165, "carbs_low": 67, "low_distance": 157.70000000000002, "high_distance": 0}}