{"safety": {"tir": {"low": 0.7125, "high": 1.0}, "lub": 125.76796580138203, "hlb": 214.98059118958346}, "realism": {"carbs_high": 33, "carbs_low": 1, "low_distance": 223.70000000000002, "high_distance": 0}}