{"safety": {"tir": {"low": 0.6853178155774395, "high": 0.8800358102059087}, "lub": 92.19619556442387, "hlb": 361.2922238733979}, "realism": {"carbs_high": 616, "carbs_low": 397, "low_distance": 0, "high_distance": 166.59999999999997}}