{"safety": {"tir": {"low": 0.8365041617122473, "high": 0.9334126040428062}, "lub": 99.4110654856282, "hlb": 464.7002934224298}, "realism": {"carbs_high": 349, "carbs_low": 200, "low_distance": 24.700000000000017, "high_distance": 0}}