{"tir": {"low": 0.4144620811287478, "high": 0.6772486772486772}, "lub": 172.20445285012556, "hlb": 326.265547787171}