{"safety": {"tir": {"low": 0.5034802784222738, "high": 0.7965970610982211}, "lub": 79.2793048659765, "hlb": 494.8620869474053}, "realism": {"carbs_high": 366, "carbs_low": 202, "low_distance": 22.700000000000017, "high_distance": 0}}