{"safety": {"tir": {"low": 0.6640855457227138, "high": 0.9723451327433629}, "lub": 80.10924156632268, "hlb": 310.3962673411263}, "realism": {"carbs_high": 381, "carbs_low": 169, "low_distance": 55.70000000000002, "high_distance": 0}}