{"safety": {"tir": {"low": 0.6925960637300843, "high": 0.7694470477975632}, "lub": 119.32957259754416, "hlb": 404.43395237254657}, "realism": {"carbs_high": 283, "carbs_low": 167, "low_distance": 57.70000000000002, "high_distance": 0}}