{"tir": {"low": 0.46171560161197467, "high": 0.8716177317213587}, "lub": 85.58840211935416, "hlb": 327.21833894437805}