{"tir": {"low": 0.5918513223731237, "high": 0.9306647605432452}, "lub": 99.88984824603153, "hlb": 266.18732195363697}