{"safety": {"tir": {"low": 0.5537287140340575, "high": 0.7985907222548444}, "lub": 82.76850709442526, "hlb": 404.43395237254657}, "realism": {"carbs_high": 516, "carbs_low": 333, "low_distance": 0, "high_distance": 66.59999999999997}}