{"tir": {"lb": 0.4008363201911589, "ub": 0.5197132616487455}}