{"safety": {"tir": {"low": 0.683495145631068, "high": 0.9733009708737864}, "lub": 143.84369660690004, "hlb": 263.13783171003837}, "realism": {"carbs_high": 231, "carbs_low": 69, "low_distance": 155.70000000000002, "high_distance": 0}}