{"safety": {"tir": {"low": 0.2847758887171561, "high": 0.8717156105100463}, "lub": 106.19023041387423, "hlb": 350.0}, "realism": {"carbs_high": 515, "carbs_low": 299, "low_distance": 0, "high_distance": 65.59999999999997}}