{"tir": {"low": 0.2964824120603015, "high": 0.5364321608040201}, "lub": 149.99999999862013, "hlb": 450.8016481214252}