{"safety": {"tir": {"low": 0.6675560298826041, "high": 0.8495197438633938}, "lub": 93.84202618035917, "hlb": 356.07657063305413}, "realism": {"carbs_high": 365, "carbs_low": 199, "low_distance": 25.700000000000017, "high_distance": 0}}