{"safety": {"tir": {"low": 0.753004005340454, "high": 1.0}, "lub": 99.88984827947611, "hlb": 190.25017381946404}, "realism": {"carbs_high": 133, "carbs_low": 67, "low_distance": 157.70000000000002, "high_distance": 0}}