{"safety": {"tir": {"low": 0.6188340807174888, "high": 0.8094170403587444}, "lub": 100.97295417747605, "hlb": 404.43395237254657}, "realism": {"carbs_high": 649, "carbs_low": 400, "low_distance": 0, "high_distance": 199.59999999999997}}