{"tir": {"low": 0.44021739130434784, "high": 0.5032608695652174}, "lub": 156.29251340505496, "hlb": 411.45677856011116}