{"tir": {"low": 0.6104166666666667, "high": 0.6979166666666666}, "lub": 100.49704320717274, "hlb": 427.1192116566474}