{"tir": {"lb": 0.2450476889214967, "ub": 0.4475421863536317}}