{"tir": {"low": 0.19809825673534073, "high": 0.40940306391970416}, "lub": 166.96156111156301, "hlb": 396.1681131900274}