{"safety": {"tir": {"low": 0.5088305489260143, "high": 0.6677804295942721}, "lub": 85.29222156761256, "hlb": 342.1583521217433}, "realism": {"carbs_high": 499, "carbs_low": 300, "low_distance": 0, "high_distance": 49.599999999999966}}