{"tir": {"low": 0.24867724867724866, "high": 0.46485260770975056}, "lub": 176.19869550921632, "hlb": 409.43483948190647}