{"safety": {"tir": {"low": 0.6119005328596803, "high": 1.0}, "lub": 99.99999999862013, "hlb": 235.2785038488915}, "realism": {"carbs_high": 132, "carbs_low": 35, "low_distance": 189.70000000000002, "high_distance": 0}}