{"tir": {"low": 0.2898376428141912, "high": 0.5532170775706554}, "lub": 100.0, "hlb": 433.5117580154016}