{"safety": {"tir": {"low": 0.7272311212814645, "high": 0.8613272311212815}, "lub": 99.56283405785281, "hlb": 371.6820010500506}, "realism": {"carbs_high": 549, "carbs_low": 332, "low_distance": 0, "high_distance": 99.59999999999997}}