{"safety": {"tir": {"low": 0.33989266547406083, "high": 0.8282647584973166}, "lub": 95.10593742007593, "hlb": 630.2070675926807}, "realism": {"carbs_high": 366, "carbs_low": 233, "low_distance": 0, "high_distance": 0}}