{"safety": {"tir": {"low": 0.6, "high": 0.6458333333333334}, "lub": 146.62119895652836, "hlb": 360.95961923968923}, "realism": {"carbs_high": 66, "carbs_low": 33, "low_distance": 191.70000000000002, "high_distance": 0}}