{"tir": {"low": 0.3596168017686072, "high": 0.6624907885040531}, "lub": 163.58572853392403, "hlb": 343.12970345881865}