{"safety": {"tir": {"low": 0.0, "high": 1.0}, "lub": 184.6147483953747, "hlb": 273.9954739791936}, "realism": {"carbs_high": 100, "carbs_low": 66, "low_distance": 158.70000000000002, "high_distance": 0}}