{"safety": {"tir": {"low": 0.22820919175911253, "high": 0.5792393026941363}, "lub": 116.89092184719073, "hlb": 392.0663897501473}, "realism": {"carbs_high": 333, "carbs_low": 201, "low_distance": 23.700000000000017, "high_distance": 0}}