{"safety": {"tir": {"low": 0.3333333333333333, "high": 0.7593423019431988}, "lub": 85.39488703834625, "hlb": 350.0}, "realism": {"carbs_high": 166, "carbs_low": 99, "low_distance": 125.70000000000002, "high_distance": 0}}