{"tir": {"low": 0.7395833333333334, "high": 0.9145833333333333}, "lub": 109.440355704382, "hlb": 250.0}