{"safety": {"tir": {"low": 0.2672463768115942, "high": 0.8857971014492754}, "lub": 99.4048346469946, "hlb": 493.79138311786977}, "realism": {"carbs_high": 465, "carbs_low": 267, "low_distance": 0, "high_distance": 15.599999999999966}}