{"tir": {"low": 0.48125, "high": 0.60625}, "lub": 149.99999999862013, "hlb": 382.8654638855909}