{"safety": {"tir": {"low": 0.7006427915518825, "high": 0.8999081726354453}, "lub": 93.01044796525073, "hlb": 306.955839362579}, "realism": {"carbs_high": 364, "carbs_low": 167, "low_distance": 57.70000000000002, "high_distance": 0}}