{"safety": {"tir": {"low": 0.2766871165644172, "high": 0.743558282208589}, "lub": 78.66238693434535, "hlb": 349.97941403829947}, "realism": {"carbs_high": 700, "carbs_low": 464, "low_distance": 0, "high_distance": 250.59999999999997}}