{"safety": {"tir": {"low": 0.13146853146853146, "high": 0.8909090909090909}, "lub": 169.0627947832364, "hlb": 584.6042868308342}, "realism": {"carbs_high": 250, "carbs_low": 166, "low_distance": 58.70000000000002, "high_distance": 0}}