{"safety": {"tir": {"low": 0.7576953433307024, "high": 0.8855564325177585}, "lub": 104.03673585367059, "hlb": 427.0995951917564}, "realism": {"carbs_high": 249, "carbs_low": 134, "low_distance": 90.70000000000002, "high_distance": 0}}