{"tir": {"lb": 0.5015197568389058, "ub": 0.6129685916919959}}