{"safety": {"tir": {"low": 0.6879562043795621, "high": 0.9105839416058394}, "lub": 81.96304854126038, "hlb": 306.89892909116475}, "realism": {"carbs_high": 165, "carbs_low": 67, "low_distance": 157.70000000000002, "high_distance": 0}}