{"safety": {"tir": {"low": 0.7926158680282797, "high": 0.9340141398271798}, "lub": 136.1078556492593, "hlb": 250.0}, "realism": {"carbs_high": 266, "carbs_low": 165, "low_distance": 59.70000000000002, "high_distance": 0}}