{"safety": {"tir": {"low": 0.41037204058624577, "high": 0.8804960541149943}, "lub": 147.81222898601996, "hlb": 383.76373326055705}, "realism": {"carbs_high": 283, "carbs_low": 167, "low_distance": 57.70000000000002, "high_distance": 0}}