{"tir": {"low": 0.22550335570469798, "high": 0.5812080536912752}, "lub": 164.50796320091183, "hlb": 318.20877019223303}