{"tir": {"lb": 0.23630417007358953, "ub": 0.28454619787408014}}