{"safety": {"tir": {"low": 0.0, "high": 1.0}, "lub": 99.88984820920277, "hlb": 163.10817328620323}, "realism": 0}