{"safety": {"tir": {"low": 0.6604717655468192, "high": 0.8498927805575411}, "lub": 93.84202618035917, "hlb": 350.1243692163563}, "realism": {"carbs_high": 349, "carbs_low": 200, "low_distance": 24.700000000000017, "high_distance": 0}}