{"tir": {"lb": 0.32608695652173914, "ub": 0.5644927536231884}}