{"safety": {"tir": {"low": 0.6523341523341524, "high": 0.8058968058968059}, "lub": 125.33259721392847, "hlb": 319.19728071537304}, "realism": {"carbs_high": 132, "carbs_low": 66, "low_distance": 158.70000000000002, "high_distance": 0}}