{"safety": {"tir": {"low": 0.01839080459770115, "high": 0.9137931034482759}, "lub": 100.0, "hlb": 271.6656194106879}, "realism": {"carbs_high": 233, "carbs_low": 133, "low_distance": 91.70000000000002, "high_distance": 0}}