{"safety": {"tir": {"low": 0.23985239852398524, "high": 0.8597785977859779}, "lub": 97.42084461720384, "hlb": 346.70853172691744}, "realism": {"carbs_high": 249, "carbs_low": 134, "low_distance": 90.70000000000002, "high_distance": 0}}