{"tir": {"low": 0.26869806094182824, "high": 0.7867036011080333}, "lub": 119.23048380346336, "hlb": 469.93476045656274}