{"safety": {"tir": {"low": 0.7851186658114175, "high": 0.9589480436177037}, "lub": 104.90247700527348, "hlb": 245.19739341932768}, "realism": {"carbs_high": 432, "carbs_low": 264, "low_distance": 0, "high_distance": 0}}