{"tir": {"lb": 0.3953168044077135, "ub": 0.5482093663911846}}