{"safety": {"tir": {"low": 0.570221066319896, "high": 0.8647594278283485}, "lub": 92.92990532829752, "hlb": 414.16048166943733}, "realism": {"carbs_high": 465, "carbs_low": 267, "low_distance": 0, "high_distance": 15.599999999999966}}