{"tir": {"low": 0.41990846681922195, "high": 0.5503432494279176}, "lub": 149.99999999862013, "hlb": 402.4143994940862}