{"tir": {"lb": 0.2939086294416244, "ub": 0.5619289340101523}}