{"tir": {"low": 0.11274509803921569, "high": 0.5049019607843137}, "lub": 175.04374881832015, "hlb": 326.265547787171}