{"tir": {"lb": 0.28122481869460114, "ub": 0.6381950040290089}}