{"tir": {"low": 0.772256728778468, "high": 0.8668046928916494}, "lub": 102.03023019808697, "hlb": 361.31694596367385}