{"tir": {"low": 0.6283824413710163, "high": 0.8713168971737824}, "lub": 74.08558135714387, "hlb": 350.6361965094193}