{"tir": {"lb": 0.4168260038240918, "ub": 0.5289993626513703}}