{"safety": {"tir": {"low": 0.16875, "high": 0.8416666666666667}, "lub": 73.69317502069691, "hlb": 350.0}, "realism": {"carbs_high": 33, "carbs_low": 1, "low_distance": 223.70000000000002, "high_distance": 0}}