{"safety": {"tir": {"low": 0.38064192577733197, "high": 0.7452357071213641}, "lub": 72.53924874633869, "hlb": 350.0}, "realism": {"carbs_high": 499, "carbs_low": 298, "low_distance": 0, "high_distance": 49.599999999999966}}