{"tir": {"lb": 0.3312444046553268, "ub": 0.5720680393912265}}