{"safety": {"tir": {"low": 0.3524451939291737, "high": 0.8962900505902193}, "lub": 111.75329826326762, "hlb": 400.7105139116538}, "realism": {"carbs_high": 382, "carbs_low": 232, "low_distance": 0, "high_distance": 0}}