{"tir": {"lb": 0.38199653779572995, "ub": 0.5666474321984997}}