{"safety": {"tir": {"low": 0.6101832993890021, "high": 0.9348268839103869}, "lub": 99.99999999862013, "hlb": 379.40150606815666}, "realism": {"carbs_high": 448, "carbs_low": 234, "low_distance": 0, "high_distance": 0}}