{"tir": {"low": 0.21238390092879256, "high": 0.4346749226006192}, "lub": 170.25906427476104, "hlb": 408.43379561230694}