{"tir": {"low": 0.37593984962406013, "high": 0.8614393125671321}, "lub": 164.1510971918328, "hlb": 300.0}