{"safety": {"tir": {"low": 0.5093240093240093, "high": 0.9188034188034188}, "lub": 128.1863372782951, "hlb": 597.7901300304524}, "realism": {"carbs_high": 549, "carbs_low": 332, "low_distance": 0, "high_distance": 99.59999999999997}}