{"safety": {"tir": {"low": 0.695906432748538, "high": 0.8469785575048733}, "lub": 108.93755374429908, "hlb": 286.92523656161893}, "realism": {"carbs_high": 432, "carbs_low": 233, "low_distance": 0, "high_distance": 0}}