{"safety": {"tir": {"low": 0.6865160848733745, "high": 0.9041752224503764}, "lub": 87.02974610308694, "hlb": 403.75484916919396}, "realism": {"carbs_high": 282, "carbs_low": 166, "low_distance": 58.70000000000002, "high_distance": 0}}