{"tir": {"low": 0.2262357414448669, "high": 0.5750950570342205}, "lub": 99.99999999862013, "hlb": 284.04017289058135}