{"tir": {"low": 0.5994020926756353, "high": 0.8325859491778774}, "lub": 78.694047477944, "hlb": 393.4171715064684}