{"safety": {"tir": {"low": 0.6371049949031601, "high": 0.8583078491335372}, "lub": 132.05254986851344, "hlb": 295.8939651654738}, "realism": {"carbs_high": 331, "carbs_low": 135, "low_distance": 89.70000000000002, "high_distance": 0}}