{"tir": {"low": 0.2749882684185828, "high": 0.6058188643829188}, "lub": 163.127498637174, "hlb": 348.213647890304}