{"tir": {"low": 0.6953020134228188, "high": 0.8389261744966443}, "lub": 94.3572758000405, "hlb": 300.0}