{"safety": {"tir": {"low": 0.5734341252699784, "high": 0.8201943844492441}, "lub": 90.16756784851643, "hlb": 354.11766641978835}, "realism": {"carbs_high": 682, "carbs_low": 432, "low_distance": 0, "high_distance": 232.59999999999997}}