{"tir": {"lb": 0.060568086883876354, "ub": 0.12698412698412698}}