{"safety": {"tir": {"low": 0.20788302606484424, "high": 0.9205340114431023}, "lub": 87.63518530552025, "hlb": 525.7746140399308}, "realism": {"carbs_high": 500, "carbs_low": 332, "low_distance": 0, "high_distance": 50.599999999999966}}