{"safety": {"tir": {"low": 0.4625, "high": 0.74375}, "lub": 110.22415971725222, "hlb": 343.7659690260188}, "realism": {"carbs_high": 100, "carbs_low": 66, "low_distance": 158.70000000000002, "high_distance": 0}}