{"tir": {"lb": 0.4403254972875226, "ub": 0.5443037974683544}}