{"safety": {"tir": {"low": 0.7229166666666667, "high": 1.0}, "lub": 147.2204486209571, "hlb": 206.60478211235053}, "realism": {"carbs_high": 33, "carbs_low": 1, "low_distance": 223.70000000000002, "high_distance": 0}}