{"safety": {"tir": {"low": 0.4310747663551402, "high": 0.9228971962616822}, "lub": 95.4501456718404, "hlb": 300.0}, "realism": {"carbs_high": 232, "carbs_low": 132, "low_distance": 92.70000000000002, "high_distance": 217.40000000000003}}