{"tir": {"lb": 0.35159306875349355, "ub": 0.4650642817216322}}