{"safety": {"tir": {"low": 0.15838150289017341, "high": 0.8069364161849711}, "lub": 103.82552583504824, "hlb": 369.00940748274974}, "realism": {"carbs_high": 483, "carbs_low": 301, "low_distance": 0, "high_distance": 33.599999999999966}}