{"safety": {"tir": {"low": 0.6270833333333333, "high": 1.0}, "lub": 159.6720608358854, "hlb": 237.09814874926371}, "realism": {"carbs_high": 33, "carbs_low": 1, "low_distance": 223.70000000000002, "high_distance": 0}}