{"safety": {"tir": {"low": 0.4630480167014614, "high": 0.8772442588726513}, "lub": 93.61215073007497, "hlb": 316.49415815611326}, "realism": {"carbs_high": 515, "carbs_low": 299, "low_distance": 0, "high_distance": 65.59999999999997}}