{"safety": {"tir": {"low": 0.6298780487804878, "high": 0.8475609756097561}, "lub": 61.32902877926896, "hlb": 350.0}, "realism": {"carbs_high": 198, "carbs_low": 68, "low_distance": 156.70000000000002, "high_distance": 0}}