{"safety": {"tir": {"low": 0.253280091272105, "high": 0.8938961779806047}, "lub": 70.58367646923958, "hlb": 350.0}, "realism": {"carbs_high": 399, "carbs_low": 234, "low_distance": 0, "high_distance": 0}}