{"tir": {"low": 0.15337423312883436, "high": 0.593558282208589}, "lub": 179.1841046628421, "hlb": 317.8971227832539}