{"tir": {"lb": 0.3433208489388265, "ub": 0.3807740324594257}}