{"tir": {"lb": 0.441938178780284, "ub": 0.46324143692564745}}