{"safety": {"tir": {"low": 0.6754587155963303, "high": 0.8784403669724771}, "lub": 87.64066263694176, "hlb": 360.884000369308}, "realism": {"carbs_high": 183, "carbs_low": 101, "low_distance": 123.70000000000002, "high_distance": 0}}