{"tir": {"lb": 0.33488805970149255, "ub": 0.4337686567164179}}