{"safety": {"tir": {"low": 0.27403531720078483, "high": 0.8848920863309353}, "lub": 69.92695942904595, "hlb": 349.835426713283}, "realism": {"carbs_high": 399, "carbs_low": 232, "low_distance": 0, "high_distance": 0}}