{"safety": {"tir": {"low": 0.2787286063569682, "high": 0.7029339853300733}, "lub": 91.35645248851861, "hlb": 414.81041228398726}, "realism": {"carbs_high": 316, "carbs_low": 199, "low_distance": 25.700000000000017, "high_distance": 0}}