{"tir": {"low": 0.5979166666666667, "high": 0.6479166666666667}, "lub": 136.14495076010098, "hlb": 448.9779523834052}