{"safety": {"tir": {"low": 0.5054864667154353, "high": 0.8332114118507681}, "lub": 67.69849351026605, "hlb": 451.2217409197414}, "realism": {"carbs_high": 399, "carbs_low": 234, "low_distance": 0, "high_distance": 0}}