{"safety": {"tir": {"low": 0.3507246376811594, "high": 0.8985507246376812}, "lub": 99.56434718567667, "hlb": 255.90800729969283}, "realism": {"carbs_high": 200, "carbs_low": 132, "low_distance": 92.70000000000002, "high_distance": 0}}