{"safety": {"tir": {"low": 0.827831715210356, "high": 0.9229773462783172}, "lub": 75.9938063811052, "hlb": 378.1317886483805}, "realism": {"carbs_high": 300, "carbs_low": 198, "low_distance": 26.700000000000017, "high_distance": 0}}