{"safety": {"tir": {"low": 0.4, "high": 0.8}, "lub": 97.0108072136864, "hlb": 280.2304143970859}, "realism": {"carbs_high": 66, "carbs_low": 33, "low_distance": 191.70000000000002, "high_distance": 0}}