{"safety": {"tir": {"low": 0.2918763479511143, "high": 0.5449317038102085}, "lub": 71.10681490817696, "hlb": 381.3196411957452}, "realism": {"carbs_high": 616, "carbs_low": 399, "low_distance": 0, "high_distance": 166.59999999999997}}