{"safety": {"tir": {"low": 0.6868263473053893, "high": 0.8233532934131736}, "lub": 105.2717733527647, "hlb": 338.62732899579953}, "realism": {"carbs_high": 383, "carbs_low": 233, "low_distance": 0, "high_distance": 0}}