{"safety": {"tir": {"low": 0.6175925925925926, "high": 0.924074074074074}, "lub": 82.95048854946228, "hlb": 306.89892909116475}, "realism": {"carbs_high": 363, "carbs_low": 166, "low_distance": 58.70000000000002, "high_distance": 0}}