{"safety": {"tir": {"low": 0.534522885958107, "high": 0.8401861908456167}, "lub": 80.54941580315837, "hlb": 347.32434708786116}, "realism": {"carbs_high": 349, "carbs_low": 200, "low_distance": 24.700000000000017, "high_distance": 0}}