{"tir": {"lb": 0.29114452798663326, "ub": 0.5179615705931495}}