{"safety": {"tir": {"low": 0.6789699570815451, "high": 0.9648068669527897}, "lub": 97.21568462052129, "hlb": 250.0}, "realism": {"carbs_high": 99, "carbs_low": 3, "low_distance": 221.70000000000002, "high_distance": 0}}