{"safety": {"tir": {"low": 0.3964632059326868, "high": 0.849971477467199}, "lub": 78.1531471040042, "hlb": 360.884000369308}, "realism": {"carbs_high": 533, "carbs_low": 333, "low_distance": 0, "high_distance": 83.59999999999997}}