{"tir": {"low": 0.21302149178255372, "high": 0.35082174462705434}, "lub": 169.680201833194, "hlb": 347.3224743900778}