{"safety": {"tir": {"low": 0.7090739008419084, "high": 0.8971000935453695}, "lub": 104.44834873612172, "hlb": 317.3595795498931}, "realism": {"carbs_high": 166, "carbs_low": 99, "low_distance": 125.70000000000002, "high_distance": 0}}