{"tir": {"lb": 0.24346917450365727, "ub": 0.5517241379310345}}