{"tir": {"lb": 0.3647566235366605, "ub": 0.4658040665434381}}