{"safety": {"tir": {"low": 0.40427927927927926, "high": 0.8293918918918919}, "lub": 83.46409435963466, "hlb": 349.97941403829947}, "realism": {"carbs_high": 500, "carbs_low": 332, "low_distance": 0, "high_distance": 50.599999999999966}}