{"tir": {"low": 0.3187817258883249, "high": 0.5878172588832488}, "lub": 154.14664817444827, "hlb": 363.25767948847545}