{"tir": {"lb": 0.28421052631578947, "ub": 0.6070175438596491}}