{"safety": {"tir": {"low": 0.45896147403685095, "high": 0.8492462311557789}, "lub": 112.30228482908186, "hlb": 284.02122789529926}, "realism": {"carbs_high": 133, "carbs_low": 67, "low_distance": 157.70000000000002, "high_distance": 316.40000000000003}}