{"tir": {"low": 0.2999424294761082, "high": 0.485895221646517}, "lub": 149.80045243074454, "hlb": 402.375823182527}