{"safety": {"tir": {"low": 0.27708333333333335, "high": 0.79375}, "lub": 78.22281983010939, "hlb": 350.0}, "realism": {"carbs_high": 66, "carbs_low": 33, "low_distance": 191.70000000000002, "high_distance": 0}}