{"safety": {"tir": {"low": 0.653558052434457, "high": 0.8408239700374532}, "lub": 79.11577407843168, "hlb": 350.0}, "realism": {"carbs_high": 132, "carbs_low": 66, "low_distance": 158.70000000000002, "high_distance": 0}}