{"safety": {"tir": {"low": 0.8061797752808989, "high": 0.875}, "lub": 134.18610155195958, "hlb": 284.3338238189499}, "realism": {"carbs_high": 133, "carbs_low": 67, "low_distance": 157.70000000000002, "high_distance": 0}}