{"tir": {"lb": 0.29718599862731643, "ub": 0.365133836650652}}