{"safety": {"tir": {"low": 0.4478021978021978, "high": 0.4697802197802198}, "lub": 142.81339786475235, "hlb": 350.0}, "realism": {"carbs_high": 166, "carbs_low": 99, "low_distance": 125.70000000000002, "high_distance": 0}}