{"tir": {"low": 0.5833333333333334, "high": 0.6229166666666667}, "lub": 149.04378394552634, "hlb": 429.13898639429647}