{"safety": {"tir": {"low": 0.5047449584816133, "high": 0.9418742586002372}, "lub": 70.34838515919192, "hlb": 494.7252047979747}, "realism": {"carbs_high": 414, "carbs_low": 232, "low_distance": 0, "high_distance": 0}}