{"tir": {"lb": 0.58125, "ub": 0.6708333333333333}}