{"safety": {"tir": {"low": 0.7812613926358002, "high": 0.8607364199781261}, "lub": 122.12039702234533, "hlb": 367.3716297594356}, "realism": {"carbs_high": 583, "carbs_low": 365, "low_distance": 0, "high_distance": 133.59999999999997}}