{"safety": {"tir": {"low": 0.6281145407214578, "high": 0.9222759390107846}, "lub": 128.22432266399875, "hlb": 291.06783393068736}, "realism": {"carbs_high": 364, "carbs_low": 167, "low_distance": 57.70000000000002, "high_distance": 0}}