{"safety": {"tir": {"low": 0.6087771942985747, "high": 0.9163540885221305}, "lub": 104.88195185765744, "hlb": 489.87977395305757}, "realism": {"carbs_high": 498, "carbs_low": 268, "low_distance": 0, "high_distance": 48.599999999999966}}