{"tir": {"low": 0.6541666666666667, "high": 0.7770833333333333}, "lub": 97.68049419221316, "hlb": 361.31694596367385}