{"safety": {"tir": {"low": 0.6262953367875648, "high": 0.8147668393782384}, "lub": 93.85767674788774, "hlb": 404.43395237254657}, "realism": {"carbs_high": 432, "carbs_low": 266, "low_distance": 0, "high_distance": 0}}