{"tir": {"low": 0.0, "high": 0.37916666666666665}, "lub": 182.90170515206518, "hlb": 368.37738775888494}