{"safety": {"tir": {"low": 0.60435038212816, "high": 0.9071134626690183}, "lub": 107.14687465219693, "hlb": 284.02122789529926}, "realism": {"carbs_high": 398, "carbs_low": 231, "low_distance": 0, "high_distance": 0}}