{"safety": {"tir": {"low": 0.26666666666666666, "high": 0.6958333333333333}, "lub": 90.4763862555968, "hlb": 451.2217409197414}, "realism": {"carbs_high": 150, "carbs_low": 100, "low_distance": 124.70000000000002, "high_distance": 0}}