{"safety": {"tir": {"low": 0.3603264281230383, "high": 0.7432517263025737}, "lub": 90.93118153622186, "hlb": 393.2175248570704}, "realism": {"carbs_high": 549, "carbs_low": 332, "low_distance": 0, "high_distance": 99.59999999999997}}