{"safety": {"tir": {"low": 0.36212624584717606, "high": 0.8491694352159468}, "lub": 79.43210872706393, "hlb": 416.94381175110567}, "realism": {"carbs_high": 432, "carbs_low": 235, "low_distance": 0, "high_distance": 0}}