{"safety": {"tir": {"low": 0.8609625668449198, "high": 1.0}, "lub": 130.85116321778284, "hlb": 220.2909579175502}, "realism": {"carbs_high": 232, "carbs_low": 101, "low_distance": 123.70000000000002, "high_distance": 0}}