{"tir": {"low": 0.30357142857142855, "high": 0.7476708074534162}, "lub": 164.1510971918328, "hlb": 337.70615260040404}