{"safety": {"tir": {"low": 0.4530313124583611, "high": 0.8800799467021986}, "lub": 80.42692789865357, "hlb": 491.45507630426266}, "realism": {"carbs_high": 366, "carbs_low": 202, "low_distance": 22.700000000000017, "high_distance": 0}}