{"tir": {"lb": 0.20854021847070506, "ub": 0.25819265143992054}}