{"safety": {"tir": {"low": 0.6092916984006093, "high": 0.9619192688499619}, "lub": 92.28026203496742, "hlb": 250.0}, "realism": {"carbs_high": 231, "carbs_low": 100, "low_distance": 124.70000000000002, "high_distance": 0}}