{"safety": {"tir": {"low": 0.3961772371850565, "high": 0.7576020851433536}, "lub": 69.40098215463921, "hlb": 327.1433982481818}, "realism": {"carbs_high": 350, "carbs_low": 232, "low_distance": 0, "high_distance": 0}}