{"safety": {"tir": {"low": 0.6216603053435115, "high": 0.9103053435114504}, "lub": 105.27177335276468, "hlb": 441.3784664851954}, "realism": {"carbs_high": 566, "carbs_low": 365, "low_distance": 0, "high_distance": 116.59999999999997}}