{"tir": {"low": 0.5801041064198958, "high": 0.8594563331405437}, "lub": 86.43720201635236, "hlb": 359.6135185118279}