{"tir": {"lb": 0.45416666666666666, "ub": 0.6666666666666666}}