{"tir": {"low": 0.53125, "high": 1.0}, "lub": 99.88984824603153, "hlb": 192.81155719958258}