{"tir": {"lb": 0.18303571428571427, "ub": 0.3359375}}