{"safety": {"tir": {"low": 0.16875, "high": 0.7604166666666666}, "lub": 71.52538525837056, "hlb": 349.835426713283}, "realism": {"carbs_high": 100, "carbs_low": 66, "low_distance": 158.70000000000002, "high_distance": 0}}