{"safety": {"tir": {"low": 0.5252760023242301, "high": 0.8599651365485182}, "lub": 77.19433375585105, "hlb": 403.75484916919396}, "realism": {"carbs_high": 532, "carbs_low": 301, "low_distance": 0, "high_distance": 82.59999999999997}}