{"safety": {"tir": {"low": 0.411190053285968, "high": 0.8907637655417406}, "lub": 99.88984824320063, "hlb": 367.32540687458646}, "realism": {"carbs_high": 249, "carbs_low": 134, "low_distance": 90.70000000000002, "high_distance": 0}}