{"safety": {"tir": {"low": 0.40940632228218965, "high": 0.6954510408635313}, "lub": 63.07221605244528, "hlb": 349.835426713283}, "realism": {"carbs_high": 532, "carbs_low": 332, "low_distance": 0, "high_distance": 82.59999999999997}}