{"safety": {"tir": {"low": 0.34545454545454546, "high": 0.9079889807162534}, "lub": 144.14287444468158, "hlb": 631.0190500989166}, "realism": {"carbs_high": 566, "carbs_low": 365, "low_distance": 0, "high_distance": 116.59999999999997}}