{"safety": {"tir": {"low": 0.46922741161065035, "high": 0.9349628982976866}, "lub": 100.22997516539918, "hlb": 450.97533992973183}, "realism": {"carbs_high": 599, "carbs_low": 366, "low_distance": 0, "high_distance": 149.59999999999997}}