{"safety": {"tir": {"low": 0.06571087216248507, "high": 1.0}, "lub": 148.62455307348694, "hlb": 562.6055192116999}, "realism": {"carbs_high": 283, "carbs_low": 167, "low_distance": 57.70000000000002, "high_distance": 0}}