{"tir": {"low": 0.3233350279613625, "high": 0.4539908490086426}, "lub": 169.2561056835106, "hlb": 402.93444318537735}