{"tir": {"low": 0.4416403785488959, "high": 0.805993690851735}, "lub": 88.32277487890042, "hlb": 382.53725519324826}