{"safety": {"tir": {"low": 0.8473551637279597, "high": 0.9652392947103274}, "lub": 98.44141439315419, "hlb": 269.7014161210566}, "realism": {"carbs_high": 431, "carbs_low": 232, "low_distance": 0, "high_distance": 0}}