{"safety": {"tir": {"low": 0.6741666666666667, "high": 0.8725}, "lub": 116.39488060268528, "hlb": 373.1131948226814}, "realism": {"carbs_high": 366, "carbs_low": 202, "low_distance": 22.700000000000017, "high_distance": 0}}