{"safety": {"tir": {"low": 0.3978629792583281, "high": 0.8824638592080453}, "lub": 95.07538894915011, "hlb": 378.25518585484764}, "realism": {"carbs_high": 566, "carbs_low": 365, "low_distance": 0, "high_distance": 116.59999999999997}}