{"tir": {"low": 0.3132947976878613, "high": 0.6017341040462427}, "lub": 99.99999999862013, "hlb": 478.5139366011665}