{"tir": {"lb": 0.5270833333333333, "ub": 0.6270833333333333}}