{"tir": {"lb": 0.38073739653875094, "ub": 0.45899172310007524}}