{"safety": {"tir": {"low": 0.3168516649848638, "high": 0.6851664984863775}, "lub": 67.51055309421992, "hlb": 334.0605499089365}, "realism": {"carbs_high": 366, "carbs_low": 202, "low_distance": 22.700000000000017, "high_distance": 0}}