{"safety": {"tir": {"low": 0.4381720430107527, "high": 0.9529569892473119}, "lub": 153.67008562318097, "hlb": 260.0181310405785}, "realism": {"carbs_high": 99, "carbs_low": 34, "low_distance": 190.70000000000002, "high_distance": 0}}