{"safety": {"tir": {"low": 0.17142857142857143, "high": 0.844015444015444}, "lub": 142.13505824194888, "hlb": 409.9165916502891}, "realism": {"carbs_high": 483, "carbs_low": 301, "low_distance": 0, "high_distance": 33.599999999999966}}