{"safety": {"tir": {"low": 0.0, "high": 0.8791666666666667}, "lub": 183.0006961437129, "hlb": 350.0}, "realism": {"carbs_high": 33, "carbs_low": 1, "low_distance": 223.70000000000002, "high_distance": 0}}