{"safety": {"tir": {"low": 0.31637032495401596, "high": 0.7381974248927039}, "lub": 69.32195431617139, "hlb": 519.3581010690768}, "realism": {"carbs_high": 732, "carbs_low": 466, "low_distance": 0, "high_distance": 282.59999999999997}}