{"tir": {"lb": 0.2903055848261328, "ub": 0.4457323498419389}}