{"safety": {"tir": {"low": 0.5743399722093562, "high": 0.8976377952755905}, "lub": 105.89906256216462, "hlb": 379.57802921248367}, "realism": {"carbs_high": 632, "carbs_low": 398, "low_distance": 0, "high_distance": 182.59999999999997}}