{"tir": {"low": 0.7125, "high": 1.0}, "lub": 141.53892628346094, "hlb": 207.1016946787788}