{"safety": {"tir": {"low": 0.8526240115025162, "high": 0.9345794392523364}, "lub": 101.74173558713834, "hlb": 335.34108963700254}, "realism": {"carbs_high": 282, "carbs_low": 166, "low_distance": 58.70000000000002, "high_distance": 0}}