{"tir": {"lb": 0.31718346253229973, "ub": 0.5051679586563308}}