{"safety": {"tir": {"low": 0.5108745950948634, "high": 0.7066173068024063}, "lub": 128.78509894248617, "hlb": 312.4169430397966}, "realism": {"carbs_high": 515, "carbs_low": 299, "low_distance": 0, "high_distance": 65.59999999999997}}