{"safety": {"tir": {"low": 0.6892307692307692, "high": 1.0}, "lub": 143.40708978398342, "hlb": 197.275239656971}, "realism": {"carbs_high": 66, "carbs_low": 2, "low_distance": 222.70000000000002, "high_distance": 0}}