{"safety": {"tir": {"low": 0.47703375760929717, "high": 0.8456004427227449}, "lub": 93.52197798920525, "hlb": 306.67213804660355}, "realism": {"carbs_high": 550, "carbs_low": 364, "low_distance": 0, "high_distance": 100.59999999999997}}