{"safety": {"tir": {"low": 0.5324357405140759, "high": 0.8115055079559363}, "lub": 99.41110661393745, "hlb": 381.9650830931418}, "realism": {"carbs_high": 516, "carbs_low": 333, "low_distance": 0, "high_distance": 66.59999999999997}}