{"safety": {"tir": {"low": 0.3684210526315789, "high": 0.9080177078209543}, "lub": 87.47613338351266, "hlb": 595.883632702607}, "realism": {"carbs_high": 716, "carbs_low": 465, "low_distance": 0, "high_distance": 266.59999999999997}}