{"tir": {"low": 0.41009463722397477, "high": 0.5615141955835962}, "lub": 172.0681777574058, "hlb": 396.1681131900274}