{"tir": {"low": 0.6212676794133054, "high": 0.8030382399161865}, "lub": 67.58853187030088, "hlb": 350.0}