{"tir": {"low": 0.50625, "high": 0.6395833333333333}, "lub": 170.82504467576263, "hlb": 326.265547787171}