{"tir": {"lb": 0.22066326530612246, "ub": 0.5006377551020408}}