{"tir": {"lb": 0.27320261437908494, "ub": 0.5660130718954248}}