{"safety": {"tir": {"low": 0.738191632928475, "high": 1.0}, "lub": 137.02143041472917, "hlb": 244.49556288574743}, "realism": {"carbs_high": 99, "carbs_low": 34, "low_distance": 190.70000000000002, "high_distance": 0}}