{"tir": {"lb": 0.2837920489296636, "ub": 0.5712538226299694}}