{"safety": {"tir": {"low": 0.6219512195121951, "high": 0.8719512195121951}, "lub": 120.50346484171571, "hlb": 404.43395237254657}, "realism": {"carbs_high": 481, "carbs_low": 266, "low_distance": 0, "high_distance": 31.599999999999966}}