{"safety": {"tir": {"low": 0.35625, "high": 1.0}, "lub": 99.56283278482829, "hlb": 243.599630482775}, "realism": {"carbs_high": 100, "carbs_low": 66, "low_distance": 158.70000000000002, "high_distance": 0}}