{"safety": {"tir": {"low": 0.7374461979913917, "high": 0.8493543758967002}, "lub": 126.23280981133927, "hlb": 376.9334448443796}, "realism": {"carbs_high": 183, "carbs_low": 101, "low_distance": 123.70000000000002, "high_distance": 0}}