{"safety": {"tir": {"low": 0.6583333333333333, "high": 0.8083333333333333}, "lub": 100.0, "hlb": 335.16228489561433}, "realism": {"carbs_high": 150, "carbs_low": 100, "low_distance": 124.70000000000002, "high_distance": 0}}