{"tir": {"low": 0.0, "high": 1.0}, "lub": 99.88985364560708, "hlb": 220.15627159770295}