{"safety": {"tir": {"low": 0.4268292682926829, "high": 0.7953929539295393}, "lub": 82.08697034613327, "hlb": 350.0}, "realism": {"carbs_high": 133, "carbs_low": 67, "low_distance": 157.70000000000002, "high_distance": 0}}