{"tir": {"lb": 0.5301085883514314, "ub": 0.596248766041461}}