{"tir": {"lb": 0.04894179894179894, "ub": 0.6851851851851852}}