{"tir": {"low": 0.0, "high": 0.7293640054127198}, "lub": 99.88985364560708, "hlb": 298.448777299255}