{"safety": {"tir": {"low": 0.2198364008179959, "high": 0.6993865030674846}, "lub": 90.81372721110168, "hlb": 304.09840444287613}, "realism": {"carbs_high": 416, "carbs_low": 234, "low_distance": 0, "high_distance": 0}}