{"tir": {"low": 0.5, "high": 0.5652610441767069}, "lub": 143.68984222060254, "hlb": 419.2969330269135}