{"safety": {"tir": {"low": 0.12851897184822522, "high": 0.7405140758873929}, "lub": 117.53226931683942, "hlb": 379.7414217573135}, "realism": {"carbs_high": 333, "carbs_low": 201, "low_distance": 23.700000000000017, "high_distance": 0}}