{"safety": {"tir": {"low": 0.4808664259927798, "high": 0.5768953068592058}, "lub": 130.46183751582558, "hlb": 350.0}, "realism": {"carbs_high": 232, "carbs_low": 101, "low_distance": 123.70000000000002, "high_distance": 0}}