{"safety": {"tir": {"low": 0.0, "high": 0.0}, "lub": 223.30493368608506, "hlb": 300.0}, "realism": {"carbs_high": 100, "carbs_low": 66, "low_distance": 158.70000000000002, "high_distance": 0}}