{"safety": {"tir": {"low": 0.5533249686323714, "high": 0.8607277289836889}, "lub": 88.97188653054657, "hlb": 333.8086236304155}, "realism": {"carbs_high": 649, "carbs_low": 400, "low_distance": 0, "high_distance": 199.59999999999997}}