{"safety": {"tir": {"low": 0.548082267926626, "high": 0.7415230683713174}, "lub": 99.1086971263683, "hlb": 304.7526850488057}, "realism": {"carbs_high": 349, "carbs_low": 169, "low_distance": 55.70000000000002, "high_distance": 0}}