{"safety": {"tir": {"low": 0.0, "high": 0.9326347305389222}, "lub": 217.57718803712754, "hlb": 454.32640614672573}, "realism": {"carbs_high": 166, "carbs_low": 99, "low_distance": 125.70000000000002, "high_distance": 0}}