{"safety": {"tir": {"low": 0.33020076890217853, "high": 0.6843229389149936}, "lub": 130.07081995943628, "hlb": 518.9513795497646}, "realism": {"carbs_high": 481, "carbs_low": 266, "low_distance": 0, "high_distance": 31.599999999999966}}