{"tir": {"lb": 0.2722355769230769, "ub": 0.5402644230769231}}