{"safety": {"tir": {"low": 0.3136058572300183, "high": 0.8523489932885906}, "lub": 72.45397040210754, "hlb": 360.884000369308}, "realism": {"carbs_high": 583, "carbs_low": 367, "low_distance": 0, "high_distance": 133.59999999999997}}