{"safety": {"tir": {"low": 0.35406360424028266, "high": 0.8614840989399293}, "lub": 69.15894062971103, "hlb": 350.0}, "realism": {"carbs_high": 382, "carbs_low": 232, "low_distance": 0, "high_distance": 0}}