{"tir": {"lb": 0.5316666666666666, "ub": 0.6433333333333333}}