{"safety": {"tir": {"low": 0.46638655462184875, "high": 1.0}, "lub": 143.0619338986327, "hlb": 220.4645742666591}, "realism": {"carbs_high": 66, "carbs_low": 2, "low_distance": 222.70000000000002, "high_distance": 0}}