{"safety": {"tir": {"low": 0.6021680216802168, "high": 0.7414634146341463}, "lub": 53.63059936114566, "hlb": 451.2217409197414}, "realism": {"carbs_high": 466, "carbs_low": 268, "low_distance": 0, "high_distance": 16.599999999999966}}