{"tir": {"lb": 0.14457831325301204, "ub": 0.25817555938037867}}