{"tir": {"low": 0.7, "high": 0.8765217391304347}, "lub": 90.94612525048619, "hlb": 432.8889495530695}