{"safety": {"tir": {"low": 0.16666666666666666, "high": 1.0}, "lub": 99.56283278482826, "hlb": 110.74554583654013}, "realism": {"carbs_high": 382, "carbs_low": 201, "low_distance": 23.700000000000017, "high_distance": 67.40000000000003}}