{"safety": {"tir": {"low": 1.0, "high": 1.0}, "lub": 144.81036650334184, "hlb": 171.04228294288552}, "realism": {"carbs_high": 33, "carbs_low": 1, "low_distance": 223.70000000000002, "high_distance": 0}}