{"safety": {"tir": {"low": 0.58098223615465, "high": 0.9571577847439916}, "lub": 126.82330832596638, "hlb": 250.0}, "realism": {"carbs_high": 198, "carbs_low": 68, "low_distance": 156.70000000000002, "high_distance": 0}}