{"safety": {"tir": {"low": 0.715203426124197, "high": 1.0}, "lub": 99.88984827947611, "hlb": 231.302443264333}, "realism": {"carbs_high": 99, "carbs_low": 34, "low_distance": 190.70000000000002, "high_distance": 0}}