{"safety": {"tir": {"low": 0.6540124939932724, "high": 0.8495915425276309}, "lub": 118.6479970726923, "hlb": 382.89097555707275}, "realism": {"carbs_high": 432, "carbs_low": 235, "low_distance": 0, "high_distance": 0}}