{"tir": {"low": 0.2531356898517674, "high": 0.7137970353477765}, "lub": 99.99999999862013, "hlb": 344.58699162734985}