{"safety": {"tir": {"low": 0.1451831750339213, "high": 0.8100407055630936}, "lub": 119.78041878235993, "hlb": 403.75484916919396}, "realism": {"carbs_high": 250, "carbs_low": 166, "low_distance": 58.70000000000002, "high_distance": 0}}