{"safety": {"tir": {"low": 0.6139380530973452, "high": 0.8915929203539823}, "lub": 81.96304854126038, "hlb": 306.89892909116475}, "realism": {"carbs_high": 99, "carbs_low": 34, "low_distance": 190.70000000000002, "high_distance": 0}}