{"tir": {"lb": 0.4979166666666667, "ub": 0.5958333333333333}}