{"safety": {"tir": {"low": 0.3690062543432939, "high": 0.9270326615705351}, "lub": 81.77238979699766, "hlb": 326.1161536058152}, "realism": {"carbs_high": 332, "carbs_low": 167, "low_distance": 57.70000000000002, "high_distance": 0}}