{"safety": {"tir": {"low": 0.450920245398773, "high": 1.0}, "lub": 116.37687975936947, "hlb": 233.45563226716507}, "realism": {"carbs_high": 99, "carbs_low": 34, "low_distance": 190.70000000000002, "high_distance": 0}}