{"tir": {"lb": 0.43185078909612623, "ub": 0.4720229555236729}}