{"tir": {"low": 0.3506787330316742, "high": 0.7307692307692307}, "lub": 164.1510971918328, "hlb": 428.6588418872007}