{"tir": {"lb": 0.23006310958118187, "ub": 0.5117613310384395}}