{"safety": {"tir": {"low": 0.33541666666666664, "high": 1.0}, "lub": 99.56283405785281, "hlb": 254.59539997323498}, "realism": {"carbs_high": 100, "carbs_low": 66, "low_distance": 158.70000000000002, "high_distance": 0}}