{"safety": {"tir": {"low": 0.0, "high": 0.0}, "lub": 340.0084485670077, "hlb": 378.1317886483806}, "realism": {"carbs_high": 166, "carbs_low": 99, "low_distance": 125.70000000000002, "high_distance": 283.40000000000003}}