{"safety": {"tir": {"low": 0.5388198757763976, "high": 0.7212732919254659}, "lub": 68.62595324141908, "hlb": 404.0931814067743}, "realism": {"carbs_high": 499, "carbs_low": 300, "low_distance": 0, "high_distance": 49.599999999999966}}