{"safety": {"tir": {"low": 0.8082964156262585, "high": 0.914619412001611}, "lub": 100.0, "hlb": 345.56706337961714}, "realism": {"carbs_high": 565, "carbs_low": 333, "low_distance": 0, "high_distance": 115.59999999999997}}