{"tir": {"low": 0.2893081761006289, "high": 0.684748427672956}, "lub": 133.60622116971464, "hlb": 448.9779523834052}