{"safety": {"tir": {"low": 0.664179104477612, "high": 0.9755389718076285}, "lub": 118.82002426936188, "hlb": 350.0}, "realism": {"carbs_high": 364, "carbs_low": 198, "low_distance": 26.700000000000017, "high_distance": 0}}