{"safety": {"tir": {"low": 0.5667613636363636, "high": 0.8643465909090909}, "lub": 99.88984820920275, "hlb": 336.05977160560957}, "realism": {"carbs_high": 416, "carbs_low": 234, "low_distance": 0, "high_distance": 0}}