{"safety": {"tir": {"low": 0.42998027613412226, "high": 0.8402366863905325}, "lub": 88.315486980192, "hlb": 401.0141882274253}, "realism": {"carbs_high": 466, "carbs_low": 268, "low_distance": 0, "high_distance": 16.599999999999966}}