{"safety": {"tir": {"low": 0.7504383401519579, "high": 0.8877849210987726}, "lub": 108.95921735697844, "hlb": 281.946872367644}, "realism": {"carbs_high": 265, "carbs_low": 133, "low_distance": 91.70000000000002, "high_distance": 0}}