{"tir": {"low": 0.7301736274049742, "high": 0.8803378695448146}, "lub": 80.77244061659782, "hlb": 320.33510855119135}