{"tir": {"low": 0.18584703359542531, "high": 0.6583273766976412}, "lub": 99.88985364560706, "hlb": 338.48425101385044}