{"tir": {"low": 0.08143547273982056, "high": 0.6176673567977916}, "lub": 149.99999999862013, "hlb": 382.8654638855909}