{"tir": {"low": 0.3431115767417496, "high": 0.5945521215295967}, "lub": 149.32816760724978, "hlb": 416.7194271257325}