{"safety": {"tir": {"low": 0.6623316302833256, "high": 0.9600557361820715}, "lub": 96.6526047933522, "hlb": 282.70324893264683}, "realism": {"carbs_high": 431, "carbs_low": 232, "low_distance": 0, "high_distance": 0}}