{"safety": {"tir": {"low": 0.24583333333333332, "high": 0.7083333333333334}, "lub": 89.23433857397787, "hlb": 403.75484916919396}, "realism": {"carbs_high": 150, "carbs_low": 100, "low_distance": 124.70000000000002, "high_distance": 0}}