{"tir": {"low": 0.3452914798206278, "high": 0.5097159940209267}, "lub": 100.0, "hlb": 409.0828372940786}