{"safety": {"tir": {"low": 0.7105075053609721, "high": 0.8899213724088635}, "lub": 99.99999999862013, "hlb": 284.1859330929126}, "realism": {"carbs_high": 266, "carbs_low": 165, "low_distance": 59.70000000000002, "high_distance": 0}}