{"safety": {"tir": {"low": 0.35424764019988897, "high": 0.8456413103831205}, "lub": 116.85338928068725, "hlb": 414.7549024597357}, "realism": {"carbs_high": 716, "carbs_low": 465, "low_distance": 0, "high_distance": 266.59999999999997}}