{"safety": {"tir": {"low": 0.20963855421686747, "high": 0.8886746987951807}, "lub": 74.91051420197878, "hlb": 469.98306454682256}, "realism": {"carbs_high": 499, "carbs_low": 269, "low_distance": 0, "high_distance": 49.599999999999966}}