{"safety": {"tir": {"low": 0.7517241379310344, "high": 0.9195402298850575}, "lub": 99.4110654856282, "hlb": 371.8117165478707}, "realism": {"carbs_high": 348, "carbs_low": 199, "low_distance": 25.700000000000017, "high_distance": 0}}