{"tir": {"low": 0.3065159574468085, "high": 0.5079787234042553}, "lub": 99.88985364560708, "hlb": 411.41766048444765}