{"safety": {"tir": {"low": 0.43370165745856354, "high": 0.7831491712707183}, "lub": 88.91275775481799, "hlb": 378.6087065913734}, "realism": {"carbs_high": 300, "carbs_low": 200, "low_distance": 24.700000000000017, "high_distance": 0}}