{"safety": {"tir": {"low": 0.2850092535471931, "high": 0.9123997532387416}, "lub": 99.41110661393745, "hlb": 417.37876037611284}, "realism": {"carbs_high": 315, "carbs_low": 167, "low_distance": 57.70000000000002, "high_distance": 0}}