{"safety": {"tir": {"low": 0.6280487804878049, "high": 0.7353658536585366}, "lub": 120.99268511268372, "hlb": 451.7234632352265}, "realism": {"carbs_high": 250, "carbs_low": 166, "low_distance": 58.70000000000002, "high_distance": 0}}