{"safety": {"tir": {"low": 0.45378690629011553, "high": 0.8761232349165597}, "lub": 104.10048766209559, "hlb": 380.537931845128}, "realism": {"carbs_high": 433, "carbs_low": 267, "low_distance": 0, "high_distance": 0}}