{"safety": {"tir": {"low": 0.06990291262135923, "high": 0.7796116504854369}, "lub": 70.96314855118823, "hlb": 494.64147844471665}, "realism": {"carbs_high": 600, "carbs_low": 400, "low_distance": 0, "high_distance": 150.59999999999997}}