{"tir": {"low": 0.7264150943396226, "high": 0.8836477987421384}, "lub": 101.45092206915167, "hlb": 451.48829456642073}