{"safety": {"tir": {"low": 0.5146520146520146, "high": 0.8565323565323565}, "lub": 76.88081480191798, "hlb": 369.00982759336586}, "realism": {"carbs_high": 399, "carbs_low": 234, "low_distance": 0, "high_distance": 50.400000000000034}}