{"safety": {"tir": {"low": 0.35208333333333336, "high": 0.79375}, "lub": 98.39538532179552, "hlb": 306.955839362579}, "realism": {"carbs_high": 66, "carbs_low": 33, "low_distance": 191.70000000000002, "high_distance": 0}}