{"safety": {"tir": {"low": 0.5792188651436994, "high": 0.8305084745762712}, "lub": 73.12790253191567, "hlb": 382.13982345380583}, "realism": {"carbs_high": 449, "carbs_low": 266, "low_distance": 0, "high_distance": 0}}