{"safety": {"tir": {"low": 0.7071823204419889, "high": 1.0}, "lub": 130.55165851540715, "hlb": 244.42449779714465}, "realism": {"carbs_high": 165, "carbs_low": 67, "low_distance": 157.70000000000002, "high_distance": 0}}