{"safety": {"tir": {"low": 0.60967993754879, "high": 0.6889149102263856}, "lub": 98.03051665287464, "hlb": 434.3534948369115}, "realism": {"carbs_high": 599, "carbs_low": 366, "low_distance": 0, "high_distance": 149.59999999999997}}