{"tir": {"lb": 0.3347921225382932, "ub": 0.46316557257476293}}