{"safety": {"tir": {"low": 0.42333654773384766, "high": 0.9185149469623916}, "lub": 77.14382178398414, "hlb": 371.3252520519296}, "realism": {"carbs_high": 582, "carbs_low": 335, "low_distance": 0, "high_distance": 132.59999999999997}}