{"tir": {"lb": 0.21956521739130436, "ub": 0.6601449275362319}}