{"tir": {"low": 0.25217391304347825, "high": 0.5608695652173913}, "lub": 66.8969716351643, "hlb": 404.1146743006204}