{"safety": {"tir": {"low": 0.542654028436019, "high": 0.8751974723538705}, "lub": 91.95958348793253, "hlb": 284.6411538660419}, "realism": {"carbs_high": 333, "carbs_low": 199, "low_distance": 25.700000000000017, "high_distance": 0}}