{"safety": {"tir": {"low": 0.6, "high": 0.81875}, "lub": 113.75805928227433, "hlb": 284.02122789529926}, "realism": {"carbs_high": 100, "carbs_low": 66, "low_distance": 158.70000000000002, "high_distance": 0}}