{"safety": {"tir": {"low": 0.7179347826086957, "high": 0.8961956521739131}, "lub": 77.77731316544865, "hlb": 317.7591956673833}, "realism": {"carbs_high": 414, "carbs_low": 232, "low_distance": 0, "high_distance": 0}}