{"tir": {"low": 0.22432932469935246, "high": 0.7275670675300647}, "lub": 164.35811486193185, "hlb": 318.664604124335}