{"tir": {"low": 0.5499207606973059, "high": 0.8573692551505546}, "lub": 77.10425088617181, "hlb": 382.53725519324826}