{"tir": {"lb": 0.13272010512483573, "ub": 0.7279894875164258}}