{"tir": {"low": 0.510148849797023, "high": 1.0}, "lub": 99.88984824603153, "hlb": 250.68874357172024}