{"safety": {"tir": {"low": 0.2278773857721226, "high": 0.9606709080393291}, "lub": 165.69887503561995, "hlb": 462.85821206693254}, "realism": {"carbs_high": 332, "carbs_low": 167, "low_distance": 57.70000000000002, "high_distance": 0}}