{"safety": {"tir": {"low": 0.7558139534883721, "high": 0.838501291989664}, "lub": 124.02689408045022, "hlb": 382.89097555707275}, "realism": {"carbs_high": 216, "carbs_low": 133, "low_distance": 91.70000000000002, "high_distance": 0}}