{"tir": {"low": 0.7873254564983888, "high": 0.9291084854994629}, "lub": 92.73282619691702, "hlb": 300.0}