{"safety": {"tir": {"low": 0.46543535620052773, "high": 0.754089709762533}, "lub": 48.97358608946938, "hlb": 434.6357543896203}, "realism": {"carbs_high": 549, "carbs_low": 303, "low_distance": 0, "high_distance": 99.59999999999997}}