{"tir": {"low": 0.24607329842931938, "high": 0.6099476439790575}, "lub": 99.99999999862013, "hlb": 447.8157096685435}