{"safety": {"tir": {"low": 0.36666666666666664, "high": 1.0}, "lub": 149.80010117539862, "hlb": 242.70416767124652}, "realism": 299}