{"tir": {"low": 0.15711094564408043, "high": 0.530156366344006}, "lub": 149.45464098576886, "hlb": 339.8137047055164}