{"safety": {"tir": {"low": 0.534516765285996, "high": 0.7554240631163708}, "lub": 61.39017928084769, "hlb": 350.0}, "realism": {"carbs_high": 99, "carbs_low": 34, "low_distance": 190.70000000000002, "high_distance": 0}}