{"safety": {"tir": {"low": 0.5126234906695939, "high": 0.8079034028540066}, "lub": 109.60632255673336, "hlb": 268.7362884830842}, "realism": {"carbs_high": 232, "carbs_low": 132, "low_distance": 92.70000000000002, "high_distance": 0}}