{"tir": {"low": 0.0332409972299169, "high": 0.5969529085872576}, "lub": 179.94581259884893, "hlb": 484.23508694485537}