{"tir": {"low": 0.3007518796992481, "high": 0.45864661654135336}, "lub": 99.88985364560708, "hlb": 404.47866799498445}