{"safety": {"tir": {"low": 0.4528023598820059, "high": 0.9122418879056047}, "lub": 135.40469672571464, "hlb": 442.33230673370736}, "realism": {"carbs_high": 366, "carbs_low": 233, "low_distance": 0, "high_distance": 0}}